Build started 06/01/2025 06:53:51.
Logging verbosity is set to: Detailed.     0>Process = "/usr/lib/dotnet/dotnet"
       MSBuild executable path = "/usr/lib/dotnet/sdk/8.0.116/MSBuild.dll"
       Command line arguments = "/usr/lib/dotnet/sdk/8.0.116/MSBuild.dll -maxcpucount -verbosity:m -restore -consoleloggerparameters:Summary /flp:logfile=build_errors_after_script.log;verbosity=detailed"
       Current directory = "/app/Prism.StoreApps"
       MSBuild version = "17.8.27+3ab07f0cf"
       Assembly loaded during Evaluation: System.Diagnostics.FileVersionInfo, Version=8.0.0.0, Culture=neutral, PublicKeyToken=b03f5f7f11d50a3a (location: /usr/lib/dotnet/shared/Microsoft.NETCore.App/8.0.16/System.Diagnostics.FileVersionInfo.dll, MVID: 5c084fbf-dca4-4526-8f54-f247e722012a, AppDomain: [Default])
       Assembly loaded during Evaluation: System.Reflection.Metadata, Version=8.0.0.0, Culture=neutral, PublicKeyToken=b03f5f7f11d50a3a (location: /usr/lib/dotnet/shared/Microsoft.NETCore.App/8.0.16/System.Reflection.Metadata.dll, MVID: ad31a6a9-fb08-41f4-b5ba-9f2e01501e3a, AppDomain: [Default])
       Assembly loaded during Evaluation: System.Collections.Immutable, Version=8.0.0.0, Culture=neutral, PublicKeyToken=b03f5f7f11d50a3a (location: /usr/lib/dotnet/shared/Microsoft.NETCore.App/8.0.16/System.Collections.Immutable.dll, MVID: 763e91d4-2487-46c6-a81c-edc64e14a609, AppDomain: [Default])
       Assembly loaded during Evaluation: System.IO.MemoryMappedFiles, Version=8.0.0.0, Culture=neutral, PublicKeyToken=b03f5f7f11d50a3a (location: /usr/lib/dotnet/shared/Microsoft.NETCore.App/8.0.16/System.IO.MemoryMappedFiles.dll, MVID: 5fa19d73-eace-46d3-8baa-f8e5844c935b, AppDomain: [Default])
       Assembly loaded during Evaluation: System.Runtime.Loader, Version=8.0.0.0, Culture=neutral, PublicKeyToken=b03f5f7f11d50a3a (location: /usr/lib/dotnet/shared/Microsoft.NETCore.App/8.0.16/System.Runtime.Loader.dll, MVID: a76fbd88-15ff-4ace-aca7-84e7172c2a93, AppDomain: [Default])
       Assembly loaded during Evaluation: Microsoft.NET.Sdk.WorkloadMSBuildSdkResolver, Version=8.0.116.0, Culture=neutral, PublicKeyToken=31bf3856ad364e35 (location: /usr/lib/dotnet/sdk/8.0.116/Microsoft.NET.Sdk.WorkloadMSBuildSdkResolver.dll, MVID: 0b7d27d8-edc5-4a0a-b4b4-40f1b512c733, AppDomain: [Default])
       Assembly loaded during Evaluation: Microsoft.Build.NuGetSdkResolver, Version=6.8.1.32767, Culture=neutral, PublicKeyToken=31bf3856ad364e35 (location: /usr/lib/dotnet/sdk/8.0.116/Microsoft.Build.NuGetSdkResolver.dll, MVID: a9a94199-8188-4212-986a-e3e88a5c7b4f, AppDomain: [Default])
       Resolving SDK 'Microsoft.NET.Sdk'...
       Assembly loaded during Evaluation: Microsoft.DotNet.Cli.Utils, Version=8.0.116.0, Culture=neutral, PublicKeyToken=adb9793829ddae60 (location: /usr/lib/dotnet/sdk/8.0.116/Microsoft.DotNet.Cli.Utils.dll, MVID: 9c200965-0e3a-432e-bcb7-da815cc74202, AppDomain: [Default])
       Assembly loaded during Evaluation: Microsoft.NET.Sdk.WorkloadManifestReader, Version=8.0.116.0, Culture=neutral, PublicKeyToken=adb9793829ddae60 (location: /usr/lib/dotnet/sdk/8.0.116/Microsoft.NET.Sdk.WorkloadManifestReader.dll, MVID: c5f5e87c-c536-4581-bf5e-381b29139530, AppDomain: [Default])
       Assembly loaded during Evaluation: Microsoft.Deployment.DotNet.Releases, Version=2.0.0.0, Culture=neutral, PublicKeyToken=31bf3856ad364e35 (location: /usr/lib/dotnet/sdk/8.0.116/Microsoft.Deployment.DotNet.Releases.dll, MVID: 2ba73596-c19b-460b-854f-c8cb1ff04ebf, AppDomain: [Default])
       Assembly loaded during Evaluation: NuGet.Common, Version=6.8.1.32767, Culture=neutral, PublicKeyToken=31bf3856ad364e35 (location: /usr/lib/dotnet/sdk/8.0.116/NuGet.Common.dll, MVID: 9c0c3485-ff9a-4b4c-b84d-46a66fdb1ccc, AppDomain: [Default])
       Assembly loaded during Evaluation: Microsoft.NET.StringTools, Version=1.0.0.0, Culture=neutral, PublicKeyToken=b03f5f7f11d50a3a (location: /usr/lib/dotnet/sdk/8.0.116/Microsoft.NET.StringTools.dll, MVID: 538f13ea-d05e-4cb9-9c80-fcb61c67fed5, AppDomain: [Default])
       Property reassignment: $(ImportDirectoryBuildProps)="false" (previous value: "true") at /usr/lib/dotnet/sdk/8.0.116/Sdks/Microsoft.NET.Sdk/Sdk/Sdk.props (57,5)
       Property 'MSBuildExtensionsPath' with value '/usr/lib/dotnet/sdk/8.0.116/' expanded from the environment.
       Property reassignment: $(MSBuildProjectExtensionsPath)="/app/Prism.StoreApps/obj/" (previous value: "obj/") at /usr/lib/dotnet/sdk/8.0.116/Current/Microsoft.Common.props (60,5)
       Assembly loaded during Evaluation: System.Threading.Tasks.Parallel, Version=8.0.0.0, Culture=neutral, PublicKeyToken=b03f5f7f11d50a3a (location: /usr/lib/dotnet/shared/Microsoft.NETCore.App/8.0.16/System.Threading.Tasks.Parallel.dll, MVID: 06bb5542-b366-4373-9737-118bd914972d, AppDomain: [Default])
       Property reassignment: $(AssemblySearchPaths)="{CandidateAssemblyFiles};{HintPathFromItem}" (previous value: "{CandidateAssemblyFiles}") at /usr/lib/dotnet/sdk/8.0.116/Sdks/Microsoft.NET.Sdk/targets/Microsoft.NET.Sdk.props (91,5)
       Property reassignment: $(AssemblySearchPaths)="{CandidateAssemblyFiles};{HintPathFromItem};{TargetFrameworkDirectory}" (previous value: "{CandidateAssemblyFiles};{HintPathFromItem}") at /usr/lib/dotnet/sdk/8.0.116/Sdks/Microsoft.NET.Sdk/targets/Microsoft.NET.Sdk.props (92,5)
       Property reassignment: $(AssemblySearchPaths)="{CandidateAssemblyFiles};{HintPathFromItem};{TargetFrameworkDirectory};{RawFileName}" (previous value: "{CandidateAssemblyFiles};{HintPathFromItem};{TargetFrameworkDirectory}") at /usr/lib/dotnet/sdk/8.0.116/Sdks/Microsoft.NET.Sdk/targets/Microsoft.NET.Sdk.props (93,5)
       Resolving SDK 'Microsoft.NET.SDK.WorkloadAutoImportPropsLocator'...
       Property reassignment: $(TargetsForTfmSpecificContentInPackage)=";PackTool;_PackProjectToolValidation" (previous value: ";PackTool") at /usr/lib/dotnet/sdk/8.0.116/Sdks/Microsoft.NET.Sdk/targets/Microsoft.NET.PackProjectTool.props (15,5)
       Property reassignment: $(PublishProfileImported)="false" (previous value: "true") at /usr/lib/dotnet/sdk/8.0.116/Sdks/Microsoft.NET.Sdk/targets/Microsoft.NET.Sdk.ImportPublishProfile.targets (28,5)
       Assembly loaded during Evaluation: Microsoft.Win32.Registry, Version=8.0.0.0, Culture=neutral, PublicKeyToken=b03f5f7f11d50a3a (location: /usr/lib/dotnet/shared/Microsoft.NETCore.App/8.0.16/Microsoft.Win32.Registry.dll, MVID: 55c3f5f1-ca5b-4883-a637-aa481a48d4af, AppDomain: [Default])
       Assembly loaded during Evaluation: NuGet.Frameworks, Version=6.8.1.32767, Culture=neutral, PublicKeyToken=31bf3856ad364e35 (location: /usr/lib/dotnet/sdk/8.0.116/NuGet.Frameworks.dll, MVID: 3093ae85-e45c-4c43-a0f4-c7f88c735812, AppDomain: [Default])
       Property reassignment: $(TargetPlatformVersion)="" (previous value: "0.0") at /usr/lib/dotnet/sdk/8.0.116/Sdks/Microsoft.NET.Sdk/targets/Microsoft.NET.TargetFrameworkInference.targets (69,5)
       Property reassignment: $(DefaultItemExcludes)=";bin/Debug//**;obj/Debug//**" (previous value: ";bin/Debug//**") at /usr/lib/dotnet/sdk/8.0.116/Sdks/Microsoft.NET.Sdk/targets/Microsoft.NET.DefaultOutputPaths.targets (122,5)
       Property reassignment: $(OutputPath)="bin/Debug/net8.0/" (previous value: "bin/Debug/") at /usr/lib/dotnet/sdk/8.0.116/Sdks/Microsoft.NET.Sdk/targets/Microsoft.NET.DefaultOutputPaths.targets (137,5)
       Property reassignment: $(IntermediateOutputPath)="obj/Debug/net8.0/" (previous value: "obj/Debug/") at /usr/lib/dotnet/sdk/8.0.116/Sdks/Microsoft.NET.Sdk/targets/Microsoft.NET.DefaultOutputPaths.targets (142,5)
       Resolving SDK 'Microsoft.NET.SDK.WorkloadManifestTargetsLocator'...
       Property reassignment: $(_FrameworkIdentifierForImplicitDefine)="NET" (previous value: "NETCOREAPP") at /usr/lib/dotnet/sdk/8.0.116/Sdks/Microsoft.NET.Sdk/targets/Microsoft.NET.Sdk.BeforeCommon.targets (187,5)
       Property reassignment: $(_FrameworkVersionForImplicitDefine)="8_0" (previous value: "8.0") at /usr/lib/dotnet/sdk/8.0.116/Sdks/Microsoft.NET.Sdk/targets/Microsoft.NET.Sdk.BeforeCommon.targets (192,5)
       Property reassignment: $(CommandLineArgsForDesignTimeEvaluation)="-langversion:12.0 -define:TRACE" (previous value: "-langversion:12.0") at /usr/lib/dotnet/sdk/8.0.116/Roslyn/Microsoft.CSharp.Core.targets (197,5)
       Assembly loaded during Evaluation: Microsoft.Build.Utilities.Core, Version=15.1.0.0, Culture=neutral, PublicKeyToken=b03f5f7f11d50a3a (location: /usr/lib/dotnet/sdk/8.0.116/Microsoft.Build.Utilities.Core.dll, MVID: 1492c23a-c29f-4105-97a3-ec0e73aadb78, AppDomain: [Default])
       Property reassignment: $(_DebugSymbolsProduced)="true" (previous value: "false") at /usr/lib/dotnet/sdk/8.0.116/Microsoft.Common.CurrentVersion.targets (175,5)
       Property reassignment: $(_DocumentationFileProduced)="false" (previous value: "true") at /usr/lib/dotnet/sdk/8.0.116/Microsoft.Common.CurrentVersion.targets (185,5)
       Property reassignment: $(ProcessorArchitecture)="msil" (previous value: "") at /usr/lib/dotnet/sdk/8.0.116/Microsoft.Common.CurrentVersion.targets (529,5)
       Property reassignment: $(DelaySign)="" (previous value: "false") at /usr/lib/dotnet/sdk/8.0.116/Microsoft.Common.CurrentVersion.targets (568,5)
       Property 'LocalAppData' with value '/home/swebot/.local/share' expanded from the environment.
       Property reassignment: $(_SGenGenerateSerializationAssembliesConfig)="Auto" (previous value: "") at /usr/lib/dotnet/sdk/8.0.116/Microsoft.Common.CurrentVersion.targets (3824,5)
       Property reassignment: $(_SGenGenerateSerializationAssembliesConfig)="Off" (previous value: "Auto") at /usr/lib/dotnet/sdk/8.0.116/Microsoft.Common.CurrentVersion.targets (3825,5)
       Property reassignment: $(_TargetsThatPrepareProjectReferences)="
             AssignProjectConfiguration;
             _SplitProjectReferencesByFileExistence
           " (previous value: "_SplitProjectReferencesByFileExistence") at /usr/lib/dotnet/sdk/8.0.116/Microsoft.Common.CurrentVersion.targets (4976,5)
       Property 'MSBuildExtensionsPath32' with value '/usr/lib/dotnet/sdk/8.0.116' expanded from the environment.
       Property reassignment: $(ProjectAssetsFile)="/app/Prism.StoreApps/obj/project.assets.json" (previous value: "/app/Prism.StoreApps/obj//project.assets.json") at /usr/lib/dotnet/sdk/8.0.116/Sdks/Microsoft.NET.Sdk/targets/Microsoft.PackageDependencyResolution.targets (24,5)
       Property reassignment: $(ProjectAssetsCacheFile)="/app/Prism.StoreApps/obj/Debug/net8.0/Microsoft.Practices.Prism.StoreApps.assets.cache" (previous value: "obj/Debug/net8.0/Microsoft.Practices.Prism.StoreApps.assets.cache") at /usr/lib/dotnet/sdk/8.0.116/Sdks/Microsoft.NET.Sdk/targets/Microsoft.PackageDependencyResolution.targets (29,5)
       Property reassignment: $(ResolveAssemblyReferencesDependsOn)="

             ResolveProjectReferences;
             FindInvalidProjectReferences;
             GetFrameworkPaths;
             GetReferenceAssemblyPaths;
             PrepareForBuild;
             ResolveSDKReferences;
             ExpandSDKReferences;
           ;
             ResolvePackageDependenciesForBuild;
             _HandlePackageFileConflicts;
           " (previous value: "
             ResolveProjectReferences;
             FindInvalidProjectReferences;
             GetFrameworkPaths;
             GetReferenceAssemblyPaths;
             PrepareForBuild;
             ResolveSDKReferences;
             ExpandSDKReferences;
           ") at /usr/lib/dotnet/sdk/8.0.116/Sdks/Microsoft.NET.Sdk/targets/Microsoft.PackageDependencyResolution.targets (80,5)
       Property reassignment: $(PrepareResourcesDependsOn)="
             ResolvePackageDependenciesForBuild;
             _HandlePackageFileConflicts;

             ;
             PrepareResourceNames;
             ResGen;
             CompileLicxFiles

           " (previous value: "
             ;
             PrepareResourceNames;
             ResGen;
             CompileLicxFiles
           ") at /usr/lib/dotnet/sdk/8.0.116/Sdks/Microsoft.NET.Sdk/targets/Microsoft.PackageDependencyResolution.targets (86,5)
       Property reassignment: $(DefaultItemExcludes)=";bin/Debug//**;obj/Debug//**;bin//**" (previous value: ";bin/Debug//**;obj/Debug//**") at /usr/lib/dotnet/sdk/8.0.116/Sdks/Microsoft.NET.Sdk/targets/Microsoft.NET.Sdk.DefaultItems.targets (27,5)
       Property reassignment: $(DefaultItemExcludes)=";bin/Debug//**;obj/Debug//**;bin//**;obj//**" (previous value: ";bin/Debug//**;obj/Debug//**;bin//**") at /usr/lib/dotnet/sdk/8.0.116/Sdks/Microsoft.NET.Sdk/targets/Microsoft.NET.Sdk.DefaultItems.targets (29,5)
       Property reassignment: $(DefaultItemExcludes)=";bin/Debug//**;obj/Debug//**;bin//**;obj//**;**/*.user" (previous value: ";bin/Debug//**;obj/Debug//**;bin//**;obj//**") at /usr/lib/dotnet/sdk/8.0.116/Sdks/Microsoft.NET.Sdk/targets/Microsoft.NET.Sdk.DefaultItems.targets (32,5)
       Property reassignment: $(DefaultItemExcludes)=";bin/Debug//**;obj/Debug//**;bin//**;obj//**;**/*.user;**/*.*proj" (previous value: ";bin/Debug//**;obj/Debug//**;bin//**;obj//**;**/*.user") at /usr/lib/dotnet/sdk/8.0.116/Sdks/Microsoft.NET.Sdk/targets/Microsoft.NET.Sdk.DefaultItems.targets (33,5)
       Property reassignment: $(DefaultItemExcludes)=";bin/Debug//**;obj/Debug//**;bin//**;obj//**;**/*.user;**/*.*proj;**/*.sln" (previous value: ";bin/Debug//**;obj/Debug//**;bin//**;obj//**;**/*.user;**/*.*proj") at /usr/lib/dotnet/sdk/8.0.116/Sdks/Microsoft.NET.Sdk/targets/Microsoft.NET.Sdk.DefaultItems.targets (34,5)
       Property reassignment: $(DefaultItemExcludes)=";bin/Debug//**;obj/Debug//**;bin//**;obj//**;**/*.user;**/*.*proj;**/*.sln;**/*.vssscc" (previous value: ";bin/Debug//**;obj/Debug//**;bin//**;obj//**;**/*.user;**/*.*proj;**/*.sln") at /usr/lib/dotnet/sdk/8.0.116/Sdks/Microsoft.NET.Sdk/targets/Microsoft.NET.Sdk.DefaultItems.targets (35,5)
       Property reassignment: $(DefaultItemExcludes)=";bin/Debug//**;obj/Debug//**;bin//**;obj//**;**/*.user;**/*.*proj;**/*.sln;**/*.vssscc;**/.DS_Store" (previous value: ";bin/Debug//**;obj/Debug//**;bin//**;obj//**;**/*.user;**/*.*proj;**/*.sln;**/*.vssscc") at /usr/lib/dotnet/sdk/8.0.116/Sdks/Microsoft.NET.Sdk/targets/Microsoft.NET.Sdk.DefaultItems.targets (36,5)
       Property reassignment: $(ResolveAssemblyReferencesDependsOn)="


             ResolveProjectReferences;
             FindInvalidProjectReferences;
             GetFrameworkPaths;
             GetReferenceAssemblyPaths;
             PrepareForBuild;
             ResolveSDKReferences;
             ExpandSDKReferences;
           ;
             ResolvePackageDependenciesForBuild;
             _HandlePackageFileConflicts;
           ;
             ResolveTargetingPackAssets;
           " (previous value: "

             ResolveProjectReferences;
             FindInvalidProjectReferences;
             GetFrameworkPaths;
             GetReferenceAssemblyPaths;
             PrepareForBuild;
             ResolveSDKReferences;
             ExpandSDKReferences;
           ;
             ResolvePackageDependenciesForBuild;
             _HandlePackageFileConflicts;
           ") at /usr/lib/dotnet/sdk/8.0.116/Sdks/Microsoft.NET.Sdk/targets/Microsoft.NET.Sdk.FrameworkReferenceResolution.targets (14,5)
       Property reassignment: $(_GenerateRuntimeConfigurationPropertyInputsCache)="/app/Prism.StoreApps/obj/Debug/net8.0/Microsoft.Practices.Prism.StoreApps.genruntimeconfig.cache" (previous value: "obj/Debug/net8.0/Microsoft.Practices.Prism.StoreApps.genruntimeconfig.cache") at /usr/lib/dotnet/sdk/8.0.116/Sdks/Microsoft.NET.Sdk/targets/Microsoft.NET.Sdk.targets (44,5)
       Property reassignment: $(_GeneratePublishDependencyFilePropertyInputsCache)="/app/Prism.StoreApps/obj/Debug/net8.0/Microsoft.Practices.Prism.StoreApps.genpublishdeps.cache" (previous value: "obj/Debug/net8.0/Microsoft.Practices.Prism.StoreApps.genpublishdeps.cache") at /usr/lib/dotnet/sdk/8.0.116/Sdks/Microsoft.NET.Sdk/targets/Microsoft.NET.Sdk.targets (46,5)
       Property reassignment: $(_GenerateSingleFileBundlePropertyInputsCache)="/app/Prism.StoreApps/obj/Debug/net8.0/Microsoft.Practices.Prism.StoreApps.genbundle.cache" (previous value: "obj/Debug/net8.0/Microsoft.Practices.Prism.StoreApps.genbundle.cache") at /usr/lib/dotnet/sdk/8.0.116/Sdks/Microsoft.NET.Sdk/targets/Microsoft.NET.Sdk.targets (48,5)
       Property reassignment: $(GenerateRuntimeConfigDevFile)="false" (previous value: "true") at /usr/lib/dotnet/sdk/8.0.116/Sdks/Microsoft.NET.Sdk/targets/Microsoft.NET.Sdk.targets (81,5)
       Property 'HOME' with value '/home/swebot' expanded from the environment.
       Property reassignment: $(_DefaultUserProfileRuntimeStorePath)="/home/swebot/.dotnet/store" (previous value: "/home/swebot") at /usr/lib/dotnet/sdk/8.0.116/Sdks/Microsoft.NET.Sdk/targets/Microsoft.NET.Sdk.targets (98,5)
       Property reassignment: $(AvailablePlatforms)="Any CPU,x86,x64,ARM32" (previous value: "Any CPU,x86,x64") at /usr/lib/dotnet/sdk/8.0.116/Sdks/Microsoft.NET.Sdk/targets/Microsoft.NET.Sdk.targets (136,5)
       Property reassignment: $(AvailablePlatforms)="Any CPU,x86,x64,ARM32,ARM64" (previous value: "Any CPU,x86,x64,ARM32") at /usr/lib/dotnet/sdk/8.0.116/Sdks/Microsoft.NET.Sdk/targets/Microsoft.NET.Sdk.targets (140,5)
       Property reassignment: $(CoreBuildDependsOn)="
             _CheckForBuildWithNoBuild;

             BuildOnlySettings;
             PrepareForBuild;
             PreBuildEvent;
             ResolveReferences;
             PrepareResources;
             ResolveKeySource;
             Compile;
             ExportWindowsMDFile;
             UnmanagedUnregistration;
             GenerateSerializationAssemblies;
             CreateSatelliteAssemblies;
             GenerateManifests;
             GetTargetPath;
             PrepareForRun;
             UnmanagedRegistration;
             IncrementalClean;
             PostBuildEvent
           ;
             GenerateBuildDependencyFile;
             GenerateBuildRuntimeConfigurationFiles
           " (previous value: "
             BuildOnlySettings;
             PrepareForBuild;
             PreBuildEvent;
             ResolveReferences;
             PrepareResources;
             ResolveKeySource;
             Compile;
             ExportWindowsMDFile;
             UnmanagedUnregistration;
             GenerateSerializationAssemblies;
             CreateSatelliteAssemblies;
             GenerateManifests;
             GetTargetPath;
             PrepareForRun;
             UnmanagedRegistration;
             IncrementalClean;
             PostBuildEvent
           ") at /usr/lib/dotnet/sdk/8.0.116/Sdks/Microsoft.NET.Sdk/targets/Microsoft.NET.Sdk.targets (197,5)
       Property reassignment: $(CoreCleanDependsOn)="
             _SdkBeforeClean;

           " (previous value: "") at /usr/lib/dotnet/sdk/8.0.116/Sdks/Microsoft.NET.Sdk/targets/Microsoft.NET.Sdk.targets (206,5)
       Property reassignment: $(RebuildDependsOn)="
             _SdkBeforeRebuild;

             BeforeRebuild;
             Clean;
             Build;
             AfterRebuild;

           " (previous value: "
             BeforeRebuild;
             Clean;
             Build;
             AfterRebuild;
           ") at /usr/lib/dotnet/sdk/8.0.116/Sdks/Microsoft.NET.Sdk/targets/Microsoft.NET.Sdk.targets (213,5)
       Property reassignment: $(CompileDependsOn)="

             ResolveReferences;
             ResolveKeySource;
             SetWin32ManifestProperties;
             FindReferenceAssembliesForReferences;
             _GenerateCompileInputs;
             BeforeCompile;
             _TimeStampBeforeCompile;
             _GenerateCompileDependencyCache;
             CoreCompile;
             _TimeStampAfterCompile;
             AfterCompile;
           ;
             _CreateAppHost;
             _CreateComHost;
             _GetIjwHostPaths;
           " (previous value: "
             ResolveReferences;
             ResolveKeySource;
             SetWin32ManifestProperties;
             FindReferenceAssembliesForReferences;
             _GenerateCompileInputs;
             BeforeCompile;
             _TimeStampBeforeCompile;
             _GenerateCompileDependencyCache;
             CoreCompile;
             _TimeStampAfterCompile;
             AfterCompile;
           ") at /usr/lib/dotnet/sdk/8.0.116/Sdks/Microsoft.NET.Sdk/targets/Microsoft.NET.Sdk.targets (679,5)
       Property reassignment: $(CreateSatelliteAssembliesDependsOn)="

             _GenerateSatelliteAssemblyInputs;
             ComputeIntermediateSatelliteAssemblies;
             GenerateSatelliteAssemblies
           ;
             CoreGenerateSatelliteAssemblies
           " (previous value: "
             _GenerateSatelliteAssemblyInputs;
             ComputeIntermediateSatelliteAssemblies;
             GenerateSatelliteAssemblies
           ") at /usr/lib/dotnet/sdk/8.0.116/Sdks/Microsoft.NET.Sdk/targets/Microsoft.NET.Sdk.targets (1065,5)
       Property reassignment: $(SourceLinkUrlInitializerTargets)=";_InitializeGitHubSourceLinkUrl;_InitializeGitLabSourceLinkUrl" (previous value: ";_InitializeGitHubSourceLinkUrl") at /usr/lib/dotnet/sdk/8.0.116/Sdks/Microsoft.SourceLink.GitLab/build/Microsoft.SourceLink.GitLab.targets (12,5)
       Property reassignment: $(SourceControlManagerUrlTranslationTargets)=";TranslateGitHubUrlsInSourceControlInformation;TranslateGitLabUrlsInSourceControlInformation" (previous value: ";TranslateGitHubUrlsInSourceControlInformation") at /usr/lib/dotnet/sdk/8.0.116/Sdks/Microsoft.SourceLink.GitLab/build/Microsoft.SourceLink.GitLab.targets (13,5)
       Property reassignment: $(SourceLinkUrlInitializerTargets)=";_InitializeGitHubSourceLinkUrl;_InitializeGitLabSourceLinkUrl;_InitializeAzureReposGitSourceLinkUrl" (previous value: ";_InitializeGitHubSourceLinkUrl;_InitializeGitLabSourceLinkUrl") at /usr/lib/dotnet/sdk/8.0.116/Sdks/Microsoft.SourceLink.AzureRepos.Git/build/Microsoft.SourceLink.AzureRepos.Git.targets (12,5)
       Property reassignment: $(SourceControlManagerUrlTranslationTargets)=";TranslateGitHubUrlsInSourceControlInformation;TranslateGitLabUrlsInSourceControlInformation;TranslateAzureReposGitUrlsInSourceControlInformation" (previous value: ";TranslateGitHubUrlsInSourceControlInformation;TranslateGitLabUrlsInSourceControlInformation") at /usr/lib/dotnet/sdk/8.0.116/Sdks/Microsoft.SourceLink.AzureRepos.Git/build/Microsoft.SourceLink.AzureRepos.Git.targets (13,5)
       Property reassignment: $(SourceLinkUrlInitializerTargets)=";_InitializeGitHubSourceLinkUrl;_InitializeGitLabSourceLinkUrl;_InitializeAzureReposGitSourceLinkUrl;_InitializeBitbucketGitSourceLinkUrl" (previous value: ";_InitializeGitHubSourceLinkUrl;_InitializeGitLabSourceLinkUrl;_InitializeAzureReposGitSourceLinkUrl") at /usr/lib/dotnet/sdk/8.0.116/Sdks/Microsoft.SourceLink.Bitbucket.Git/build/Microsoft.SourceLink.Bitbucket.Git.targets (12,5)
       Property reassignment: $(SourceControlManagerUrlTranslationTargets)=";TranslateGitHubUrlsInSourceControlInformation;TranslateGitLabUrlsInSourceControlInformation;TranslateAzureReposGitUrlsInSourceControlInformation;TranslateBitbucketGitUrlsInSourceControlInformation" (previous value: ";TranslateGitHubUrlsInSourceControlInformation;TranslateGitLabUrlsInSourceControlInformation;TranslateAzureReposGitUrlsInSourceControlInformation") at /usr/lib/dotnet/sdk/8.0.116/Sdks/Microsoft.SourceLink.Bitbucket.Git/build/Microsoft.SourceLink.Bitbucket.Git.targets (13,5)
       Property reassignment: $(DesignerRuntimeImplementationProjectOutputGroupDependsOn)="

             ;

             ;
             BuildOnlySettings;
             PrepareForBuild;
             AssignTargetPaths;
             ResolveReferences

           ;
             _GenerateDesignerDepsFile;
             _GenerateDesignerRuntimeConfigFile;
             GetCopyToOutputDirectoryItems;
             _GatherDesignerShadowCopyFiles;
           " (previous value: "
             ;

             ;
             BuildOnlySettings;
             PrepareForBuild;
             AssignTargetPaths;
             ResolveReferences

           ") at /usr/lib/dotnet/sdk/8.0.116/Sdks/Microsoft.NET.Sdk/targets/Microsoft.NET.DesignerSupport.targets (21,5)
       Property reassignment: $(_GenerateToolsSettingsFileCacheFile)="/app/Prism.StoreApps/obj/Debug/net8.0/Microsoft.Practices.Prism.StoreApps.toolssettingsinput.cache" (previous value: "obj/Debug/net8.0/Microsoft.Practices.Prism.StoreApps.toolssettingsinput.cache") at /usr/lib/dotnet/sdk/8.0.116/Sdks/Microsoft.NET.Sdk/targets/Microsoft.NET.PackTool.targets (68,5)
       Property reassignment: $(_ShimInputCacheFile)="/app/Prism.StoreApps/obj/Debug/net8.0/Microsoft.Practices.Prism.StoreApps.shiminput.cache" (previous value: "obj/Debug/net8.0/Microsoft.Practices.Prism.StoreApps.shiminput.cache") at /usr/lib/dotnet/sdk/8.0.116/Sdks/Microsoft.NET.Sdk/targets/Microsoft.NET.PackTool.targets (137,5)
       Property reassignment: $(_ShimCreatedSentinelFile)="/app/Prism.StoreApps/obj/Debug/net8.0/Microsoft.Practices.Prism.StoreApps.shimcreated.sentinel" (previous value: "obj/Debug/net8.0/Microsoft.Practices.Prism.StoreApps.shimcreated.sentinel") at /usr/lib/dotnet/sdk/8.0.116/Sdks/Microsoft.NET.Sdk/targets/Microsoft.NET.PackTool.targets (139,5)
       Property reassignment: $(DefineConstants)="TRACE;DEBUG" (previous value: "TRACE") at /usr/lib/dotnet/sdk/8.0.116/Sdks/Microsoft.NET.Sdk/targets/Microsoft.NET.Sdk.CSharp.targets (31,5)
       Property reassignment: $(DefineConstants)="TRACE;DEBUG;NET;NET8_0;NETCOREAPP" (previous value: "TRACE;DEBUG") at /usr/lib/dotnet/sdk/8.0.116/Sdks/Microsoft.NET.Sdk/targets/Microsoft.NET.Sdk.CSharp.targets (34,5)
       Property reassignment: $(WarningsAsErrors)=";NU1605;SYSLIB0011" (previous value: ";NU1605") at /usr/lib/dotnet/sdk/8.0.116/Sdks/Microsoft.NET.Sdk/targets/Microsoft.NET.Sdk.CSharp.targets (48,5)
       Property reassignment: $(PackageDescription)="Package Description" (previous value: "") at /usr/lib/dotnet/sdk/8.0.116/Sdks/NuGet.Build.Tasks.Pack/build/NuGet.Build.Tasks.Pack.targets (34,5)
       Property reassignment: $(GenerateNuspecDependsOn)="Build;_LoadPackInputItems; _GetTargetFrameworksOutput; _WalkEachTargetPerFramework; _GetPackageFiles; " (previous value: "_LoadPackInputItems; _GetTargetFrameworksOutput; _WalkEachTargetPerFramework; _GetPackageFiles; ") at /usr/lib/dotnet/sdk/8.0.116/Sdks/NuGet.Build.Tasks.Pack/build/NuGet.Build.Tasks.Pack.targets (59,5)
       Assembly loaded during Evaluation: System.Reflection.Emit.Lightweight, Version=8.0.0.0, Culture=neutral, PublicKeyToken=b03f5f7f11d50a3a (location: /usr/lib/dotnet/shared/Microsoft.NETCore.App/8.0.16/System.Reflection.Emit.Lightweight.dll, MVID: c017a05a-1875-41a1-8445-e943c5a36e04, AppDomain: [Default])
       Assembly loaded during Evaluation: System.Reflection.Emit.ILGeneration, Version=8.0.0.0, Culture=neutral, PublicKeyToken=b03f5f7f11d50a3a (location: /usr/lib/dotnet/shared/Microsoft.NETCore.App/8.0.16/System.Reflection.Emit.ILGeneration.dll, MVID: 50156736-a8a4-492c-82c0-5d9a87f22607, AppDomain: [Default])
       Assembly loaded during Evaluation: System.Reflection.Primitives, Version=8.0.0.0, Culture=neutral, PublicKeyToken=b03f5f7f11d50a3a (location: /usr/lib/dotnet/shared/Microsoft.NETCore.App/8.0.16/System.Reflection.Primitives.dll, MVID: 45de1437-4d74-493e-b91d-adcc18f0686e, AppDomain: [Default])
       Overriding target "ResolveFrameworkReferences" in project "/usr/lib/dotnet/sdk/8.0.116/Microsoft.Common.CurrentVersion.targets" with target "ResolveFrameworkReferences" from project "/usr/lib/dotnet/sdk/8.0.116/Sdks/Microsoft.NET.Sdk/targets/Microsoft.NET.Sdk.FrameworkReferenceResolution.targets".
       Overriding target "Run" in project "/usr/lib/dotnet/sdk/8.0.116/Microsoft.Common.CurrentVersion.targets" with target "Run" from project "/usr/lib/dotnet/sdk/8.0.116/Sdks/Microsoft.NET.Sdk/targets/Microsoft.NET.Sdk.targets".
       Overriding target "GenerateSupportedTargetFrameworkAlias" in project "/usr/lib/dotnet/sdk/8.0.116/Microsoft.Common.CurrentVersion.targets" with target "GenerateSupportedTargetFrameworkAlias" from project "/usr/lib/dotnet/sdk/8.0.116/Sdks/Microsoft.NET.Sdk/targets/Microsoft.NET.Sdk.targets".
       Overriding target "GetReferenceAssemblyPaths" in project "/usr/lib/dotnet/sdk/8.0.116/Microsoft.Common.CurrentVersion.targets" with target "GetReferenceAssemblyPaths" from project "/usr/lib/dotnet/sdk/8.0.116/Sdks/Microsoft.NET.Sdk/targets/Microsoft.NET.DisableStandardFrameworkResolution.targets".
       Overriding target "GetFrameworkPaths" in project "/usr/lib/dotnet/sdk/8.0.116/Microsoft.Common.CurrentVersion.targets" with target "GetFrameworkPaths" from project "/usr/lib/dotnet/sdk/8.0.116/Sdks/Microsoft.NET.Sdk/targets/Microsoft.NET.DisableStandardFrameworkResolution.targets".
       Overriding target "DesignerRuntimeImplementationProjectOutputGroup" in project "/usr/lib/dotnet/sdk/8.0.116/Microsoft.Common.CurrentVersion.targets" with target "DesignerRuntimeImplementationProjectOutputGroup" from project "/usr/lib/dotnet/sdk/8.0.116/Sdks/Microsoft.NET.Sdk/targets/Microsoft.NET.DesignerSupport.targets".
       Overriding target "Publish" in project "/usr/lib/dotnet/sdk/8.0.116/Microsoft.Common.CurrentVersion.targets" with target "Publish" from project "/usr/lib/dotnet/sdk/8.0.116/Sdks/Microsoft.NET.Sdk/targets/Microsoft.NET.Publish.targets".
       Overriding target "ResolveReadyToRunCompilers" in project "/usr/lib/dotnet/sdk/8.0.116/Sdks/Microsoft.NET.Sdk/targets/Microsoft.NET.CrossGen.targets" with target "ResolveReadyToRunCompilers" from project "/usr/lib/dotnet/sdk/8.0.116/Sdks/Microsoft.NET.Sdk/targets/Microsoft.NET.Publish.targets".
       Overriding target "GetCopyToPublishDirectoryItems" in project "/usr/lib/dotnet/sdk/8.0.116/Microsoft.Common.CurrentVersion.targets" with target "GetCopyToPublishDirectoryItems" from project "/usr/lib/dotnet/sdk/8.0.116/Sdks/Microsoft.NET.Sdk/targets/Microsoft.NET.Publish.targets".
     1>Project "/app/Prism.StoreApps/Microsoft.Practices.Prism.StoreApps.csproj" on node 1 (Restore target(s)).
     1>Target "_LoadRestoreGraphEntryPoints" in file "/usr/lib/dotnet/sdk/8.0.116/NuGet.targets" from project "/app/Prism.StoreApps/Microsoft.Practices.Prism.StoreApps.csproj" (target "_FilterRestoreGraphProjectInputItems" depends on it):
     1>Task "GetRestoreSolutionProjectsTask" skipped, due to false condition; ( $(MSBuildProjectFullPath.EndsWith('.metaproj')) == 'true' AND @(RestoreGraphProjectInputItems) == '' ) was evaluated as ( False == 'true' AND /app/Prism.StoreApps/Microsoft.Practices.Prism.StoreApps.csproj == '' ).
     1>Done building target "_LoadRestoreGraphEntryPoints" in project "Microsoft.Practices.Prism.StoreApps.csproj".
     1>Target "_FilterRestoreGraphProjectInputItems" in file "/usr/lib/dotnet/sdk/8.0.116/NuGet.targets" from project "/app/Prism.StoreApps/Microsoft.Practices.Prism.StoreApps.csproj" (target "_GenerateRestoreGraph" depends on it):
       Using "RemoveDuplicates" task from assembly "Microsoft.Build.Tasks.Core, Version=15.1.0.0, Culture=neutral, PublicKeyToken=b03f5f7f11d50a3a".
       Task "RemoveDuplicates"
       Done executing task "RemoveDuplicates".
       Using "MSBuild" task from assembly "Microsoft.Build.Tasks.Core, Version=15.1.0.0, Culture=neutral, PublicKeyToken=b03f5f7f11d50a3a".
       Task "MSBuild"
         Global Properties:
           ExcludeRestorePackageImports=true
     0>Property reassignment: $(ImportDirectoryBuildProps)="false" (previous value: "true") at /usr/lib/dotnet/sdk/8.0.116/Sdks/Microsoft.NET.Sdk/Sdk/Sdk.props (57,5)
       Property 'MSBuildExtensionsPath' with value '/usr/lib/dotnet/sdk/8.0.116/' expanded from the environment.
       Property reassignment: $(MSBuildProjectExtensionsPath)="/app/Prism.StoreApps/obj/" (previous value: "obj/") at /usr/lib/dotnet/sdk/8.0.116/Current/Microsoft.Common.props (60,5)
       Property reassignment: $(AssemblySearchPaths)="{CandidateAssemblyFiles};{HintPathFromItem}" (previous value: "{CandidateAssemblyFiles}") at /usr/lib/dotnet/sdk/8.0.116/Sdks/Microsoft.NET.Sdk/targets/Microsoft.NET.Sdk.props (91,5)
       Property reassignment: $(AssemblySearchPaths)="{CandidateAssemblyFiles};{HintPathFromItem};{TargetFrameworkDirectory}" (previous value: "{CandidateAssemblyFiles};{HintPathFromItem}") at /usr/lib/dotnet/sdk/8.0.116/Sdks/Microsoft.NET.Sdk/targets/Microsoft.NET.Sdk.props (92,5)
       Property reassignment: $(AssemblySearchPaths)="{CandidateAssemblyFiles};{HintPathFromItem};{TargetFrameworkDirectory};{RawFileName}" (previous value: "{CandidateAssemblyFiles};{HintPathFromItem};{TargetFrameworkDirectory}") at /usr/lib/dotnet/sdk/8.0.116/Sdks/Microsoft.NET.Sdk/targets/Microsoft.NET.Sdk.props (93,5)
       Property reassignment: $(TargetsForTfmSpecificContentInPackage)=";PackTool;_PackProjectToolValidation" (previous value: ";PackTool") at /usr/lib/dotnet/sdk/8.0.116/Sdks/Microsoft.NET.Sdk/targets/Microsoft.NET.PackProjectTool.props (15,5)
       Property reassignment: $(PublishProfileImported)="false" (previous value: "true") at /usr/lib/dotnet/sdk/8.0.116/Sdks/Microsoft.NET.Sdk/targets/Microsoft.NET.Sdk.ImportPublishProfile.targets (28,5)
       Property reassignment: $(TargetPlatformVersion)="" (previous value: "0.0") at /usr/lib/dotnet/sdk/8.0.116/Sdks/Microsoft.NET.Sdk/targets/Microsoft.NET.TargetFrameworkInference.targets (69,5)
       Property reassignment: $(DefaultItemExcludes)=";bin/Debug//**;obj/Debug//**" (previous value: ";bin/Debug//**") at /usr/lib/dotnet/sdk/8.0.116/Sdks/Microsoft.NET.Sdk/targets/Microsoft.NET.DefaultOutputPaths.targets (122,5)
       Property reassignment: $(OutputPath)="bin/Debug/net8.0/" (previous value: "bin/Debug/") at /usr/lib/dotnet/sdk/8.0.116/Sdks/Microsoft.NET.Sdk/targets/Microsoft.NET.DefaultOutputPaths.targets (137,5)
       Property reassignment: $(IntermediateOutputPath)="obj/Debug/net8.0/" (previous value: "obj/Debug/") at /usr/lib/dotnet/sdk/8.0.116/Sdks/Microsoft.NET.Sdk/targets/Microsoft.NET.DefaultOutputPaths.targets (142,5)
       Property reassignment: $(_FrameworkIdentifierForImplicitDefine)="NET" (previous value: "NETCOREAPP") at /usr/lib/dotnet/sdk/8.0.116/Sdks/Microsoft.NET.Sdk/targets/Microsoft.NET.Sdk.BeforeCommon.targets (187,5)
       Property reassignment: $(_FrameworkVersionForImplicitDefine)="8_0" (previous value: "8.0") at /usr/lib/dotnet/sdk/8.0.116/Sdks/Microsoft.NET.Sdk/targets/Microsoft.NET.Sdk.BeforeCommon.targets (192,5)
       Property reassignment: $(CommandLineArgsForDesignTimeEvaluation)="-langversion:12.0 -define:TRACE" (previous value: "-langversion:12.0") at /usr/lib/dotnet/sdk/8.0.116/Roslyn/Microsoft.CSharp.Core.targets (197,5)
       Property reassignment: $(_DebugSymbolsProduced)="true" (previous value: "false") at /usr/lib/dotnet/sdk/8.0.116/Microsoft.Common.CurrentVersion.targets (175,5)
       Property reassignment: $(_DocumentationFileProduced)="false" (previous value: "true") at /usr/lib/dotnet/sdk/8.0.116/Microsoft.Common.CurrentVersion.targets (185,5)
       Property reassignment: $(ProcessorArchitecture)="msil" (previous value: "") at /usr/lib/dotnet/sdk/8.0.116/Microsoft.Common.CurrentVersion.targets (529,5)
       Property reassignment: $(DelaySign)="" (previous value: "false") at /usr/lib/dotnet/sdk/8.0.116/Microsoft.Common.CurrentVersion.targets (568,5)
       Property 'LocalAppData' with value '/home/swebot/.local/share' expanded from the environment.
       Property reassignment: $(_SGenGenerateSerializationAssembliesConfig)="Auto" (previous value: "") at /usr/lib/dotnet/sdk/8.0.116/Microsoft.Common.CurrentVersion.targets (3824,5)
       Property reassignment: $(_SGenGenerateSerializationAssembliesConfig)="Off" (previous value: "Auto") at /usr/lib/dotnet/sdk/8.0.116/Microsoft.Common.CurrentVersion.targets (3825,5)
       Property reassignment: $(_TargetsThatPrepareProjectReferences)="
             AssignProjectConfiguration;
             _SplitProjectReferencesByFileExistence
           " (previous value: "_SplitProjectReferencesByFileExistence") at /usr/lib/dotnet/sdk/8.0.116/Microsoft.Common.CurrentVersion.targets (4976,5)
       Property 'MSBuildExtensionsPath32' with value '/usr/lib/dotnet/sdk/8.0.116' expanded from the environment.
       Property reassignment: $(ProjectAssetsFile)="/app/Prism.StoreApps/obj/project.assets.json" (previous value: "/app/Prism.StoreApps/obj//project.assets.json") at /usr/lib/dotnet/sdk/8.0.116/Sdks/Microsoft.NET.Sdk/targets/Microsoft.PackageDependencyResolution.targets (24,5)
       Property reassignment: $(ProjectAssetsCacheFile)="/app/Prism.StoreApps/obj/Debug/net8.0/Microsoft.Practices.Prism.StoreApps.assets.cache" (previous value: "obj/Debug/net8.0/Microsoft.Practices.Prism.StoreApps.assets.cache") at /usr/lib/dotnet/sdk/8.0.116/Sdks/Microsoft.NET.Sdk/targets/Microsoft.PackageDependencyResolution.targets (29,5)
       Property reassignment: $(ResolveAssemblyReferencesDependsOn)="

             ResolveProjectReferences;
             FindInvalidProjectReferences;
             GetFrameworkPaths;
             GetReferenceAssemblyPaths;
             PrepareForBuild;
             ResolveSDKReferences;
             ExpandSDKReferences;
           ;
             ResolvePackageDependenciesForBuild;
             _HandlePackageFileConflicts;
           " (previous value: "
             ResolveProjectReferences;
             FindInvalidProjectReferences;
             GetFrameworkPaths;
             GetReferenceAssemblyPaths;
             PrepareForBuild;
             ResolveSDKReferences;
             ExpandSDKReferences;
           ") at /usr/lib/dotnet/sdk/8.0.116/Sdks/Microsoft.NET.Sdk/targets/Microsoft.PackageDependencyResolution.targets (80,5)
       Property reassignment: $(PrepareResourcesDependsOn)="
             ResolvePackageDependenciesForBuild;
             _HandlePackageFileConflicts;

             ;
             PrepareResourceNames;
             ResGen;
             CompileLicxFiles

           " (previous value: "
             ;
             PrepareResourceNames;
             ResGen;
             CompileLicxFiles
           ") at /usr/lib/dotnet/sdk/8.0.116/Sdks/Microsoft.NET.Sdk/targets/Microsoft.PackageDependencyResolution.targets (86,5)
       Property reassignment: $(DefaultItemExcludes)=";bin/Debug//**;obj/Debug//**;bin//**" (previous value: ";bin/Debug//**;obj/Debug//**") at /usr/lib/dotnet/sdk/8.0.116/Sdks/Microsoft.NET.Sdk/targets/Microsoft.NET.Sdk.DefaultItems.targets (27,5)
       Property reassignment: $(DefaultItemExcludes)=";bin/Debug//**;obj/Debug//**;bin//**;obj//**" (previous value: ";bin/Debug//**;obj/Debug//**;bin//**") at /usr/lib/dotnet/sdk/8.0.116/Sdks/Microsoft.NET.Sdk/targets/Microsoft.NET.Sdk.DefaultItems.targets (29,5)
       Property reassignment: $(DefaultItemExcludes)=";bin/Debug//**;obj/Debug//**;bin//**;obj//**;**/*.user" (previous value: ";bin/Debug//**;obj/Debug//**;bin//**;obj//**") at /usr/lib/dotnet/sdk/8.0.116/Sdks/Microsoft.NET.Sdk/targets/Microsoft.NET.Sdk.DefaultItems.targets (32,5)
       Property reassignment: $(DefaultItemExcludes)=";bin/Debug//**;obj/Debug//**;bin//**;obj//**;**/*.user;**/*.*proj" (previous value: ";bin/Debug//**;obj/Debug//**;bin//**;obj//**;**/*.user") at /usr/lib/dotnet/sdk/8.0.116/Sdks/Microsoft.NET.Sdk/targets/Microsoft.NET.Sdk.DefaultItems.targets (33,5)
       Property reassignment: $(DefaultItemExcludes)=";bin/Debug//**;obj/Debug//**;bin//**;obj//**;**/*.user;**/*.*proj;**/*.sln" (previous value: ";bin/Debug//**;obj/Debug//**;bin//**;obj//**;**/*.user;**/*.*proj") at /usr/lib/dotnet/sdk/8.0.116/Sdks/Microsoft.NET.Sdk/targets/Microsoft.NET.Sdk.DefaultItems.targets (34,5)
       Property reassignment: $(DefaultItemExcludes)=";bin/Debug//**;obj/Debug//**;bin//**;obj//**;**/*.user;**/*.*proj;**/*.sln;**/*.vssscc" (previous value: ";bin/Debug//**;obj/Debug//**;bin//**;obj//**;**/*.user;**/*.*proj;**/*.sln") at /usr/lib/dotnet/sdk/8.0.116/Sdks/Microsoft.NET.Sdk/targets/Microsoft.NET.Sdk.DefaultItems.targets (35,5)
       Property reassignment: $(DefaultItemExcludes)=";bin/Debug//**;obj/Debug//**;bin//**;obj//**;**/*.user;**/*.*proj;**/*.sln;**/*.vssscc;**/.DS_Store" (previous value: ";bin/Debug//**;obj/Debug//**;bin//**;obj//**;**/*.user;**/*.*proj;**/*.sln;**/*.vssscc") at /usr/lib/dotnet/sdk/8.0.116/Sdks/Microsoft.NET.Sdk/targets/Microsoft.NET.Sdk.DefaultItems.targets (36,5)
       Property reassignment: $(ResolveAssemblyReferencesDependsOn)="


             ResolveProjectReferences;
             FindInvalidProjectReferences;
             GetFrameworkPaths;
             GetReferenceAssemblyPaths;
             PrepareForBuild;
             ResolveSDKReferences;
             ExpandSDKReferences;
           ;
             ResolvePackageDependenciesForBuild;
             _HandlePackageFileConflicts;
           ;
             ResolveTargetingPackAssets;
           " (previous value: "

             ResolveProjectReferences;
             FindInvalidProjectReferences;
             GetFrameworkPaths;
             GetReferenceAssemblyPaths;
             PrepareForBuild;
             ResolveSDKReferences;
             ExpandSDKReferences;
           ;
             ResolvePackageDependenciesForBuild;
             _HandlePackageFileConflicts;
           ") at /usr/lib/dotnet/sdk/8.0.116/Sdks/Microsoft.NET.Sdk/targets/Microsoft.NET.Sdk.FrameworkReferenceResolution.targets (14,5)
       Property reassignment: $(_GenerateRuntimeConfigurationPropertyInputsCache)="/app/Prism.StoreApps/obj/Debug/net8.0/Microsoft.Practices.Prism.StoreApps.genruntimeconfig.cache" (previous value: "obj/Debug/net8.0/Microsoft.Practices.Prism.StoreApps.genruntimeconfig.cache") at /usr/lib/dotnet/sdk/8.0.116/Sdks/Microsoft.NET.Sdk/targets/Microsoft.NET.Sdk.targets (44,5)
       Property reassignment: $(_GeneratePublishDependencyFilePropertyInputsCache)="/app/Prism.StoreApps/obj/Debug/net8.0/Microsoft.Practices.Prism.StoreApps.genpublishdeps.cache" (previous value: "obj/Debug/net8.0/Microsoft.Practices.Prism.StoreApps.genpublishdeps.cache") at /usr/lib/dotnet/sdk/8.0.116/Sdks/Microsoft.NET.Sdk/targets/Microsoft.NET.Sdk.targets (46,5)
       Property reassignment: $(_GenerateSingleFileBundlePropertyInputsCache)="/app/Prism.StoreApps/obj/Debug/net8.0/Microsoft.Practices.Prism.StoreApps.genbundle.cache" (previous value: "obj/Debug/net8.0/Microsoft.Practices.Prism.StoreApps.genbundle.cache") at /usr/lib/dotnet/sdk/8.0.116/Sdks/Microsoft.NET.Sdk/targets/Microsoft.NET.Sdk.targets (48,5)
       Property reassignment: $(GenerateRuntimeConfigDevFile)="false" (previous value: "true") at /usr/lib/dotnet/sdk/8.0.116/Sdks/Microsoft.NET.Sdk/targets/Microsoft.NET.Sdk.targets (81,5)
       Property 'HOME' with value '/home/swebot' expanded from the environment.
       Property reassignment: $(_DefaultUserProfileRuntimeStorePath)="/home/swebot/.dotnet/store" (previous value: "/home/swebot") at /usr/lib/dotnet/sdk/8.0.116/Sdks/Microsoft.NET.Sdk/targets/Microsoft.NET.Sdk.targets (98,5)
       Property reassignment: $(AvailablePlatforms)="Any CPU,x86,x64,ARM32" (previous value: "Any CPU,x86,x64") at /usr/lib/dotnet/sdk/8.0.116/Sdks/Microsoft.NET.Sdk/targets/Microsoft.NET.Sdk.targets (136,5)
       Property reassignment: $(AvailablePlatforms)="Any CPU,x86,x64,ARM32,ARM64" (previous value: "Any CPU,x86,x64,ARM32") at /usr/lib/dotnet/sdk/8.0.116/Sdks/Microsoft.NET.Sdk/targets/Microsoft.NET.Sdk.targets (140,5)
       Property reassignment: $(CoreBuildDependsOn)="
             _CheckForBuildWithNoBuild;

             BuildOnlySettings;
             PrepareForBuild;
             PreBuildEvent;
             ResolveReferences;
             PrepareResources;
             ResolveKeySource;
             Compile;
             ExportWindowsMDFile;
             UnmanagedUnregistration;
             GenerateSerializationAssemblies;
             CreateSatelliteAssemblies;
             GenerateManifests;
             GetTargetPath;
             PrepareForRun;
             UnmanagedRegistration;
             IncrementalClean;
             PostBuildEvent
           ;
             GenerateBuildDependencyFile;
             GenerateBuildRuntimeConfigurationFiles
           " (previous value: "
             BuildOnlySettings;
             PrepareForBuild;
             PreBuildEvent;
             ResolveReferences;
             PrepareResources;
             ResolveKeySource;
             Compile;
             ExportWindowsMDFile;
             UnmanagedUnregistration;
             GenerateSerializationAssemblies;
             CreateSatelliteAssemblies;
             GenerateManifests;
             GetTargetPath;
             PrepareForRun;
             UnmanagedRegistration;
             IncrementalClean;
             PostBuildEvent
           ") at /usr/lib/dotnet/sdk/8.0.116/Sdks/Microsoft.NET.Sdk/targets/Microsoft.NET.Sdk.targets (197,5)
       Property reassignment: $(CoreCleanDependsOn)="
             _SdkBeforeClean;

           " (previous value: "") at /usr/lib/dotnet/sdk/8.0.116/Sdks/Microsoft.NET.Sdk/targets/Microsoft.NET.Sdk.targets (206,5)
       Property reassignment: $(RebuildDependsOn)="
             _SdkBeforeRebuild;

             BeforeRebuild;
             Clean;
             Build;
             AfterRebuild;

           " (previous value: "
             BeforeRebuild;
             Clean;
             Build;
             AfterRebuild;
           ") at /usr/lib/dotnet/sdk/8.0.116/Sdks/Microsoft.NET.Sdk/targets/Microsoft.NET.Sdk.targets (213,5)
       Property reassignment: $(CompileDependsOn)="

             ResolveReferences;
             ResolveKeySource;
             SetWin32ManifestProperties;
             FindReferenceAssembliesForReferences;
             _GenerateCompileInputs;
             BeforeCompile;
             _TimeStampBeforeCompile;
             _GenerateCompileDependencyCache;
             CoreCompile;
             _TimeStampAfterCompile;
             AfterCompile;
           ;
             _CreateAppHost;
             _CreateComHost;
             _GetIjwHostPaths;
           " (previous value: "
             ResolveReferences;
             ResolveKeySource;
             SetWin32ManifestProperties;
             FindReferenceAssembliesForReferences;
             _GenerateCompileInputs;
             BeforeCompile;
             _TimeStampBeforeCompile;
             _GenerateCompileDependencyCache;
             CoreCompile;
             _TimeStampAfterCompile;
             AfterCompile;
           ") at /usr/lib/dotnet/sdk/8.0.116/Sdks/Microsoft.NET.Sdk/targets/Microsoft.NET.Sdk.targets (679,5)
       Property reassignment: $(CreateSatelliteAssembliesDependsOn)="

             _GenerateSatelliteAssemblyInputs;
             ComputeIntermediateSatelliteAssemblies;
             GenerateSatelliteAssemblies
           ;
             CoreGenerateSatelliteAssemblies
           " (previous value: "
             _GenerateSatelliteAssemblyInputs;
             ComputeIntermediateSatelliteAssemblies;
             GenerateSatelliteAssemblies
           ") at /usr/lib/dotnet/sdk/8.0.116/Sdks/Microsoft.NET.Sdk/targets/Microsoft.NET.Sdk.targets (1065,5)
       Property reassignment: $(SourceLinkUrlInitializerTargets)=";_InitializeGitHubSourceLinkUrl;_InitializeGitLabSourceLinkUrl" (previous value: ";_InitializeGitHubSourceLinkUrl") at /usr/lib/dotnet/sdk/8.0.116/Sdks/Microsoft.SourceLink.GitLab/build/Microsoft.SourceLink.GitLab.targets (12,5)
       Property reassignment: $(SourceControlManagerUrlTranslationTargets)=";TranslateGitHubUrlsInSourceControlInformation;TranslateGitLabUrlsInSourceControlInformation" (previous value: ";TranslateGitHubUrlsInSourceControlInformation") at /usr/lib/dotnet/sdk/8.0.116/Sdks/Microsoft.SourceLink.GitLab/build/Microsoft.SourceLink.GitLab.targets (13,5)
       Property reassignment: $(SourceLinkUrlInitializerTargets)=";_InitializeGitHubSourceLinkUrl;_InitializeGitLabSourceLinkUrl;_InitializeAzureReposGitSourceLinkUrl" (previous value: ";_InitializeGitHubSourceLinkUrl;_InitializeGitLabSourceLinkUrl") at /usr/lib/dotnet/sdk/8.0.116/Sdks/Microsoft.SourceLink.AzureRepos.Git/build/Microsoft.SourceLink.AzureRepos.Git.targets (12,5)
       Property reassignment: $(SourceControlManagerUrlTranslationTargets)=";TranslateGitHubUrlsInSourceControlInformation;TranslateGitLabUrlsInSourceControlInformation;TranslateAzureReposGitUrlsInSourceControlInformation" (previous value: ";TranslateGitHubUrlsInSourceControlInformation;TranslateGitLabUrlsInSourceControlInformation") at /usr/lib/dotnet/sdk/8.0.116/Sdks/Microsoft.SourceLink.AzureRepos.Git/build/Microsoft.SourceLink.AzureRepos.Git.targets (13,5)
       Property reassignment: $(SourceLinkUrlInitializerTargets)=";_InitializeGitHubSourceLinkUrl;_InitializeGitLabSourceLinkUrl;_InitializeAzureReposGitSourceLinkUrl;_InitializeBitbucketGitSourceLinkUrl" (previous value: ";_InitializeGitHubSourceLinkUrl;_InitializeGitLabSourceLinkUrl;_InitializeAzureReposGitSourceLinkUrl") at /usr/lib/dotnet/sdk/8.0.116/Sdks/Microsoft.SourceLink.Bitbucket.Git/build/Microsoft.SourceLink.Bitbucket.Git.targets (12,5)
       Property reassignment: $(SourceControlManagerUrlTranslationTargets)=";TranslateGitHubUrlsInSourceControlInformation;TranslateGitLabUrlsInSourceControlInformation;TranslateAzureReposGitUrlsInSourceControlInformation;TranslateBitbucketGitUrlsInSourceControlInformation" (previous value: ";TranslateGitHubUrlsInSourceControlInformation;TranslateGitLabUrlsInSourceControlInformation;TranslateAzureReposGitUrlsInSourceControlInformation") at /usr/lib/dotnet/sdk/8.0.116/Sdks/Microsoft.SourceLink.Bitbucket.Git/build/Microsoft.SourceLink.Bitbucket.Git.targets (13,5)
       Property reassignment: $(DesignerRuntimeImplementationProjectOutputGroupDependsOn)="

             ;

             ;
             BuildOnlySettings;
             PrepareForBuild;
             AssignTargetPaths;
             ResolveReferences

           ;
             _GenerateDesignerDepsFile;
             _GenerateDesignerRuntimeConfigFile;
             GetCopyToOutputDirectoryItems;
             _GatherDesignerShadowCopyFiles;
           " (previous value: "
             ;

             ;
             BuildOnlySettings;
             PrepareForBuild;
             AssignTargetPaths;
             ResolveReferences

           ") at /usr/lib/dotnet/sdk/8.0.116/Sdks/Microsoft.NET.Sdk/targets/Microsoft.NET.DesignerSupport.targets (21,5)
       Property reassignment: $(_GenerateToolsSettingsFileCacheFile)="/app/Prism.StoreApps/obj/Debug/net8.0/Microsoft.Practices.Prism.StoreApps.toolssettingsinput.cache" (previous value: "obj/Debug/net8.0/Microsoft.Practices.Prism.StoreApps.toolssettingsinput.cache") at /usr/lib/dotnet/sdk/8.0.116/Sdks/Microsoft.NET.Sdk/targets/Microsoft.NET.PackTool.targets (68,5)
       Property reassignment: $(_ShimInputCacheFile)="/app/Prism.StoreApps/obj/Debug/net8.0/Microsoft.Practices.Prism.StoreApps.shiminput.cache" (previous value: "obj/Debug/net8.0/Microsoft.Practices.Prism.StoreApps.shiminput.cache") at /usr/lib/dotnet/sdk/8.0.116/Sdks/Microsoft.NET.Sdk/targets/Microsoft.NET.PackTool.targets (137,5)
       Property reassignment: $(_ShimCreatedSentinelFile)="/app/Prism.StoreApps/obj/Debug/net8.0/Microsoft.Practices.Prism.StoreApps.shimcreated.sentinel" (previous value: "obj/Debug/net8.0/Microsoft.Practices.Prism.StoreApps.shimcreated.sentinel") at /usr/lib/dotnet/sdk/8.0.116/Sdks/Microsoft.NET.Sdk/targets/Microsoft.NET.PackTool.targets (139,5)
       Property reassignment: $(DefineConstants)="TRACE;DEBUG" (previous value: "TRACE") at /usr/lib/dotnet/sdk/8.0.116/Sdks/Microsoft.NET.Sdk/targets/Microsoft.NET.Sdk.CSharp.targets (31,5)
       Property reassignment: $(DefineConstants)="TRACE;DEBUG;NET;NET8_0;NETCOREAPP" (previous value: "TRACE;DEBUG") at /usr/lib/dotnet/sdk/8.0.116/Sdks/Microsoft.NET.Sdk/targets/Microsoft.NET.Sdk.CSharp.targets (34,5)
       Property reassignment: $(WarningsAsErrors)=";NU1605;SYSLIB0011" (previous value: ";NU1605") at /usr/lib/dotnet/sdk/8.0.116/Sdks/Microsoft.NET.Sdk/targets/Microsoft.NET.Sdk.CSharp.targets (48,5)
       Property reassignment: $(PackageDescription)="Package Description" (previous value: "") at /usr/lib/dotnet/sdk/8.0.116/Sdks/NuGet.Build.Tasks.Pack/build/NuGet.Build.Tasks.Pack.targets (34,5)
       Property reassignment: $(GenerateNuspecDependsOn)="Build;_LoadPackInputItems; _GetTargetFrameworksOutput; _WalkEachTargetPerFramework; _GetPackageFiles; " (previous value: "_LoadPackInputItems; _GetTargetFrameworksOutput; _WalkEachTargetPerFramework; _GetPackageFiles; ") at /usr/lib/dotnet/sdk/8.0.116/Sdks/NuGet.Build.Tasks.Pack/build/NuGet.Build.Tasks.Pack.targets (59,5)
       Overriding target "ResolveFrameworkReferences" in project "/usr/lib/dotnet/sdk/8.0.116/Microsoft.Common.CurrentVersion.targets" with target "ResolveFrameworkReferences" from project "/usr/lib/dotnet/sdk/8.0.116/Sdks/Microsoft.NET.Sdk/targets/Microsoft.NET.Sdk.FrameworkReferenceResolution.targets".
       Overriding target "Run" in project "/usr/lib/dotnet/sdk/8.0.116/Microsoft.Common.CurrentVersion.targets" with target "Run" from project "/usr/lib/dotnet/sdk/8.0.116/Sdks/Microsoft.NET.Sdk/targets/Microsoft.NET.Sdk.targets".
       Overriding target "GenerateSupportedTargetFrameworkAlias" in project "/usr/lib/dotnet/sdk/8.0.116/Microsoft.Common.CurrentVersion.targets" with target "GenerateSupportedTargetFrameworkAlias" from project "/usr/lib/dotnet/sdk/8.0.116/Sdks/Microsoft.NET.Sdk/targets/Microsoft.NET.Sdk.targets".
       Overriding target "GetReferenceAssemblyPaths" in project "/usr/lib/dotnet/sdk/8.0.116/Microsoft.Common.CurrentVersion.targets" with target "GetReferenceAssemblyPaths" from project "/usr/lib/dotnet/sdk/8.0.116/Sdks/Microsoft.NET.Sdk/targets/Microsoft.NET.DisableStandardFrameworkResolution.targets".
       Overriding target "GetFrameworkPaths" in project "/usr/lib/dotnet/sdk/8.0.116/Microsoft.Common.CurrentVersion.targets" with target "GetFrameworkPaths" from project "/usr/lib/dotnet/sdk/8.0.116/Sdks/Microsoft.NET.Sdk/targets/Microsoft.NET.DisableStandardFrameworkResolution.targets".
       Overriding target "DesignerRuntimeImplementationProjectOutputGroup" in project "/usr/lib/dotnet/sdk/8.0.116/Microsoft.Common.CurrentVersion.targets" with target "DesignerRuntimeImplementationProjectOutputGroup" from project "/usr/lib/dotnet/sdk/8.0.116/Sdks/Microsoft.NET.Sdk/targets/Microsoft.NET.DesignerSupport.targets".
       Overriding target "Publish" in project "/usr/lib/dotnet/sdk/8.0.116/Microsoft.Common.CurrentVersion.targets" with target "Publish" from project "/usr/lib/dotnet/sdk/8.0.116/Sdks/Microsoft.NET.Sdk/targets/Microsoft.NET.Publish.targets".
       Overriding target "ResolveReadyToRunCompilers" in project "/usr/lib/dotnet/sdk/8.0.116/Sdks/Microsoft.NET.Sdk/targets/Microsoft.NET.CrossGen.targets" with target "ResolveReadyToRunCompilers" from project "/usr/lib/dotnet/sdk/8.0.116/Sdks/Microsoft.NET.Sdk/targets/Microsoft.NET.Publish.targets".
       Overriding target "GetCopyToPublishDirectoryItems" in project "/usr/lib/dotnet/sdk/8.0.116/Microsoft.Common.CurrentVersion.targets" with target "GetCopyToPublishDirectoryItems" from project "/usr/lib/dotnet/sdk/8.0.116/Sdks/Microsoft.NET.Sdk/targets/Microsoft.NET.Publish.targets".
     1>Project "/app/Prism.StoreApps/Microsoft.Practices.Prism.StoreApps.csproj" (1) is building "/app/Prism.StoreApps/Microsoft.Practices.Prism.StoreApps.csproj" (1:2) on node 1 (_IsProjectRestoreSupported target(s)).
   1:2>Target "_IsProjectRestoreSupported" in file "/usr/lib/dotnet/sdk/8.0.116/NuGet.targets" from project "/app/Prism.StoreApps/Microsoft.Practices.Prism.StoreApps.csproj" (entry point):
   1:2>Done building target "_IsProjectRestoreSupported" in project "Microsoft.Practices.Prism.StoreApps.csproj".
   1:2>Done Building Project "/app/Prism.StoreApps/Microsoft.Practices.Prism.StoreApps.csproj" (_IsProjectRestoreSupported target(s)).
     1>Done executing task "MSBuild".
       Task "MSBuild" skipped, due to false condition; ( '$(RestoreUseSkipNonexistentTargets)' != 'true' ) was evaluated as ( 'true' != 'true' ).
       Assembly loaded during TaskRun: NuGet.Build.Tasks, Version=6.8.1.32767, Culture=neutral, PublicKeyToken=31bf3856ad364e35 (location: /usr/lib/dotnet/sdk/8.0.116/NuGet.Build.Tasks.dll, MVID: 4e7363a1-33df-47b2-8981-e02791a237a9, AppDomain: [Default])
       Assembly loaded during TaskRun: NuGet.Common, Version=6.8.1.32767, Culture=neutral, PublicKeyToken=31bf3856ad364e35 (location: /usr/lib/dotnet/sdk/8.0.116/NuGet.Common.dll, MVID: 9c0c3485-ff9a-4b4c-b84d-46a66fdb1ccc, AppDomain: [Default])
       Assembly loaded during TaskRun: NuGet.Commands, Version=6.8.1.32767, Culture=neutral, PublicKeyToken=31bf3856ad364e35 (location: /usr/lib/dotnet/sdk/8.0.116/NuGet.Commands.dll, MVID: 7036046d-1f47-4f74-92cb-3a9a9a6eeddf, AppDomain: [Default])
       Assembly loaded during TaskRun: NuGet.ProjectModel, Version=6.8.1.32767, Culture=neutral, PublicKeyToken=31bf3856ad364e35 (location: /usr/lib/dotnet/sdk/8.0.116/NuGet.ProjectModel.dll, MVID: 57befd8e-3df5-4baf-b8d0-203b1deeacd1, AppDomain: [Default])
       Using "WarnForInvalidProjectsTask" task from assembly "/usr/lib/dotnet/sdk/8.0.116/NuGet.Build.Tasks.dll".
       Task "WarnForInvalidProjectsTask"
         (in) AllProjects '/app/Prism.StoreApps/Microsoft.Practices.Prism.StoreApps.csproj'
         (in) ValidProjects '/app/Prism.StoreApps/Microsoft.Practices.Prism.StoreApps.csproj'
       Done executing task "WarnForInvalidProjectsTask".
     1>Done building target "_FilterRestoreGraphProjectInputItems" in project "Microsoft.Practices.Prism.StoreApps.csproj".
       Target "_FilterRestoreGraphProjectInputItems" skipped. Previously built successfully.
     1>Target "_GetAllRestoreProjectPathItems" in file "/usr/lib/dotnet/sdk/8.0.116/NuGet.targets" from project "/app/Prism.StoreApps/Microsoft.Practices.Prism.StoreApps.csproj" (target "_GenerateRestoreGraph" depends on it):
       Using "NuGetMessageTask" task from assembly "/usr/lib/dotnet/sdk/8.0.116/NuGet.Build.Tasks.dll".
       Task "NuGetMessageTask"
         Determining projects to restore...
       Done executing task "NuGetMessageTask".
       Task "MSBuild"
         Global Properties:
           ExcludeRestorePackageImports=true
     1>Project "/app/Prism.StoreApps/Microsoft.Practices.Prism.StoreApps.csproj" (1) is building "/app/Prism.StoreApps/Microsoft.Practices.Prism.StoreApps.csproj" (1:3) on node 1 (_GenerateRestoreProjectPathWalk target(s)).
   1:3>Target "_GenerateRestoreProjectPathItemsAllFrameworks" skipped, due to false condition; ( '$(TargetFrameworks)' != '' ) was evaluated as ( '' != '' ).
   1:3>Target "_GenerateRestoreProjectPathItemsPerFramework" in file "/usr/lib/dotnet/sdk/8.0.116/NuGet.targets" from project "/app/Prism.StoreApps/Microsoft.Practices.Prism.StoreApps.csproj" (target "_GenerateRestoreProjectPathItemsCurrentProject" depends on it):
       Using "ConvertToAbsolutePath" task from assembly "Microsoft.Build.Tasks.Core, Version=15.1.0.0, Culture=neutral, PublicKeyToken=b03f5f7f11d50a3a".
       Task "ConvertToAbsolutePath"
       Done executing task "ConvertToAbsolutePath".
   1:3>Done building target "_GenerateRestoreProjectPathItemsPerFramework" in project "Microsoft.Practices.Prism.StoreApps.csproj".
   1:3>Target "_GenerateRestoreProjectPathItemsCurrentProject" in file "/usr/lib/dotnet/sdk/8.0.116/NuGet.targets" from project "/app/Prism.StoreApps/Microsoft.Practices.Prism.StoreApps.csproj" (target "_GenerateRestoreProjectPathItems" depends on it):
   1:3>Done building target "_GenerateRestoreProjectPathItemsCurrentProject" in project "Microsoft.Practices.Prism.StoreApps.csproj".
   1:3>Target "_GenerateRestoreProjectPathItems" in file "/usr/lib/dotnet/sdk/8.0.116/NuGet.targets" from project "/app/Prism.StoreApps/Microsoft.Practices.Prism.StoreApps.csproj" (target "_GenerateRestoreProjectPathWalk" depends on it):
       Task "RemoveDuplicates"
       Done executing task "RemoveDuplicates".
   1:3>Done building target "_GenerateRestoreProjectPathItems" in project "Microsoft.Practices.Prism.StoreApps.csproj".
   1:3>Target "_GenerateRestoreProjectPathWalk" in file "/usr/lib/dotnet/sdk/8.0.116/NuGet.targets" from project "/app/Prism.StoreApps/Microsoft.Practices.Prism.StoreApps.csproj" (entry point):
       Task "MSBuild"
         Global Properties:
           ExcludeRestorePackageImports=true
     0>Property reassignment: $(ImportDirectoryBuildProps)="false" (previous value: "true") at /usr/lib/dotnet/sdk/8.0.116/Sdks/Microsoft.NET.Sdk/Sdk/Sdk.props (57,5)
       Property 'MSBuildExtensionsPath' with value '/usr/lib/dotnet/sdk/8.0.116/' expanded from the environment.
       Property reassignment: $(MSBuildProjectExtensionsPath)="/app/Prism.PubSubEvents/obj/" (previous value: "obj/") at /usr/lib/dotnet/sdk/8.0.116/Current/Microsoft.Common.props (60,5)
       Property reassignment: $(AssemblySearchPaths)="{CandidateAssemblyFiles};{HintPathFromItem}" (previous value: "{CandidateAssemblyFiles}") at /usr/lib/dotnet/sdk/8.0.116/Sdks/Microsoft.NET.Sdk/targets/Microsoft.NET.Sdk.props (91,5)
       Property reassignment: $(AssemblySearchPaths)="{CandidateAssemblyFiles};{HintPathFromItem};{TargetFrameworkDirectory}" (previous value: "{CandidateAssemblyFiles};{HintPathFromItem}") at /usr/lib/dotnet/sdk/8.0.116/Sdks/Microsoft.NET.Sdk/targets/Microsoft.NET.Sdk.props (92,5)
       Property reassignment: $(AssemblySearchPaths)="{CandidateAssemblyFiles};{HintPathFromItem};{TargetFrameworkDirectory};{RawFileName}" (previous value: "{CandidateAssemblyFiles};{HintPathFromItem};{TargetFrameworkDirectory}") at /usr/lib/dotnet/sdk/8.0.116/Sdks/Microsoft.NET.Sdk/targets/Microsoft.NET.Sdk.props (93,5)
       Property reassignment: $(TargetsForTfmSpecificContentInPackage)=";PackTool;_PackProjectToolValidation" (previous value: ";PackTool") at /usr/lib/dotnet/sdk/8.0.116/Sdks/Microsoft.NET.Sdk/targets/Microsoft.NET.PackProjectTool.props (15,5)
       Property reassignment: $(PublishProfileImported)="false" (previous value: "true") at /usr/lib/dotnet/sdk/8.0.116/Sdks/Microsoft.NET.Sdk/targets/Microsoft.NET.Sdk.ImportPublishProfile.targets (28,5)
       Property reassignment: $(TargetPlatformVersion)="" (previous value: "0.0") at /usr/lib/dotnet/sdk/8.0.116/Sdks/Microsoft.NET.Sdk/targets/Microsoft.NET.TargetFrameworkInference.targets (69,5)
       Property reassignment: $(DefaultItemExcludes)=";bin/Debug//**;obj/Debug//**" (previous value: ";bin/Debug//**") at /usr/lib/dotnet/sdk/8.0.116/Sdks/Microsoft.NET.Sdk/targets/Microsoft.NET.DefaultOutputPaths.targets (122,5)
       Property reassignment: $(OutputPath)="bin/Debug/net8.0/" (previous value: "bin/Debug/") at /usr/lib/dotnet/sdk/8.0.116/Sdks/Microsoft.NET.Sdk/targets/Microsoft.NET.DefaultOutputPaths.targets (137,5)
       Property reassignment: $(IntermediateOutputPath)="obj/Debug/net8.0/" (previous value: "obj/Debug/") at /usr/lib/dotnet/sdk/8.0.116/Sdks/Microsoft.NET.Sdk/targets/Microsoft.NET.DefaultOutputPaths.targets (142,5)
       Property reassignment: $(_FrameworkIdentifierForImplicitDefine)="NET" (previous value: "NETCOREAPP") at /usr/lib/dotnet/sdk/8.0.116/Sdks/Microsoft.NET.Sdk/targets/Microsoft.NET.Sdk.BeforeCommon.targets (187,5)
       Property reassignment: $(_FrameworkVersionForImplicitDefine)="8_0" (previous value: "8.0") at /usr/lib/dotnet/sdk/8.0.116/Sdks/Microsoft.NET.Sdk/targets/Microsoft.NET.Sdk.BeforeCommon.targets (192,5)
       Property reassignment: $(CommandLineArgsForDesignTimeEvaluation)="-langversion:12.0 -define:TRACE" (previous value: "-langversion:12.0") at /usr/lib/dotnet/sdk/8.0.116/Roslyn/Microsoft.CSharp.Core.targets (197,5)
       Property reassignment: $(_DebugSymbolsProduced)="true" (previous value: "false") at /usr/lib/dotnet/sdk/8.0.116/Microsoft.Common.CurrentVersion.targets (175,5)
       Property reassignment: $(_DocumentationFileProduced)="false" (previous value: "true") at /usr/lib/dotnet/sdk/8.0.116/Microsoft.Common.CurrentVersion.targets (185,5)
       Property reassignment: $(ProcessorArchitecture)="msil" (previous value: "") at /usr/lib/dotnet/sdk/8.0.116/Microsoft.Common.CurrentVersion.targets (529,5)
       Property reassignment: $(DelaySign)="" (previous value: "false") at /usr/lib/dotnet/sdk/8.0.116/Microsoft.Common.CurrentVersion.targets (568,5)
       Property 'LocalAppData' with value '/home/swebot/.local/share' expanded from the environment.
       Property reassignment: $(_SGenGenerateSerializationAssembliesConfig)="Auto" (previous value: "") at /usr/lib/dotnet/sdk/8.0.116/Microsoft.Common.CurrentVersion.targets (3824,5)
       Property reassignment: $(_SGenGenerateSerializationAssembliesConfig)="Off" (previous value: "Auto") at /usr/lib/dotnet/sdk/8.0.116/Microsoft.Common.CurrentVersion.targets (3825,5)
       Property reassignment: $(_TargetsThatPrepareProjectReferences)="
             AssignProjectConfiguration;
             _SplitProjectReferencesByFileExistence
           " (previous value: "_SplitProjectReferencesByFileExistence") at /usr/lib/dotnet/sdk/8.0.116/Microsoft.Common.CurrentVersion.targets (4976,5)
       Property 'MSBuildExtensionsPath32' with value '/usr/lib/dotnet/sdk/8.0.116' expanded from the environment.
       Property reassignment: $(ProjectAssetsFile)="/app/Prism.PubSubEvents/obj/project.assets.json" (previous value: "/app/Prism.PubSubEvents/obj//project.assets.json") at /usr/lib/dotnet/sdk/8.0.116/Sdks/Microsoft.NET.Sdk/targets/Microsoft.PackageDependencyResolution.targets (24,5)
       Property reassignment: $(ProjectAssetsCacheFile)="/app/Prism.PubSubEvents/obj/Debug/net8.0/Microsoft.Practices.Prism.PubSubEvents.assets.cache" (previous value: "obj/Debug/net8.0/Microsoft.Practices.Prism.PubSubEvents.assets.cache") at /usr/lib/dotnet/sdk/8.0.116/Sdks/Microsoft.NET.Sdk/targets/Microsoft.PackageDependencyResolution.targets (29,5)
       Property reassignment: $(ResolveAssemblyReferencesDependsOn)="

             ResolveProjectReferences;
             FindInvalidProjectReferences;
             GetFrameworkPaths;
             GetReferenceAssemblyPaths;
             PrepareForBuild;
             ResolveSDKReferences;
             ExpandSDKReferences;
           ;
             ResolvePackageDependenciesForBuild;
             _HandlePackageFileConflicts;
           " (previous value: "
             ResolveProjectReferences;
             FindInvalidProjectReferences;
             GetFrameworkPaths;
             GetReferenceAssemblyPaths;
             PrepareForBuild;
             ResolveSDKReferences;
             ExpandSDKReferences;
           ") at /usr/lib/dotnet/sdk/8.0.116/Sdks/Microsoft.NET.Sdk/targets/Microsoft.PackageDependencyResolution.targets (80,5)
       Property reassignment: $(PrepareResourcesDependsOn)="
             ResolvePackageDependenciesForBuild;
             _HandlePackageFileConflicts;

             ;
             PrepareResourceNames;
             ResGen;
             CompileLicxFiles

           " (previous value: "
             ;
             PrepareResourceNames;
             ResGen;
             CompileLicxFiles
           ") at /usr/lib/dotnet/sdk/8.0.116/Sdks/Microsoft.NET.Sdk/targets/Microsoft.PackageDependencyResolution.targets (86,5)
       Property reassignment: $(DefaultItemExcludes)=";bin/Debug//**;obj/Debug//**;bin//**" (previous value: ";bin/Debug//**;obj/Debug//**") at /usr/lib/dotnet/sdk/8.0.116/Sdks/Microsoft.NET.Sdk/targets/Microsoft.NET.Sdk.DefaultItems.targets (27,5)
       Property reassignment: $(DefaultItemExcludes)=";bin/Debug//**;obj/Debug//**;bin//**;obj//**" (previous value: ";bin/Debug//**;obj/Debug//**;bin//**") at /usr/lib/dotnet/sdk/8.0.116/Sdks/Microsoft.NET.Sdk/targets/Microsoft.NET.Sdk.DefaultItems.targets (29,5)
       Property reassignment: $(DefaultItemExcludes)=";bin/Debug//**;obj/Debug//**;bin//**;obj//**;**/*.user" (previous value: ";bin/Debug//**;obj/Debug//**;bin//**;obj//**") at /usr/lib/dotnet/sdk/8.0.116/Sdks/Microsoft.NET.Sdk/targets/Microsoft.NET.Sdk.DefaultItems.targets (32,5)
       Property reassignment: $(DefaultItemExcludes)=";bin/Debug//**;obj/Debug//**;bin//**;obj//**;**/*.user;**/*.*proj" (previous value: ";bin/Debug//**;obj/Debug//**;bin//**;obj//**;**/*.user") at /usr/lib/dotnet/sdk/8.0.116/Sdks/Microsoft.NET.Sdk/targets/Microsoft.NET.Sdk.DefaultItems.targets (33,5)
       Property reassignment: $(DefaultItemExcludes)=";bin/Debug//**;obj/Debug//**;bin//**;obj//**;**/*.user;**/*.*proj;**/*.sln" (previous value: ";bin/Debug//**;obj/Debug//**;bin//**;obj//**;**/*.user;**/*.*proj") at /usr/lib/dotnet/sdk/8.0.116/Sdks/Microsoft.NET.Sdk/targets/Microsoft.NET.Sdk.DefaultItems.targets (34,5)
       Property reassignment: $(DefaultItemExcludes)=";bin/Debug//**;obj/Debug//**;bin//**;obj//**;**/*.user;**/*.*proj;**/*.sln;**/*.vssscc" (previous value: ";bin/Debug//**;obj/Debug//**;bin//**;obj//**;**/*.user;**/*.*proj;**/*.sln") at /usr/lib/dotnet/sdk/8.0.116/Sdks/Microsoft.NET.Sdk/targets/Microsoft.NET.Sdk.DefaultItems.targets (35,5)
       Property reassignment: $(DefaultItemExcludes)=";bin/Debug//**;obj/Debug//**;bin//**;obj//**;**/*.user;**/*.*proj;**/*.sln;**/*.vssscc;**/.DS_Store" (previous value: ";bin/Debug//**;obj/Debug//**;bin//**;obj//**;**/*.user;**/*.*proj;**/*.sln;**/*.vssscc") at /usr/lib/dotnet/sdk/8.0.116/Sdks/Microsoft.NET.Sdk/targets/Microsoft.NET.Sdk.DefaultItems.targets (36,5)
       Property reassignment: $(ResolveAssemblyReferencesDependsOn)="


             ResolveProjectReferences;
             FindInvalidProjectReferences;
             GetFrameworkPaths;
             GetReferenceAssemblyPaths;
             PrepareForBuild;
             ResolveSDKReferences;
             ExpandSDKReferences;
           ;
             ResolvePackageDependenciesForBuild;
             _HandlePackageFileConflicts;
           ;
             ResolveTargetingPackAssets;
           " (previous value: "

             ResolveProjectReferences;
             FindInvalidProjectReferences;
             GetFrameworkPaths;
             GetReferenceAssemblyPaths;
             PrepareForBuild;
             ResolveSDKReferences;
             ExpandSDKReferences;
           ;
             ResolvePackageDependenciesForBuild;
             _HandlePackageFileConflicts;
           ") at /usr/lib/dotnet/sdk/8.0.116/Sdks/Microsoft.NET.Sdk/targets/Microsoft.NET.Sdk.FrameworkReferenceResolution.targets (14,5)
       Property reassignment: $(_GenerateRuntimeConfigurationPropertyInputsCache)="/app/Prism.PubSubEvents/obj/Debug/net8.0/Microsoft.Practices.Prism.PubSubEvents.genruntimeconfig.cache" (previous value: "obj/Debug/net8.0/Microsoft.Practices.Prism.PubSubEvents.genruntimeconfig.cache") at /usr/lib/dotnet/sdk/8.0.116/Sdks/Microsoft.NET.Sdk/targets/Microsoft.NET.Sdk.targets (44,5)
       Property reassignment: $(_GeneratePublishDependencyFilePropertyInputsCache)="/app/Prism.PubSubEvents/obj/Debug/net8.0/Microsoft.Practices.Prism.PubSubEvents.genpublishdeps.cache" (previous value: "obj/Debug/net8.0/Microsoft.Practices.Prism.PubSubEvents.genpublishdeps.cache") at /usr/lib/dotnet/sdk/8.0.116/Sdks/Microsoft.NET.Sdk/targets/Microsoft.NET.Sdk.targets (46,5)
       Property reassignment: $(_GenerateSingleFileBundlePropertyInputsCache)="/app/Prism.PubSubEvents/obj/Debug/net8.0/Microsoft.Practices.Prism.PubSubEvents.genbundle.cache" (previous value: "obj/Debug/net8.0/Microsoft.Practices.Prism.PubSubEvents.genbundle.cache") at /usr/lib/dotnet/sdk/8.0.116/Sdks/Microsoft.NET.Sdk/targets/Microsoft.NET.Sdk.targets (48,5)
       Property reassignment: $(GenerateRuntimeConfigDevFile)="false" (previous value: "true") at /usr/lib/dotnet/sdk/8.0.116/Sdks/Microsoft.NET.Sdk/targets/Microsoft.NET.Sdk.targets (81,5)
       Property 'HOME' with value '/home/swebot' expanded from the environment.
       Property reassignment: $(_DefaultUserProfileRuntimeStorePath)="/home/swebot/.dotnet/store" (previous value: "/home/swebot") at /usr/lib/dotnet/sdk/8.0.116/Sdks/Microsoft.NET.Sdk/targets/Microsoft.NET.Sdk.targets (98,5)
       Property reassignment: $(AvailablePlatforms)="Any CPU,x86,x64,ARM32" (previous value: "Any CPU,x86,x64") at /usr/lib/dotnet/sdk/8.0.116/Sdks/Microsoft.NET.Sdk/targets/Microsoft.NET.Sdk.targets (136,5)
       Property reassignment: $(AvailablePlatforms)="Any CPU,x86,x64,ARM32,ARM64" (previous value: "Any CPU,x86,x64,ARM32") at /usr/lib/dotnet/sdk/8.0.116/Sdks/Microsoft.NET.Sdk/targets/Microsoft.NET.Sdk.targets (140,5)
       Property reassignment: $(CoreBuildDependsOn)="
             _CheckForBuildWithNoBuild;

             BuildOnlySettings;
             PrepareForBuild;
             PreBuildEvent;
             ResolveReferences;
             PrepareResources;
             ResolveKeySource;
             Compile;
             ExportWindowsMDFile;
             UnmanagedUnregistration;
             GenerateSerializationAssemblies;
             CreateSatelliteAssemblies;
             GenerateManifests;
             GetTargetPath;
             PrepareForRun;
             UnmanagedRegistration;
             IncrementalClean;
             PostBuildEvent
           ;
             GenerateBuildDependencyFile;
             GenerateBuildRuntimeConfigurationFiles
           " (previous value: "
             BuildOnlySettings;
             PrepareForBuild;
             PreBuildEvent;
             ResolveReferences;
             PrepareResources;
             ResolveKeySource;
             Compile;
             ExportWindowsMDFile;
             UnmanagedUnregistration;
             GenerateSerializationAssemblies;
             CreateSatelliteAssemblies;
             GenerateManifests;
             GetTargetPath;
             PrepareForRun;
             UnmanagedRegistration;
             IncrementalClean;
             PostBuildEvent
           ") at /usr/lib/dotnet/sdk/8.0.116/Sdks/Microsoft.NET.Sdk/targets/Microsoft.NET.Sdk.targets (197,5)
       Property reassignment: $(CoreCleanDependsOn)="
             _SdkBeforeClean;

           " (previous value: "") at /usr/lib/dotnet/sdk/8.0.116/Sdks/Microsoft.NET.Sdk/targets/Microsoft.NET.Sdk.targets (206,5)
       Property reassignment: $(RebuildDependsOn)="
             _SdkBeforeRebuild;

             BeforeRebuild;
             Clean;
             Build;
             AfterRebuild;

           " (previous value: "
             BeforeRebuild;
             Clean;
             Build;
             AfterRebuild;
           ") at /usr/lib/dotnet/sdk/8.0.116/Sdks/Microsoft.NET.Sdk/targets/Microsoft.NET.Sdk.targets (213,5)
       Property reassignment: $(CompileDependsOn)="

             ResolveReferences;
             ResolveKeySource;
             SetWin32ManifestProperties;
             FindReferenceAssembliesForReferences;
             _GenerateCompileInputs;
             BeforeCompile;
             _TimeStampBeforeCompile;
             _GenerateCompileDependencyCache;
             CoreCompile;
             _TimeStampAfterCompile;
             AfterCompile;
           ;
             _CreateAppHost;
             _CreateComHost;
             _GetIjwHostPaths;
           " (previous value: "
             ResolveReferences;
             ResolveKeySource;
             SetWin32ManifestProperties;
             FindReferenceAssembliesForReferences;
             _GenerateCompileInputs;
             BeforeCompile;
             _TimeStampBeforeCompile;
             _GenerateCompileDependencyCache;
             CoreCompile;
             _TimeStampAfterCompile;
             AfterCompile;
           ") at /usr/lib/dotnet/sdk/8.0.116/Sdks/Microsoft.NET.Sdk/targets/Microsoft.NET.Sdk.targets (679,5)
       Property reassignment: $(CreateSatelliteAssembliesDependsOn)="

             _GenerateSatelliteAssemblyInputs;
             ComputeIntermediateSatelliteAssemblies;
             GenerateSatelliteAssemblies
           ;
             CoreGenerateSatelliteAssemblies
           " (previous value: "
             _GenerateSatelliteAssemblyInputs;
             ComputeIntermediateSatelliteAssemblies;
             GenerateSatelliteAssemblies
           ") at /usr/lib/dotnet/sdk/8.0.116/Sdks/Microsoft.NET.Sdk/targets/Microsoft.NET.Sdk.targets (1065,5)
       Property reassignment: $(SourceLinkUrlInitializerTargets)=";_InitializeGitHubSourceLinkUrl;_InitializeGitLabSourceLinkUrl" (previous value: ";_InitializeGitHubSourceLinkUrl") at /usr/lib/dotnet/sdk/8.0.116/Sdks/Microsoft.SourceLink.GitLab/build/Microsoft.SourceLink.GitLab.targets (12,5)
       Property reassignment: $(SourceControlManagerUrlTranslationTargets)=";TranslateGitHubUrlsInSourceControlInformation;TranslateGitLabUrlsInSourceControlInformation" (previous value: ";TranslateGitHubUrlsInSourceControlInformation") at /usr/lib/dotnet/sdk/8.0.116/Sdks/Microsoft.SourceLink.GitLab/build/Microsoft.SourceLink.GitLab.targets (13,5)
       Property reassignment: $(SourceLinkUrlInitializerTargets)=";_InitializeGitHubSourceLinkUrl;_InitializeGitLabSourceLinkUrl;_InitializeAzureReposGitSourceLinkUrl" (previous value: ";_InitializeGitHubSourceLinkUrl;_InitializeGitLabSourceLinkUrl") at /usr/lib/dotnet/sdk/8.0.116/Sdks/Microsoft.SourceLink.AzureRepos.Git/build/Microsoft.SourceLink.AzureRepos.Git.targets (12,5)
       Property reassignment: $(SourceControlManagerUrlTranslationTargets)=";TranslateGitHubUrlsInSourceControlInformation;TranslateGitLabUrlsInSourceControlInformation;TranslateAzureReposGitUrlsInSourceControlInformation" (previous value: ";TranslateGitHubUrlsInSourceControlInformation;TranslateGitLabUrlsInSourceControlInformation") at /usr/lib/dotnet/sdk/8.0.116/Sdks/Microsoft.SourceLink.AzureRepos.Git/build/Microsoft.SourceLink.AzureRepos.Git.targets (13,5)
       Property reassignment: $(SourceLinkUrlInitializerTargets)=";_InitializeGitHubSourceLinkUrl;_InitializeGitLabSourceLinkUrl;_InitializeAzureReposGitSourceLinkUrl;_InitializeBitbucketGitSourceLinkUrl" (previous value: ";_InitializeGitHubSourceLinkUrl;_InitializeGitLabSourceLinkUrl;_InitializeAzureReposGitSourceLinkUrl") at /usr/lib/dotnet/sdk/8.0.116/Sdks/Microsoft.SourceLink.Bitbucket.Git/build/Microsoft.SourceLink.Bitbucket.Git.targets (12,5)
       Property reassignment: $(SourceControlManagerUrlTranslationTargets)=";TranslateGitHubUrlsInSourceControlInformation;TranslateGitLabUrlsInSourceControlInformation;TranslateAzureReposGitUrlsInSourceControlInformation;TranslateBitbucketGitUrlsInSourceControlInformation" (previous value: ";TranslateGitHubUrlsInSourceControlInformation;TranslateGitLabUrlsInSourceControlInformation;TranslateAzureReposGitUrlsInSourceControlInformation") at /usr/lib/dotnet/sdk/8.0.116/Sdks/Microsoft.SourceLink.Bitbucket.Git/build/Microsoft.SourceLink.Bitbucket.Git.targets (13,5)
       Property reassignment: $(DesignerRuntimeImplementationProjectOutputGroupDependsOn)="

             ;

             ;
             BuildOnlySettings;
             PrepareForBuild;
             AssignTargetPaths;
             ResolveReferences

           ;
             _GenerateDesignerDepsFile;
             _GenerateDesignerRuntimeConfigFile;
             GetCopyToOutputDirectoryItems;
             _GatherDesignerShadowCopyFiles;
           " (previous value: "
             ;

             ;
             BuildOnlySettings;
             PrepareForBuild;
             AssignTargetPaths;
             ResolveReferences

           ") at /usr/lib/dotnet/sdk/8.0.116/Sdks/Microsoft.NET.Sdk/targets/Microsoft.NET.DesignerSupport.targets (21,5)
       Property reassignment: $(_GenerateToolsSettingsFileCacheFile)="/app/Prism.PubSubEvents/obj/Debug/net8.0/Microsoft.Practices.Prism.PubSubEvents.toolssettingsinput.cache" (previous value: "obj/Debug/net8.0/Microsoft.Practices.Prism.PubSubEvents.toolssettingsinput.cache") at /usr/lib/dotnet/sdk/8.0.116/Sdks/Microsoft.NET.Sdk/targets/Microsoft.NET.PackTool.targets (68,5)
       Property reassignment: $(_ShimInputCacheFile)="/app/Prism.PubSubEvents/obj/Debug/net8.0/Microsoft.Practices.Prism.PubSubEvents.shiminput.cache" (previous value: "obj/Debug/net8.0/Microsoft.Practices.Prism.PubSubEvents.shiminput.cache") at /usr/lib/dotnet/sdk/8.0.116/Sdks/Microsoft.NET.Sdk/targets/Microsoft.NET.PackTool.targets (137,5)
       Property reassignment: $(_ShimCreatedSentinelFile)="/app/Prism.PubSubEvents/obj/Debug/net8.0/Microsoft.Practices.Prism.PubSubEvents.shimcreated.sentinel" (previous value: "obj/Debug/net8.0/Microsoft.Practices.Prism.PubSubEvents.shimcreated.sentinel") at /usr/lib/dotnet/sdk/8.0.116/Sdks/Microsoft.NET.Sdk/targets/Microsoft.NET.PackTool.targets (139,5)
       Property reassignment: $(DefineConstants)="TRACE;DEBUG" (previous value: "TRACE") at /usr/lib/dotnet/sdk/8.0.116/Sdks/Microsoft.NET.Sdk/targets/Microsoft.NET.Sdk.CSharp.targets (31,5)
       Property reassignment: $(DefineConstants)="TRACE;DEBUG;NET;NET8_0;NETCOREAPP" (previous value: "TRACE;DEBUG") at /usr/lib/dotnet/sdk/8.0.116/Sdks/Microsoft.NET.Sdk/targets/Microsoft.NET.Sdk.CSharp.targets (34,5)
       Property reassignment: $(WarningsAsErrors)=";NU1605;SYSLIB0011" (previous value: ";NU1605") at /usr/lib/dotnet/sdk/8.0.116/Sdks/Microsoft.NET.Sdk/targets/Microsoft.NET.Sdk.CSharp.targets (48,5)
       Property reassignment: $(PackageDescription)="Package Description" (previous value: "") at /usr/lib/dotnet/sdk/8.0.116/Sdks/NuGet.Build.Tasks.Pack/build/NuGet.Build.Tasks.Pack.targets (34,5)
       Property reassignment: $(GenerateNuspecDependsOn)="Build;_LoadPackInputItems; _GetTargetFrameworksOutput; _WalkEachTargetPerFramework; _GetPackageFiles; " (previous value: "_LoadPackInputItems; _GetTargetFrameworksOutput; _WalkEachTargetPerFramework; _GetPackageFiles; ") at /usr/lib/dotnet/sdk/8.0.116/Sdks/NuGet.Build.Tasks.Pack/build/NuGet.Build.Tasks.Pack.targets (59,5)
       Overriding target "ResolveFrameworkReferences" in project "/usr/lib/dotnet/sdk/8.0.116/Microsoft.Common.CurrentVersion.targets" with target "ResolveFrameworkReferences" from project "/usr/lib/dotnet/sdk/8.0.116/Sdks/Microsoft.NET.Sdk/targets/Microsoft.NET.Sdk.FrameworkReferenceResolution.targets".
       Overriding target "Run" in project "/usr/lib/dotnet/sdk/8.0.116/Microsoft.Common.CurrentVersion.targets" with target "Run" from project "/usr/lib/dotnet/sdk/8.0.116/Sdks/Microsoft.NET.Sdk/targets/Microsoft.NET.Sdk.targets".
       Overriding target "GenerateSupportedTargetFrameworkAlias" in project "/usr/lib/dotnet/sdk/8.0.116/Microsoft.Common.CurrentVersion.targets" with target "GenerateSupportedTargetFrameworkAlias" from project "/usr/lib/dotnet/sdk/8.0.116/Sdks/Microsoft.NET.Sdk/targets/Microsoft.NET.Sdk.targets".
       Overriding target "GetReferenceAssemblyPaths" in project "/usr/lib/dotnet/sdk/8.0.116/Microsoft.Common.CurrentVersion.targets" with target "GetReferenceAssemblyPaths" from project "/usr/lib/dotnet/sdk/8.0.116/Sdks/Microsoft.NET.Sdk/targets/Microsoft.NET.DisableStandardFrameworkResolution.targets".
       Overriding target "GetFrameworkPaths" in project "/usr/lib/dotnet/sdk/8.0.116/Microsoft.Common.CurrentVersion.targets" with target "GetFrameworkPaths" from project "/usr/lib/dotnet/sdk/8.0.116/Sdks/Microsoft.NET.Sdk/targets/Microsoft.NET.DisableStandardFrameworkResolution.targets".
       Overriding target "DesignerRuntimeImplementationProjectOutputGroup" in project "/usr/lib/dotnet/sdk/8.0.116/Microsoft.Common.CurrentVersion.targets" with target "DesignerRuntimeImplementationProjectOutputGroup" from project "/usr/lib/dotnet/sdk/8.0.116/Sdks/Microsoft.NET.Sdk/targets/Microsoft.NET.DesignerSupport.targets".
       Overriding target "Publish" in project "/usr/lib/dotnet/sdk/8.0.116/Microsoft.Common.CurrentVersion.targets" with target "Publish" from project "/usr/lib/dotnet/sdk/8.0.116/Sdks/Microsoft.NET.Sdk/targets/Microsoft.NET.Publish.targets".
       Overriding target "ResolveReadyToRunCompilers" in project "/usr/lib/dotnet/sdk/8.0.116/Sdks/Microsoft.NET.Sdk/targets/Microsoft.NET.CrossGen.targets" with target "ResolveReadyToRunCompilers" from project "/usr/lib/dotnet/sdk/8.0.116/Sdks/Microsoft.NET.Sdk/targets/Microsoft.NET.Publish.targets".
       Overriding target "GetCopyToPublishDirectoryItems" in project "/usr/lib/dotnet/sdk/8.0.116/Microsoft.Common.CurrentVersion.targets" with target "GetCopyToPublishDirectoryItems" from project "/usr/lib/dotnet/sdk/8.0.116/Sdks/Microsoft.NET.Sdk/targets/Microsoft.NET.Publish.targets".
   1:3>Project "/app/Prism.StoreApps/Microsoft.Practices.Prism.StoreApps.csproj" (1:3) is building "/app/Prism.PubSubEvents/Microsoft.Practices.Prism.PubSubEvents.csproj" (2) on node 1 (_GenerateRestoreProjectPathWalk target(s)).
     2>Target "_GenerateRestoreProjectPathItemsAllFrameworks" skipped, due to false condition; ( '$(TargetFrameworks)' != '' ) was evaluated as ( '' != '' ).
     2>Target "_GenerateRestoreProjectPathItemsPerFramework" in file "/usr/lib/dotnet/sdk/8.0.116/NuGet.targets" from project "/app/Prism.PubSubEvents/Microsoft.Practices.Prism.PubSubEvents.csproj" (target "_GenerateRestoreProjectPathItemsCurrentProject" depends on it):
       Task "ConvertToAbsolutePath"
       Done executing task "ConvertToAbsolutePath".
     2>Done building target "_GenerateRestoreProjectPathItemsPerFramework" in project "Microsoft.Practices.Prism.PubSubEvents.csproj".
     2>Target "_GenerateRestoreProjectPathItemsCurrentProject" in file "/usr/lib/dotnet/sdk/8.0.116/NuGet.targets" from project "/app/Prism.PubSubEvents/Microsoft.Practices.Prism.PubSubEvents.csproj" (target "_GenerateRestoreProjectPathItems" depends on it):
     2>Done building target "_GenerateRestoreProjectPathItemsCurrentProject" in project "Microsoft.Practices.Prism.PubSubEvents.csproj".
     2>Target "_GenerateRestoreProjectPathItems" in file "/usr/lib/dotnet/sdk/8.0.116/NuGet.targets" from project "/app/Prism.PubSubEvents/Microsoft.Practices.Prism.PubSubEvents.csproj" (target "_GenerateRestoreProjectPathWalk" depends on it):
       Task "RemoveDuplicates"
       Done executing task "RemoveDuplicates".
     2>Done building target "_GenerateRestoreProjectPathItems" in project "Microsoft.Practices.Prism.PubSubEvents.csproj".
     2>Target "_GenerateRestoreProjectPathWalk" in file "/usr/lib/dotnet/sdk/8.0.116/NuGet.targets" from project "/app/Prism.PubSubEvents/Microsoft.Practices.Prism.PubSubEvents.csproj" (entry point):
       Task "MSBuild"
       Done executing task "MSBuild".
       Task "MSBuild" skipped, due to false condition; ( '$(RestoreUseSkipNonexistentTargets)' != 'true' ) was evaluated as ( 'true' != 'true' ).
       Task "RemoveDuplicates"
       Done executing task "RemoveDuplicates".
     2>Done building target "_GenerateRestoreProjectPathWalk" in project "Microsoft.Practices.Prism.PubSubEvents.csproj".
     2>Done Building Project "/app/Prism.PubSubEvents/Microsoft.Practices.Prism.PubSubEvents.csproj" (_GenerateRestoreProjectPathWalk target(s)).
   1:3>Done executing task "MSBuild".
       Task "MSBuild" skipped, due to false condition; ( '$(RestoreUseSkipNonexistentTargets)' != 'true' ) was evaluated as ( 'true' != 'true' ).
       Task "RemoveDuplicates"
       Done executing task "RemoveDuplicates".
   1:3>Done building target "_GenerateRestoreProjectPathWalk" in project "Microsoft.Practices.Prism.StoreApps.csproj".
   1:3>Done Building Project "/app/Prism.StoreApps/Microsoft.Practices.Prism.StoreApps.csproj" (_GenerateRestoreProjectPathWalk target(s)).
     1>Done executing task "MSBuild".
       Task "MSBuild" skipped, due to false condition; ( '$(RestoreUseSkipNonexistentTargets)' != 'true' ) was evaluated as ( 'true' != 'true' ).
       Task "RemoveDuplicates"
       Done executing task "RemoveDuplicates".
       Task "MSBuild"
         Global Properties:
           ExcludeRestorePackageImports=true
     1>Project "/app/Prism.StoreApps/Microsoft.Practices.Prism.StoreApps.csproj" (1) is building "/app/Prism.StoreApps/Microsoft.Practices.Prism.StoreApps.csproj" (1:4) on node 1 (_IsProjectRestoreSupported target(s)).
   1:4>Target "_IsProjectRestoreSupported" skipped. Previously built successfully.
   1:4>Done Building Project "/app/Prism.StoreApps/Microsoft.Practices.Prism.StoreApps.csproj" (_IsProjectRestoreSupported target(s)).
     1>Project "/app/Prism.StoreApps/Microsoft.Practices.Prism.StoreApps.csproj" (1) is building "/app/Prism.PubSubEvents/Microsoft.Practices.Prism.PubSubEvents.csproj" (2:2) on node 1 (_IsProjectRestoreSupported target(s)).
   2:2>Target "_IsProjectRestoreSupported" in file "/usr/lib/dotnet/sdk/8.0.116/NuGet.targets" from project "/app/Prism.PubSubEvents/Microsoft.Practices.Prism.PubSubEvents.csproj" (entry point):
   2:2>Done building target "_IsProjectRestoreSupported" in project "Microsoft.Practices.Prism.PubSubEvents.csproj".
   2:2>Done Building Project "/app/Prism.PubSubEvents/Microsoft.Practices.Prism.PubSubEvents.csproj" (_IsProjectRestoreSupported target(s)).
     1>Done executing task "MSBuild".
       Task "MSBuild" skipped, due to false condition; ( '$(RestoreUseSkipNonexistentTargets)' != 'true' ) was evaluated as ( 'true' != 'true' ).
     1>Done building target "_GetAllRestoreProjectPathItems" in project "Microsoft.Practices.Prism.StoreApps.csproj".
     1>Target "_GenerateRestoreGraph" in file "/usr/lib/dotnet/sdk/8.0.116/NuGet.targets" from project "/app/Prism.StoreApps/Microsoft.Practices.Prism.StoreApps.csproj" (target "Restore" depends on it):
       Using "Message" task from assembly "Microsoft.Build.Tasks.Core, Version=15.1.0.0, Culture=neutral, PublicKeyToken=b03f5f7f11d50a3a".
       Task "Message"
         Generating dg file
       Done executing task "Message".
       Task "Message"
         /app/Prism.PubSubEvents/Microsoft.Practices.Prism.PubSubEvents.csproj
       Done executing task "Message".
       Task "Message"
         /app/Prism.StoreApps/Microsoft.Practices.Prism.StoreApps.csproj
       Done executing task "Message".
       Task "MSBuild"
         Global Properties:
           ExcludeRestorePackageImports=true
     1>Project "/app/Prism.StoreApps/Microsoft.Practices.Prism.StoreApps.csproj" (1) is building "/app/Prism.PubSubEvents/Microsoft.Practices.Prism.PubSubEvents.csproj" (2:3) on node 1 (_GenerateRestoreGraphProjectEntry target(s)).
   2:3>Target "_GetProjectJsonPath" in file "/usr/lib/dotnet/sdk/8.0.116/NuGet.targets" from project "/app/Prism.PubSubEvents/Microsoft.Practices.Prism.PubSubEvents.csproj" (target "_GetRestoreProjectStyle" depends on it):
   2:3>Task "GetRestoreProjectJsonPathTask" skipped, due to false condition; ( '$(RestoreProjectStyle)' == 'ProjectJson' OR '$(RestoreProjectStyle)' == '' ) was evaluated as ( 'PackageReference' == 'ProjectJson' OR 'PackageReference' == '' ).
   2:3>Done building target "_GetProjectJsonPath" in project "Microsoft.Practices.Prism.PubSubEvents.csproj".
       Target "_CheckForUnsupportedTargetPlatformIdentifier" skipped, due to false condition; ('$(TargetPlatformIdentifier)' != '' and '$(TargetFrameworkIdentifier)' == '.NETCoreApp' and $([MSBuild]::VersionGreaterThanOrEquals($(TargetFrameworkVersion), 5.0)) And ('$(DesignTimeBuild)' != 'true' Or '@(MissingWorkloadPack)' == '')) was evaluated as ('' != '' and '.NETCoreApp' == '.NETCoreApp' and True And ('' != 'true' Or '' == '')).
       Target "_CheckForMissingWorkload" skipped, due to false condition; ('@(MissingWorkloadPack)' != '' And '$(DesignTimeBuild)' != 'true') was evaluated as ('' != '' And '' != 'true').
   2:3>Target "_CheckForUnsupportedNETCoreVersion" in file "/usr/lib/dotnet/sdk/8.0.116/Sdks/Microsoft.NET.Sdk/targets/Microsoft.NET.TargetFrameworkInference.targets" from project "/app/Prism.PubSubEvents/Microsoft.Practices.Prism.PubSubEvents.csproj" (target "CollectPackageReferences" depends on it):
       Task "NETSdkError" skipped, due to false condition; ('$(_TargetFrameworkVersionWithoutV)' > '$(NETCoreAppMaximumVersion)' and '$(DisplayVSMessage)' != 'true') was evaluated as ('8.0' > '8.0' and '' != 'true').
       Task "NETSdkError" skipped, due to false condition; ('$(DisplayVSMessage)' == 'true') was evaluated as ('' == 'true').
   2:3>Done building target "_CheckForUnsupportedNETCoreVersion" in project "Microsoft.Practices.Prism.PubSubEvents.csproj".
       Target "_CheckForEolTargetFrameworks" skipped, due to false condition; ('@(_EolNetCoreTargetFrameworkVersions->AnyHaveMetadataValue('Identity', '$(_TargetFrameworkVersionWithoutV)'))' and '$(TargetFrameworkIdentifier)' == '.NETCoreApp' and '$(CheckEolTargetFramework)' == 'true') was evaluated as ('false' and '.NETCoreApp' == '.NETCoreApp' and '' == 'true').
       Target "_CheckForEolWorkloads" skipped, due to false condition; ('@(EolWorkload)' != '' and '$(CheckEolWorkloads)' == 'true') was evaluated as ('' != '' and 'true' == 'true').
   2:3>Target "_CheckForUnsupportedCppNETCoreVersion" in file "/usr/lib/dotnet/sdk/8.0.116/Sdks/Microsoft.NET.Sdk/targets/Microsoft.NET.TargetFrameworkInference.targets" from project "/app/Prism.PubSubEvents/Microsoft.Practices.Prism.PubSubEvents.csproj" (target "CollectPackageReferences" depends on it):
       Task "NETSdkError" skipped, due to false condition; ('$(TargetFrameworkIdentifier)' == '.NETCoreApp' and '$(_TargetFrameworkVersionWithoutV)' < '3.1' and ('$(Language)' == 'C++' and '$(_EnablePackageReferencesInVCProjects)' != 'true')) was evaluated as ('.NETCoreApp' == '.NETCoreApp' and '8.0' < '3.1' and ('C#' == 'C++' and '' != 'true')).
   2:3>Done building target "_CheckForUnsupportedCppNETCoreVersion" in project "Microsoft.Practices.Prism.PubSubEvents.csproj".
       Target "_CheckForUnsupportedNETStandardVersion" skipped, due to false condition; ('$(TargetFrameworkIdentifier)' == '.NETStandard' And '$(NETStandardMaximumVersion)' != '') was evaluated as ('.NETCoreApp' == '.NETStandard' And '' != '').
       Target "_CheckForUnsupportedTargetFrameworkAndFeatureCombination" skipped, due to false condition; ('$(TargetFrameworkIdentifier)' == '.NETFramework') was evaluated as ('.NETCoreApp' == '.NETFramework').
       Target "ApplyImplicitVersions" skipped, due to false condition; ('@(PackageReference)' != '') was evaluated as ('' != '').
       Target "IncludeTargetingPackReference" skipped, due to false condition; ('$(TargetFrameworkMoniker)' != '' and '$(TargetFrameworkIdentifier)' == '.NETFramework' and '$(AutomaticallyUseReferenceAssemblyPackages)' == 'true') was evaluated as ('.NETCoreApp,Version=v8.0' != '' and '.NETCoreApp' == '.NETFramework' and 'true' == 'true').
   2:3>Target "CheckForImplicitPackageReferenceOverrides" in file "/usr/lib/dotnet/sdk/8.0.116/Sdks/Microsoft.NET.Sdk/targets/Microsoft.NET.Sdk.DefaultItems.Shared.targets" from project "/app/Prism.PubSubEvents/Microsoft.Practices.Prism.PubSubEvents.csproj" (target "CollectPackageReferences" depends on it):
       Using "CheckForImplicitPackageReferenceOverrides" task from assembly "/usr/lib/dotnet/sdk/8.0.116/Sdks/Microsoft.NET.Sdk/targets/../tools/net8.0/Microsoft.NET.Build.Tasks.dll".
       Task "CheckForImplicitPackageReferenceOverrides"
       Done executing task "CheckForImplicitPackageReferenceOverrides".
   2:3>Done building target "CheckForImplicitPackageReferenceOverrides" in project "Microsoft.Practices.Prism.PubSubEvents.csproj".
       Target "AddWindowsSdkKnownFrameworkReferences" skipped, due to false condition; ('$(TargetFrameworkIdentifier)' == '.NETCoreApp' And '$(TargetPlatformIdentifier)' == 'Windows') was evaluated as ('.NETCoreApp' == '.NETCoreApp' And '' == 'Windows').
       Target "_NormalizeTargetPlatformVersion" skipped, due to false condition; ('$(TargetPlatformVersion)' != '' and '$(TargetFrameworkIdentifier)' == '.NETCoreApp' and $([MSBuild]::VersionGreaterThanOrEquals($(TargetFrameworkVersion), 5.0)) and ('$(Language)' != 'C++' or '$(_EnablePackageReferencesInVCProjects)' == 'true')) was evaluated as ('' != '' and '.NETCoreApp' == '.NETCoreApp' and True and ('C#' != 'C++' or '' == 'true')).
   2:3>Target "_CheckForLanguageAndFeatureCombinationSupport" in file "/usr/lib/dotnet/sdk/8.0.116/Sdks/Microsoft.NET.Sdk/targets/Microsoft.NET.RuntimeIdentifierInference.targets" from project "/app/Prism.PubSubEvents/Microsoft.Practices.Prism.PubSubEvents.csproj" (target "ProcessFrameworkReferences" depends on it):
       Task "NETSdkError" skipped, due to false condition; (('$(Language)' == 'C++' and '$(_EnablePackageReferencesInVCProjects)' != 'true') and $(OutputType) != 'library' and '$(TargetFrameworkIdentifier)' == '.NETCoreApp') was evaluated as (('C#' == 'C++' and '' != 'true') and Library != 'library' and '.NETCoreApp' == '.NETCoreApp').
       Task "NETSdkError" skipped, due to false condition; (('$(Language)' == 'C++' and '$(_EnablePackageReferencesInVCProjects)' != 'true') and $(EnableComHosting) == 'true') was evaluated as (('C#' == 'C++' and '' != 'true') and  == 'true').
       Task "NETSdkError" skipped, due to false condition; (('$(Language)' == 'C++' and '$(_EnablePackageReferencesInVCProjects)' != 'true') and $(SelfContained) == 'true') was evaluated as (('C#' == 'C++' and '' != 'true') and  == 'true').
   2:3>Done building target "_CheckForLanguageAndFeatureCombinationSupport" in project "Microsoft.Practices.Prism.PubSubEvents.csproj".
       Target "ApplyImplicitVersions" skipped, due to false condition; ('@(PackageReference)' != '') was evaluated as ('' != '').
   2:3>Target "_ComputeToolPackInputsToProcessFrameworkReferences" in file "/usr/lib/dotnet/sdk/8.0.116/Sdks/Microsoft.NET.Sdk/targets/Microsoft.NET.Publish.targets" from project "/app/Prism.PubSubEvents/Microsoft.Practices.Prism.PubSubEvents.csproj" (target "ProcessFrameworkReferences" depends on it):
   2:3>Done building target "_ComputeToolPackInputsToProcessFrameworkReferences" in project "Microsoft.Practices.Prism.PubSubEvents.csproj".
   2:3>Target "ProcessFrameworkReferences" in file "/usr/lib/dotnet/sdk/8.0.116/Sdks/Microsoft.NET.Sdk/targets/Microsoft.NET.Sdk.FrameworkReferenceResolution.targets" from project "/app/Prism.PubSubEvents/Microsoft.Practices.Prism.PubSubEvents.csproj" (target "CollectPackageReferences" depends on it):
       Using "CheckForDuplicateFrameworkReferences" task from assembly "/usr/lib/dotnet/sdk/8.0.116/Sdks/Microsoft.NET.Sdk/targets/../tools/net8.0/Microsoft.NET.Build.Tasks.dll".
       Task "CheckForDuplicateFrameworkReferences"
       Done executing task "CheckForDuplicateFrameworkReferences".
       Using "ProcessFrameworkReferences" task from assembly "/usr/lib/dotnet/sdk/8.0.116/Sdks/Microsoft.NET.Sdk/targets/../tools/net8.0/Microsoft.NET.Build.Tasks.dll".
       Task "ProcessFrameworkReferences"
       Done executing task "ProcessFrameworkReferences".
       Using "ResolveAppHosts" task from assembly "/usr/lib/dotnet/sdk/8.0.116/Sdks/Microsoft.NET.Sdk/targets/../tools/net8.0/Microsoft.NET.Build.Tasks.dll".
       Task "ResolveAppHosts"
       Done executing task "ResolveAppHosts".
   2:3>Done building target "ProcessFrameworkReferences" in project "Microsoft.Practices.Prism.PubSubEvents.csproj".
       Target "IncludeTargetingPackReference" skipped, due to false condition; ('$(TargetFrameworkMoniker)' != '' and '$(TargetFrameworkIdentifier)' == '.NETFramework' and '$(AutomaticallyUseReferenceAssemblyPackages)' == 'true') was evaluated as ('.NETCoreApp,Version=v8.0' != '' and '.NETCoreApp' == '.NETFramework' and 'true' == 'true').
   2:3>Target "_AddMicrosoftNetCompilerToolsetFrameworkPackage" in file "/usr/lib/dotnet/sdk/8.0.116/Sdks/Microsoft.NET.Sdk/targets/Microsoft.NET.Sdk.targets" from project "/app/Prism.PubSubEvents/Microsoft.Practices.Prism.PubSubEvents.csproj" (target "CollectPackageReferences" depends on it):
       Task "NETSdkWarning" skipped, due to false condition; ('@(PackageReference->AnyHaveMetadataValue('Identity', 'Microsoft.Net.Compilers.Toolset.Framework'))' == 'true') was evaluated as ('false' == 'true').
   2:3>Done building target "_AddMicrosoftNetCompilerToolsetFrameworkPackage" in project "Microsoft.Practices.Prism.PubSubEvents.csproj".
   2:3>Target "_CheckForObsoleteDotNetCliToolReferences" in file "/usr/lib/dotnet/sdk/8.0.116/Sdks/Microsoft.NET.Sdk/targets/Microsoft.NET.ObsoleteReferences.targets" from project "/app/Prism.PubSubEvents/Microsoft.Practices.Prism.PubSubEvents.csproj" (target "CollectPackageReferences" depends on it):
       Task "NETSdkWarning" skipped, due to false condition; ( '%(_ReferenceToObsoleteDotNetCliTool.Identity)' != '' ) was evaluated as ( '' != '' ).
   2:3>Done building target "_CheckForObsoleteDotNetCliToolReferences" in project "Microsoft.Practices.Prism.PubSubEvents.csproj".
   2:3>Target "CollectPackageReferences" in file "/usr/lib/dotnet/sdk/8.0.116/NuGet.targets" from project "/app/Prism.PubSubEvents/Microsoft.Practices.Prism.PubSubEvents.csproj" (target "_GetRestoreProjectStyle" depends on it):
       Using "CheckForDuplicateNuGetItemsTask" task from assembly "/usr/lib/dotnet/sdk/8.0.116/NuGet.Build.Tasks.dll".
       Task "CheckForDuplicateNuGetItemsTask"
       Done executing task "CheckForDuplicateNuGetItemsTask".
   2:3>Done building target "CollectPackageReferences" in project "Microsoft.Practices.Prism.PubSubEvents.csproj".
   2:3>Target "_GetRestoreProjectStyle" in file "/usr/lib/dotnet/sdk/8.0.116/NuGet.targets" from project "/app/Prism.PubSubEvents/Microsoft.Practices.Prism.PubSubEvents.csproj" (target "_GenerateRestoreSpecs" depends on it):
       Using "GetRestoreProjectStyleTask" task from assembly "/usr/lib/dotnet/sdk/8.0.116/NuGet.Build.Tasks.dll".
       Task "GetRestoreProjectStyleTask"
         (in) HasPackageReferenceItems 'False'
         (in) MSBuildProjectDirectory '/app/Prism.PubSubEvents'
         (in) MSBuildProjectName 'Microsoft.Practices.Prism.PubSubEvents'
         (in) ProjectJsonPath ''
         (in) RestoreProjectStyle 'PackageReference'
         (out) IsPackageReferenceCompatibleProjectStyle 'True'
         (out) ProjectStyle 'PackageReference'
       Done executing task "GetRestoreProjectStyleTask".
   2:3>Done building target "_GetRestoreProjectStyle" in project "Microsoft.Practices.Prism.PubSubEvents.csproj".
   2:3>Target "_GenerateRestoreSpecs" in file "/usr/lib/dotnet/sdk/8.0.116/NuGet.targets" from project "/app/Prism.PubSubEvents/Microsoft.Practices.Prism.PubSubEvents.csproj" (target "_GenerateRestoreGraphProjectEntry" depends on it):
       Task "Message"
         Restore entry point /app/Prism.PubSubEvents/Microsoft.Practices.Prism.PubSubEvents.csproj
       Done executing task "Message".
   2:3>Done building target "_GenerateRestoreSpecs" in project "Microsoft.Practices.Prism.PubSubEvents.csproj".
   2:3>Target "_GetRestoreSettingsOverrides" in file "/usr/lib/dotnet/sdk/8.0.116/NuGet.targets" from project "/app/Prism.PubSubEvents/Microsoft.Practices.Prism.PubSubEvents.csproj" (target "_GetRestoreSettings" depends on it):
       Task "MSBuild" skipped, due to false condition; ( '$(RestorePackagesPath)' != '' ) was evaluated as ( '' != '' ).
       Task "MSBuild" skipped, due to false condition; ( '$(RestoreRepositoryPathOverride)' != '' ) was evaluated as ( '' != '' ).
       Task "MSBuild" skipped, due to false condition; ( '$(RestoreSources)' != '' ) was evaluated as ( '' != '' ).
       Task "MSBuild" skipped, due to false condition; ( '$(RestoreFallbackFolders)' != '' ) was evaluated as ( '' != '' ).
   2:3>Done building target "_GetRestoreSettingsOverrides" in project "Microsoft.Practices.Prism.PubSubEvents.csproj".
   2:3>Target "_GetRestoreSettingsPerFramework" in file "/usr/lib/dotnet/sdk/8.0.116/NuGet.targets" from project "/app/Prism.PubSubEvents/Microsoft.Practices.Prism.PubSubEvents.csproj" (target "_GetRestoreSettingsCurrentProject" depends on it):
   2:3>Done building target "_GetRestoreSettingsPerFramework" in project "Microsoft.Practices.Prism.PubSubEvents.csproj".
   2:3>Target "_GetRestoreSettingsCurrentProject" in file "/usr/lib/dotnet/sdk/8.0.116/NuGet.targets" from project "/app/Prism.PubSubEvents/Microsoft.Practices.Prism.PubSubEvents.csproj" (target "_GetRestoreSettings" depends on it):
   2:3>Done building target "_GetRestoreSettingsCurrentProject" in project "Microsoft.Practices.Prism.PubSubEvents.csproj".
       Target "_GetRestoreSettingsAllFrameworks" skipped, due to false condition; ( '$(TargetFrameworks)' != '' AND '$(PackageReferenceCompatibleProjectStyle)' == 'true' ) was evaluated as ( '' != '' AND 'True' == 'true' ).
   2:3>Target "_GetRestoreSettings" in file "/usr/lib/dotnet/sdk/8.0.116/NuGet.targets" from project "/app/Prism.PubSubEvents/Microsoft.Practices.Prism.PubSubEvents.csproj" (target "_GenerateDotnetCliToolReferenceSpecs" depends on it):
       Using "GetRestoreSettingsTask" task from assembly "/usr/lib/dotnet/sdk/8.0.116/NuGet.Build.Tasks.dll".
       Task "GetRestoreSettingsTask"
         (in) ProjectUniqueName '/app/Prism.PubSubEvents/Microsoft.Practices.Prism.PubSubEvents.csproj'
         (in) RestoreSources ''
         (in) RestorePackagesPath ''
         (in) RestoreRepositoryPath ''
         (in) RestoreFallbackFolders ''
         (in) RestoreConfigFile ''
         (in) RestoreSolutionDirectory ''
         (in) RestoreRootConfigDirectory ''
         (in) RestorePackagesPathOverride ''
         (in) RestoreSourcesOverride ''
         (in) RestoreFallbackFoldersOverride ''
         (in) RestoreProjectStyle 'PackageReference'
         (in) MSBuildStartupDirectory '/app/Prism.StoreApps'
         Assembly loaded during TaskRun (NuGet.Build.Tasks.GetRestoreSettingsTask): NuGet.Configuration, Version=6.8.1.32767, Culture=neutral, PublicKeyToken=31bf3856ad364e35 (location: /usr/lib/dotnet/sdk/8.0.116/NuGet.Configuration.dll, MVID: a2f8a853-0571-47fe-a4aa-f2abc8b5ecc0, AppDomain: [Default])
         Assembly loaded during TaskRun (NuGet.Build.Tasks.GetRestoreSettingsTask): System.Xml.XDocument, Version=8.0.0.0, Culture=neutral, PublicKeyToken=b03f5f7f11d50a3a (location: /usr/lib/dotnet/shared/Microsoft.NETCore.App/8.0.16/System.Xml.XDocument.dll, MVID: 28b57f7e-611b-4246-8655-3dbd2c303aa0, AppDomain: [Default])
         Assembly loaded during TaskRun (NuGet.Build.Tasks.GetRestoreSettingsTask): System.Private.Xml.Linq, Version=8.0.0.0, Culture=neutral, PublicKeyToken=cc7b13ffcd2ddd51 (location: /usr/lib/dotnet/shared/Microsoft.NETCore.App/8.0.16/System.Private.Xml.Linq.dll, MVID: fc6d3e6a-c3fb-405a-9a53-db9dc7a4d86c, AppDomain: [Default])
         (out) OutputPackagesPath '/home/swebot/.nuget/packages/'
         (out) OutputRepositoryPath ''
         (out) OutputSources 'https://api.nuget.org/v3/index.json'
         (out) OutputFallbackFolders ''
         (out) OutputConfigFilePaths '/home/swebot/.nuget/NuGet/NuGet.Config'
       Done executing task "GetRestoreSettingsTask".
   2:3>Done building target "_GetRestoreSettings" in project "Microsoft.Practices.Prism.PubSubEvents.csproj".
   2:3>Target "_GenerateDotnetCliToolReferenceSpecs" in file "/usr/lib/dotnet/sdk/8.0.116/NuGet.targets" from project "/app/Prism.PubSubEvents/Microsoft.Practices.Prism.PubSubEvents.csproj" (target "_GenerateRestoreGraphProjectEntry" depends on it):
       Using "GetRestoreDotnetCliToolsTask" task from assembly "/usr/lib/dotnet/sdk/8.0.116/NuGet.Build.Tasks.dll".
       Task "GetRestoreDotnetCliToolsTask"
         (in) ProjectPath '/app/Prism.PubSubEvents/Microsoft.Practices.Prism.PubSubEvents.csproj'
         (in) DotnetCliToolReferences ''
         (in) RestoreSources 'https://api.nuget.org/v3/index.json'
         (in) RestorePackagesPath '/home/swebot/.nuget/packages/'
         (in) RestoreConfigFilePaths '/home/swebot/.nuget/NuGet/NuGet.Config'
       Done executing task "GetRestoreDotnetCliToolsTask".
   2:3>Done building target "_GenerateDotnetCliToolReferenceSpecs" in project "Microsoft.Practices.Prism.PubSubEvents.csproj".
   2:3>Target "_GenerateRestoreGraphProjectEntry" in file "/usr/lib/dotnet/sdk/8.0.116/NuGet.targets" from project "/app/Prism.PubSubEvents/Microsoft.Practices.Prism.PubSubEvents.csproj" (entry point):
   2:3>Done building target "_GenerateRestoreGraphProjectEntry" in project "Microsoft.Practices.Prism.PubSubEvents.csproj".
   2:3>Done Building Project "/app/Prism.PubSubEvents/Microsoft.Practices.Prism.PubSubEvents.csproj" (_GenerateRestoreGraphProjectEntry target(s)).
     1>Project "/app/Prism.StoreApps/Microsoft.Practices.Prism.StoreApps.csproj" (1) is building "/app/Prism.StoreApps/Microsoft.Practices.Prism.StoreApps.csproj" (1:5) on node 1 (_GenerateRestoreGraphProjectEntry target(s)).
   1:5>Target "_GetProjectJsonPath" in file "/usr/lib/dotnet/sdk/8.0.116/NuGet.targets" from project "/app/Prism.StoreApps/Microsoft.Practices.Prism.StoreApps.csproj" (target "_GetRestoreProjectStyle" depends on it):
   1:5>Task "GetRestoreProjectJsonPathTask" skipped, due to false condition; ( '$(RestoreProjectStyle)' == 'ProjectJson' OR '$(RestoreProjectStyle)' == '' ) was evaluated as ( 'PackageReference' == 'ProjectJson' OR 'PackageReference' == '' ).
   1:5>Done building target "_GetProjectJsonPath" in project "Microsoft.Practices.Prism.StoreApps.csproj".
       Target "_CheckForUnsupportedTargetPlatformIdentifier" skipped, due to false condition; ('$(TargetPlatformIdentifier)' != '' and '$(TargetFrameworkIdentifier)' == '.NETCoreApp' and $([MSBuild]::VersionGreaterThanOrEquals($(TargetFrameworkVersion), 5.0)) And ('$(DesignTimeBuild)' != 'true' Or '@(MissingWorkloadPack)' == '')) was evaluated as ('' != '' and '.NETCoreApp' == '.NETCoreApp' and True And ('' != 'true' Or '' == '')).
       Target "_CheckForMissingWorkload" skipped, due to false condition; ('@(MissingWorkloadPack)' != '' And '$(DesignTimeBuild)' != 'true') was evaluated as ('' != '' And '' != 'true').
   1:5>Target "_CheckForUnsupportedNETCoreVersion" in file "/usr/lib/dotnet/sdk/8.0.116/Sdks/Microsoft.NET.Sdk/targets/Microsoft.NET.TargetFrameworkInference.targets" from project "/app/Prism.StoreApps/Microsoft.Practices.Prism.StoreApps.csproj" (target "CollectPackageReferences" depends on it):
       Task "NETSdkError" skipped, due to false condition; ('$(_TargetFrameworkVersionWithoutV)' > '$(NETCoreAppMaximumVersion)' and '$(DisplayVSMessage)' != 'true') was evaluated as ('8.0' > '8.0' and '' != 'true').
       Task "NETSdkError" skipped, due to false condition; ('$(DisplayVSMessage)' == 'true') was evaluated as ('' == 'true').
   1:5>Done building target "_CheckForUnsupportedNETCoreVersion" in project "Microsoft.Practices.Prism.StoreApps.csproj".
       Target "_CheckForEolTargetFrameworks" skipped, due to false condition; ('@(_EolNetCoreTargetFrameworkVersions->AnyHaveMetadataValue('Identity', '$(_TargetFrameworkVersionWithoutV)'))' and '$(TargetFrameworkIdentifier)' == '.NETCoreApp' and '$(CheckEolTargetFramework)' == 'true') was evaluated as ('false' and '.NETCoreApp' == '.NETCoreApp' and '' == 'true').
       Target "_CheckForEolWorkloads" skipped, due to false condition; ('@(EolWorkload)' != '' and '$(CheckEolWorkloads)' == 'true') was evaluated as ('' != '' and 'true' == 'true').
   1:5>Target "_CheckForUnsupportedCppNETCoreVersion" in file "/usr/lib/dotnet/sdk/8.0.116/Sdks/Microsoft.NET.Sdk/targets/Microsoft.NET.TargetFrameworkInference.targets" from project "/app/Prism.StoreApps/Microsoft.Practices.Prism.StoreApps.csproj" (target "CollectPackageReferences" depends on it):
       Task "NETSdkError" skipped, due to false condition; ('$(TargetFrameworkIdentifier)' == '.NETCoreApp' and '$(_TargetFrameworkVersionWithoutV)' < '3.1' and ('$(Language)' == 'C++' and '$(_EnablePackageReferencesInVCProjects)' != 'true')) was evaluated as ('.NETCoreApp' == '.NETCoreApp' and '8.0' < '3.1' and ('C#' == 'C++' and '' != 'true')).
   1:5>Done building target "_CheckForUnsupportedCppNETCoreVersion" in project "Microsoft.Practices.Prism.StoreApps.csproj".
       Target "_CheckForUnsupportedNETStandardVersion" skipped, due to false condition; ('$(TargetFrameworkIdentifier)' == '.NETStandard' And '$(NETStandardMaximumVersion)' != '') was evaluated as ('.NETCoreApp' == '.NETStandard' And '' != '').
       Target "_CheckForUnsupportedTargetFrameworkAndFeatureCombination" skipped, due to false condition; ('$(TargetFrameworkIdentifier)' == '.NETFramework') was evaluated as ('.NETCoreApp' == '.NETFramework').
       Target "ApplyImplicitVersions" skipped, due to false condition; ('@(PackageReference)' != '') was evaluated as ('' != '').
       Target "IncludeTargetingPackReference" skipped, due to false condition; ('$(TargetFrameworkMoniker)' != '' and '$(TargetFrameworkIdentifier)' == '.NETFramework' and '$(AutomaticallyUseReferenceAssemblyPackages)' == 'true') was evaluated as ('.NETCoreApp,Version=v8.0' != '' and '.NETCoreApp' == '.NETFramework' and 'true' == 'true').
   1:5>Target "CheckForImplicitPackageReferenceOverrides" in file "/usr/lib/dotnet/sdk/8.0.116/Sdks/Microsoft.NET.Sdk/targets/Microsoft.NET.Sdk.DefaultItems.Shared.targets" from project "/app/Prism.StoreApps/Microsoft.Practices.Prism.StoreApps.csproj" (target "CollectPackageReferences" depends on it):
       Using "CheckForImplicitPackageReferenceOverrides" task from assembly "/usr/lib/dotnet/sdk/8.0.116/Sdks/Microsoft.NET.Sdk/targets/../tools/net8.0/Microsoft.NET.Build.Tasks.dll".
       Task "CheckForImplicitPackageReferenceOverrides"
       Done executing task "CheckForImplicitPackageReferenceOverrides".
   1:5>Done building target "CheckForImplicitPackageReferenceOverrides" in project "Microsoft.Practices.Prism.StoreApps.csproj".
       Target "AddWindowsSdkKnownFrameworkReferences" skipped, due to false condition; ('$(TargetFrameworkIdentifier)' == '.NETCoreApp' And '$(TargetPlatformIdentifier)' == 'Windows') was evaluated as ('.NETCoreApp' == '.NETCoreApp' And '' == 'Windows').
       Target "_NormalizeTargetPlatformVersion" skipped, due to false condition; ('$(TargetPlatformVersion)' != '' and '$(TargetFrameworkIdentifier)' == '.NETCoreApp' and $([MSBuild]::VersionGreaterThanOrEquals($(TargetFrameworkVersion), 5.0)) and ('$(Language)' != 'C++' or '$(_EnablePackageReferencesInVCProjects)' == 'true')) was evaluated as ('' != '' and '.NETCoreApp' == '.NETCoreApp' and True and ('C#' != 'C++' or '' == 'true')).
   1:5>Target "_CheckForLanguageAndFeatureCombinationSupport" in file "/usr/lib/dotnet/sdk/8.0.116/Sdks/Microsoft.NET.Sdk/targets/Microsoft.NET.RuntimeIdentifierInference.targets" from project "/app/Prism.StoreApps/Microsoft.Practices.Prism.StoreApps.csproj" (target "ProcessFrameworkReferences" depends on it):
       Task "NETSdkError" skipped, due to false condition; (('$(Language)' == 'C++' and '$(_EnablePackageReferencesInVCProjects)' != 'true') and $(OutputType) != 'library' and '$(TargetFrameworkIdentifier)' == '.NETCoreApp') was evaluated as (('C#' == 'C++' and '' != 'true') and Library != 'library' and '.NETCoreApp' == '.NETCoreApp').
       Task "NETSdkError" skipped, due to false condition; (('$(Language)' == 'C++' and '$(_EnablePackageReferencesInVCProjects)' != 'true') and $(EnableComHosting) == 'true') was evaluated as (('C#' == 'C++' and '' != 'true') and  == 'true').
       Task "NETSdkError" skipped, due to false condition; (('$(Language)' == 'C++' and '$(_EnablePackageReferencesInVCProjects)' != 'true') and $(SelfContained) == 'true') was evaluated as (('C#' == 'C++' and '' != 'true') and  == 'true').
   1:5>Done building target "_CheckForLanguageAndFeatureCombinationSupport" in project "Microsoft.Practices.Prism.StoreApps.csproj".
       Target "ApplyImplicitVersions" skipped, due to false condition; ('@(PackageReference)' != '') was evaluated as ('' != '').
   1:5>Target "_ComputeToolPackInputsToProcessFrameworkReferences" in file "/usr/lib/dotnet/sdk/8.0.116/Sdks/Microsoft.NET.Sdk/targets/Microsoft.NET.Publish.targets" from project "/app/Prism.StoreApps/Microsoft.Practices.Prism.StoreApps.csproj" (target "ProcessFrameworkReferences" depends on it):
   1:5>Done building target "_ComputeToolPackInputsToProcessFrameworkReferences" in project "Microsoft.Practices.Prism.StoreApps.csproj".
   1:5>Target "ProcessFrameworkReferences" in file "/usr/lib/dotnet/sdk/8.0.116/Sdks/Microsoft.NET.Sdk/targets/Microsoft.NET.Sdk.FrameworkReferenceResolution.targets" from project "/app/Prism.StoreApps/Microsoft.Practices.Prism.StoreApps.csproj" (target "CollectPackageReferences" depends on it):
       Using "CheckForDuplicateFrameworkReferences" task from assembly "/usr/lib/dotnet/sdk/8.0.116/Sdks/Microsoft.NET.Sdk/targets/../tools/net8.0/Microsoft.NET.Build.Tasks.dll".
       Task "CheckForDuplicateFrameworkReferences"
       Done executing task "CheckForDuplicateFrameworkReferences".
       Using "ProcessFrameworkReferences" task from assembly "/usr/lib/dotnet/sdk/8.0.116/Sdks/Microsoft.NET.Sdk/targets/../tools/net8.0/Microsoft.NET.Build.Tasks.dll".
       Task "ProcessFrameworkReferences"
       Done executing task "ProcessFrameworkReferences".
       Using "ResolveAppHosts" task from assembly "/usr/lib/dotnet/sdk/8.0.116/Sdks/Microsoft.NET.Sdk/targets/../tools/net8.0/Microsoft.NET.Build.Tasks.dll".
       Task "ResolveAppHosts"
       Done executing task "ResolveAppHosts".
   1:5>Done building target "ProcessFrameworkReferences" in project "Microsoft.Practices.Prism.StoreApps.csproj".
       Target "IncludeTargetingPackReference" skipped, due to false condition; ('$(TargetFrameworkMoniker)' != '' and '$(TargetFrameworkIdentifier)' == '.NETFramework' and '$(AutomaticallyUseReferenceAssemblyPackages)' == 'true') was evaluated as ('.NETCoreApp,Version=v8.0' != '' and '.NETCoreApp' == '.NETFramework' and 'true' == 'true').
   1:5>Target "_AddMicrosoftNetCompilerToolsetFrameworkPackage" in file "/usr/lib/dotnet/sdk/8.0.116/Sdks/Microsoft.NET.Sdk/targets/Microsoft.NET.Sdk.targets" from project "/app/Prism.StoreApps/Microsoft.Practices.Prism.StoreApps.csproj" (target "CollectPackageReferences" depends on it):
       Task "NETSdkWarning" skipped, due to false condition; ('@(PackageReference->AnyHaveMetadataValue('Identity', 'Microsoft.Net.Compilers.Toolset.Framework'))' == 'true') was evaluated as ('false' == 'true').
   1:5>Done building target "_AddMicrosoftNetCompilerToolsetFrameworkPackage" in project "Microsoft.Practices.Prism.StoreApps.csproj".
   1:5>Target "_CheckForObsoleteDotNetCliToolReferences" in file "/usr/lib/dotnet/sdk/8.0.116/Sdks/Microsoft.NET.Sdk/targets/Microsoft.NET.ObsoleteReferences.targets" from project "/app/Prism.StoreApps/Microsoft.Practices.Prism.StoreApps.csproj" (target "CollectPackageReferences" depends on it):
       Task "NETSdkWarning" skipped, due to false condition; ( '%(_ReferenceToObsoleteDotNetCliTool.Identity)' != '' ) was evaluated as ( '' != '' ).
   1:5>Done building target "_CheckForObsoleteDotNetCliToolReferences" in project "Microsoft.Practices.Prism.StoreApps.csproj".
   1:5>Target "CollectPackageReferences" in file "/usr/lib/dotnet/sdk/8.0.116/NuGet.targets" from project "/app/Prism.StoreApps/Microsoft.Practices.Prism.StoreApps.csproj" (target "_GetRestoreProjectStyle" depends on it):
       Using "CheckForDuplicateNuGetItemsTask" task from assembly "/usr/lib/dotnet/sdk/8.0.116/NuGet.Build.Tasks.dll".
       Task "CheckForDuplicateNuGetItemsTask"
       Done executing task "CheckForDuplicateNuGetItemsTask".
   1:5>Done building target "CollectPackageReferences" in project "Microsoft.Practices.Prism.StoreApps.csproj".
   1:5>Target "_GetRestoreProjectStyle" in file "/usr/lib/dotnet/sdk/8.0.116/NuGet.targets" from project "/app/Prism.StoreApps/Microsoft.Practices.Prism.StoreApps.csproj" (target "_GenerateRestoreSpecs" depends on it):
       Using "GetRestoreProjectStyleTask" task from assembly "/usr/lib/dotnet/sdk/8.0.116/NuGet.Build.Tasks.dll".
       Task "GetRestoreProjectStyleTask"
         (in) HasPackageReferenceItems 'False'
         (in) MSBuildProjectDirectory '/app/Prism.StoreApps'
         (in) MSBuildProjectName 'Microsoft.Practices.Prism.StoreApps'
         (in) ProjectJsonPath ''
         (in) RestoreProjectStyle 'PackageReference'
         (out) IsPackageReferenceCompatibleProjectStyle 'True'
         (out) ProjectStyle 'PackageReference'
       Done executing task "GetRestoreProjectStyleTask".
   1:5>Done building target "_GetRestoreProjectStyle" in project "Microsoft.Practices.Prism.StoreApps.csproj".
   1:5>Target "_GenerateRestoreSpecs" in file "/usr/lib/dotnet/sdk/8.0.116/NuGet.targets" from project "/app/Prism.StoreApps/Microsoft.Practices.Prism.StoreApps.csproj" (target "_GenerateRestoreGraphProjectEntry" depends on it):
       Task "Message"
         Restore entry point /app/Prism.StoreApps/Microsoft.Practices.Prism.StoreApps.csproj
       Done executing task "Message".
   1:5>Done building target "_GenerateRestoreSpecs" in project "Microsoft.Practices.Prism.StoreApps.csproj".
   1:5>Target "_GetRestoreSettingsOverrides" in file "/usr/lib/dotnet/sdk/8.0.116/NuGet.targets" from project "/app/Prism.StoreApps/Microsoft.Practices.Prism.StoreApps.csproj" (target "_GetRestoreSettings" depends on it):
       Task "MSBuild" skipped, due to false condition; ( '$(RestorePackagesPath)' != '' ) was evaluated as ( '' != '' ).
       Task "MSBuild" skipped, due to false condition; ( '$(RestoreRepositoryPathOverride)' != '' ) was evaluated as ( '' != '' ).
       Task "MSBuild" skipped, due to false condition; ( '$(RestoreSources)' != '' ) was evaluated as ( '' != '' ).
       Task "MSBuild" skipped, due to false condition; ( '$(RestoreFallbackFolders)' != '' ) was evaluated as ( '' != '' ).
   1:5>Done building target "_GetRestoreSettingsOverrides" in project "Microsoft.Practices.Prism.StoreApps.csproj".
   1:5>Target "_GetRestoreSettingsPerFramework" in file "/usr/lib/dotnet/sdk/8.0.116/NuGet.targets" from project "/app/Prism.StoreApps/Microsoft.Practices.Prism.StoreApps.csproj" (target "_GetRestoreSettingsCurrentProject" depends on it):
   1:5>Done building target "_GetRestoreSettingsPerFramework" in project "Microsoft.Practices.Prism.StoreApps.csproj".
   1:5>Target "_GetRestoreSettingsCurrentProject" in file "/usr/lib/dotnet/sdk/8.0.116/NuGet.targets" from project "/app/Prism.StoreApps/Microsoft.Practices.Prism.StoreApps.csproj" (target "_GetRestoreSettings" depends on it):
   1:5>Done building target "_GetRestoreSettingsCurrentProject" in project "Microsoft.Practices.Prism.StoreApps.csproj".
       Target "_GetRestoreSettingsAllFrameworks" skipped, due to false condition; ( '$(TargetFrameworks)' != '' AND '$(PackageReferenceCompatibleProjectStyle)' == 'true' ) was evaluated as ( '' != '' AND 'True' == 'true' ).
   1:5>Target "_GetRestoreSettings" in file "/usr/lib/dotnet/sdk/8.0.116/NuGet.targets" from project "/app/Prism.StoreApps/Microsoft.Practices.Prism.StoreApps.csproj" (target "_GenerateDotnetCliToolReferenceSpecs" depends on it):
       Using "GetRestoreSettingsTask" task from assembly "/usr/lib/dotnet/sdk/8.0.116/NuGet.Build.Tasks.dll".
       Task "GetRestoreSettingsTask"
         (in) ProjectUniqueName '/app/Prism.StoreApps/Microsoft.Practices.Prism.StoreApps.csproj'
         (in) RestoreSources ''
         (in) RestorePackagesPath ''
         (in) RestoreRepositoryPath ''
         (in) RestoreFallbackFolders ''
         (in) RestoreConfigFile ''
         (in) RestoreSolutionDirectory ''
         (in) RestoreRootConfigDirectory ''
         (in) RestorePackagesPathOverride ''
         (in) RestoreSourcesOverride ''
         (in) RestoreFallbackFoldersOverride ''
         (in) RestoreProjectStyle 'PackageReference'
         (in) MSBuildStartupDirectory '/app/Prism.StoreApps'
         (out) OutputPackagesPath '/home/swebot/.nuget/packages/'
         (out) OutputRepositoryPath ''
         (out) OutputSources 'https://api.nuget.org/v3/index.json'
         (out) OutputFallbackFolders ''
         (out) OutputConfigFilePaths '/home/swebot/.nuget/NuGet/NuGet.Config'
       Done executing task "GetRestoreSettingsTask".
   1:5>Done building target "_GetRestoreSettings" in project "Microsoft.Practices.Prism.StoreApps.csproj".
   1:5>Target "_GenerateDotnetCliToolReferenceSpecs" in file "/usr/lib/dotnet/sdk/8.0.116/NuGet.targets" from project "/app/Prism.StoreApps/Microsoft.Practices.Prism.StoreApps.csproj" (target "_GenerateRestoreGraphProjectEntry" depends on it):
       Using "GetRestoreDotnetCliToolsTask" task from assembly "/usr/lib/dotnet/sdk/8.0.116/NuGet.Build.Tasks.dll".
       Task "GetRestoreDotnetCliToolsTask"
         (in) ProjectPath '/app/Prism.StoreApps/Microsoft.Practices.Prism.StoreApps.csproj'
         (in) DotnetCliToolReferences ''
         (in) RestoreSources 'https://api.nuget.org/v3/index.json'
         (in) RestorePackagesPath '/home/swebot/.nuget/packages/'
         (in) RestoreConfigFilePaths '/home/swebot/.nuget/NuGet/NuGet.Config'
       Done executing task "GetRestoreDotnetCliToolsTask".
   1:5>Done building target "_GenerateDotnetCliToolReferenceSpecs" in project "Microsoft.Practices.Prism.StoreApps.csproj".
   1:5>Target "_GenerateRestoreGraphProjectEntry" in file "/usr/lib/dotnet/sdk/8.0.116/NuGet.targets" from project "/app/Prism.StoreApps/Microsoft.Practices.Prism.StoreApps.csproj" (entry point):
   1:5>Done building target "_GenerateRestoreGraphProjectEntry" in project "Microsoft.Practices.Prism.StoreApps.csproj".
   1:5>Done Building Project "/app/Prism.StoreApps/Microsoft.Practices.Prism.StoreApps.csproj" (_GenerateRestoreGraphProjectEntry target(s)).
     1>Done executing task "MSBuild".
       Task "MSBuild"
         Global Properties:
           ExcludeRestorePackageImports=true
     1>Project "/app/Prism.StoreApps/Microsoft.Practices.Prism.StoreApps.csproj" (1) is building "/app/Prism.PubSubEvents/Microsoft.Practices.Prism.PubSubEvents.csproj" (2:4) on node 1 (_GenerateProjectRestoreGraph target(s)).
   2:4>Target "_GetRestoreProjectStyle" skipped. Previously built successfully.
       Target "_GetRestoreProjectStyle" skipped. Previously built successfully.
       Target "_GetRestoreProjectStyle" skipped. Previously built successfully.
   2:4>Target "_GetRestoreTargetFrameworkOverride" in file "/usr/lib/dotnet/sdk/8.0.116/NuGet.targets" from project "/app/Prism.PubSubEvents/Microsoft.Practices.Prism.PubSubEvents.csproj" (target "_GetRestoreTargetFrameworksOutput" depends on it):
       Task "GetGlobalPropertyValueTask" skipped, due to false condition; ( '$(TargetFrameworks)' != '' ) was evaluated as ( '' != '' ).
   2:4>Done building target "_GetRestoreTargetFrameworkOverride" in project "Microsoft.Practices.Prism.PubSubEvents.csproj".
   2:4>Target "_GetRestoreTargetFrameworksOutput" in file "/usr/lib/dotnet/sdk/8.0.116/NuGet.targets" from project "/app/Prism.PubSubEvents/Microsoft.Practices.Prism.PubSubEvents.csproj" (target "_GenerateRestoreProjectSpec" depends on it):
       Using "GetProjectTargetFrameworksTask" task from assembly "/usr/lib/dotnet/sdk/8.0.116/NuGet.Build.Tasks.dll".
       Task "GetProjectTargetFrameworksTask"
         (in) ProjectPath '/app/Prism.PubSubEvents/Microsoft.Practices.Prism.PubSubEvents.csproj'
         (in) TargetFrameworkMoniker '.NETCoreApp,Version=v8.0'
         (in) TargetPlatformIdentifier ''
         (in) TargetPlatformVersion ''
         (in) TargetPlatformMinVersion ''
         (in) TargetFrameworks ''
         (in) TargetFramework 'net8.0'
         (out) ProjectTargetFrameworks 'net8.0'
       Done executing task "GetProjectTargetFrameworksTask".
   2:4>Done building target "_GetRestoreTargetFrameworksOutput" in project "Microsoft.Practices.Prism.PubSubEvents.csproj".
       Target "_GetRestoreSettings" skipped. Previously built successfully.
   2:4>Target "_GenerateRestoreProjectSpec" in file "/usr/lib/dotnet/sdk/8.0.116/NuGet.targets" from project "/app/Prism.PubSubEvents/Microsoft.Practices.Prism.PubSubEvents.csproj" (target "_GenerateProjectRestoreGraph" depends on it):
       Task "ConvertToAbsolutePath"
       Done executing task "ConvertToAbsolutePath".
   2:4>Done building target "_GenerateRestoreProjectSpec" in project "Microsoft.Practices.Prism.PubSubEvents.csproj".
       Target "_GenerateProjectRestoreGraphAllFrameworks" skipped, due to false condition; ( '$(TargetFrameworks)' != '' ) was evaluated as ( '' != '' ).
       Target "_GetRestoreProjectStyle" skipped. Previously built successfully.
       Target "CollectPackageReferences" skipped. Previously built successfully.
   2:4>Target "CollectPackageDownloads" in file "/usr/lib/dotnet/sdk/8.0.116/NuGet.targets" from project "/app/Prism.PubSubEvents/Microsoft.Practices.Prism.PubSubEvents.csproj" (target "_GenerateProjectRestoreGraphPerFramework" depends on it):
       Task "CheckForDuplicateNuGetItemsTask"
       Done executing task "CheckForDuplicateNuGetItemsTask".
   2:4>Done building target "CollectPackageDownloads" in project "Microsoft.Practices.Prism.PubSubEvents.csproj".
   2:4>Target "CollectFrameworkReferences" in file "/usr/lib/dotnet/sdk/8.0.116/NuGet.targets" from project "/app/Prism.PubSubEvents/Microsoft.Practices.Prism.PubSubEvents.csproj" (target "_GenerateProjectRestoreGraphPerFramework" depends on it):
   2:4>Done building target "CollectFrameworkReferences" in project "Microsoft.Practices.Prism.PubSubEvents.csproj".
   2:4>Target "CollectCentralPackageVersions" in file "/usr/lib/dotnet/sdk/8.0.116/NuGet.targets" from project "/app/Prism.PubSubEvents/Microsoft.Practices.Prism.PubSubEvents.csproj" (target "_GenerateProjectRestoreGraphPerFramework" depends on it):
       Task "CheckForDuplicateNuGetItemsTask"
       Done executing task "CheckForDuplicateNuGetItemsTask".
   2:4>Done building target "CollectCentralPackageVersions" in project "Microsoft.Practices.Prism.PubSubEvents.csproj".
       Target "PrepRestoreForStoreProjects" skipped, due to false condition; ('$(StorePackageName)' != '') was evaluated as ('' != '').
   2:4>Target "_GenerateProjectRestoreGraphPerFramework" in file "/usr/lib/dotnet/sdk/8.0.116/NuGet.targets" from project "/app/Prism.PubSubEvents/Microsoft.Practices.Prism.PubSubEvents.csproj" (target "_GenerateProjectRestoreGraphCurrentProject" depends on it):
       Using "GetRestoreProjectReferencesTask" task from assembly "/usr/lib/dotnet/sdk/8.0.116/NuGet.Build.Tasks.dll".
       Task "GetRestoreProjectReferencesTask"
         (in) ProjectUniqueName '/app/Prism.PubSubEvents/Microsoft.Practices.Prism.PubSubEvents.csproj'
         (in) TargetFrameworks 'net8.0'
         (in) ProjectReferences ''
         (in) ParentProjectPath '/app/Prism.PubSubEvents/Microsoft.Practices.Prism.PubSubEvents.csproj'
       Done executing task "GetRestoreProjectReferencesTask".
       Using "GetRestorePackageReferencesTask" task from assembly "/usr/lib/dotnet/sdk/8.0.116/NuGet.Build.Tasks.dll".
       Task "GetRestorePackageReferencesTask"
         (in) ProjectUniqueName '/app/Prism.PubSubEvents/Microsoft.Practices.Prism.PubSubEvents.csproj'
         (in) TargetFrameworks 'net8.0'
         (in) PackageReferences ''
       Done executing task "GetRestorePackageReferencesTask".
       Task "GetCentralPackageVersionsTask" skipped, due to false condition; ( '$(PackageReferenceCompatibleProjectStyle)' == 'true' AND '$(_CentralPackageVersionsEnabled)' == 'true' ) was evaluated as ( 'True' == 'true' AND '' == 'true' ).
       Using "GetRestorePackageDownloadsTask" task from assembly "/usr/lib/dotnet/sdk/8.0.116/NuGet.Build.Tasks.dll".
       Task "GetRestorePackageDownloadsTask"
         (in) ProjectUniqueName '/app/Prism.PubSubEvents/Microsoft.Practices.Prism.PubSubEvents.csproj'
         (in) TargetFrameworks 'net8.0'
         (in) PackageDownloads ''
       Done executing task "GetRestorePackageDownloadsTask".
       Using "GetRestoreFrameworkReferencesTask" task from assembly "/usr/lib/dotnet/sdk/8.0.116/NuGet.Build.Tasks.dll".
       Task "GetRestoreFrameworkReferencesTask"
         (in) ProjectUniqueName '/app/Prism.PubSubEvents/Microsoft.Practices.Prism.PubSubEvents.csproj'
         (in) TargetFrameworks 'net8.0'
         (in) FrameworkReferences 'Microsoft.NETCore.App'
       Done executing task "GetRestoreFrameworkReferencesTask".
   2:4>Done building target "_GenerateProjectRestoreGraphPerFramework" in project "Microsoft.Practices.Prism.PubSubEvents.csproj".
   2:4>Target "_GenerateProjectRestoreGraphCurrentProject" in file "/usr/lib/dotnet/sdk/8.0.116/NuGet.targets" from project "/app/Prism.PubSubEvents/Microsoft.Practices.Prism.PubSubEvents.csproj" (target "_GenerateRestoreDependencies" depends on it):
   2:4>Done building target "_GenerateProjectRestoreGraphCurrentProject" in project "Microsoft.Practices.Prism.PubSubEvents.csproj".
   2:4>Target "_GenerateRestoreDependencies" in file "/usr/lib/dotnet/sdk/8.0.116/NuGet.targets" from project "/app/Prism.PubSubEvents/Microsoft.Practices.Prism.PubSubEvents.csproj" (target "_GenerateProjectRestoreGraph" depends on it):
   2:4>Done building target "_GenerateRestoreDependencies" in project "Microsoft.Practices.Prism.PubSubEvents.csproj".
   2:4>Target "_GenerateProjectRestoreGraph" in file "/usr/lib/dotnet/sdk/8.0.116/NuGet.targets" from project "/app/Prism.PubSubEvents/Microsoft.Practices.Prism.PubSubEvents.csproj" (entry point):
   2:4>Done building target "_GenerateProjectRestoreGraph" in project "Microsoft.Practices.Prism.PubSubEvents.csproj".
   2:4>Done Building Project "/app/Prism.PubSubEvents/Microsoft.Practices.Prism.PubSubEvents.csproj" (_GenerateProjectRestoreGraph target(s)).
     1>Project "/app/Prism.StoreApps/Microsoft.Practices.Prism.StoreApps.csproj" (1) is building "/app/Prism.StoreApps/Microsoft.Practices.Prism.StoreApps.csproj" (1:6) on node 1 (_GenerateProjectRestoreGraph target(s)).
   1:6>Target "_GetRestoreProjectStyle" skipped. Previously built successfully.
       Target "_GetRestoreProjectStyle" skipped. Previously built successfully.
       Target "_GetRestoreProjectStyle" skipped. Previously built successfully.
   1:6>Target "_GetRestoreTargetFrameworkOverride" in file "/usr/lib/dotnet/sdk/8.0.116/NuGet.targets" from project "/app/Prism.StoreApps/Microsoft.Practices.Prism.StoreApps.csproj" (target "_GetRestoreTargetFrameworksOutput" depends on it):
       Task "GetGlobalPropertyValueTask" skipped, due to false condition; ( '$(TargetFrameworks)' != '' ) was evaluated as ( '' != '' ).
   1:6>Done building target "_GetRestoreTargetFrameworkOverride" in project "Microsoft.Practices.Prism.StoreApps.csproj".
   1:6>Target "_GetRestoreTargetFrameworksOutput" in file "/usr/lib/dotnet/sdk/8.0.116/NuGet.targets" from project "/app/Prism.StoreApps/Microsoft.Practices.Prism.StoreApps.csproj" (target "_GenerateRestoreProjectSpec" depends on it):
       Using "GetProjectTargetFrameworksTask" task from assembly "/usr/lib/dotnet/sdk/8.0.116/NuGet.Build.Tasks.dll".
       Task "GetProjectTargetFrameworksTask"
         (in) ProjectPath '/app/Prism.StoreApps/Microsoft.Practices.Prism.StoreApps.csproj'
         (in) TargetFrameworkMoniker '.NETCoreApp,Version=v8.0'
         (in) TargetPlatformIdentifier ''
         (in) TargetPlatformVersion ''
         (in) TargetPlatformMinVersion ''
         (in) TargetFrameworks ''
         (in) TargetFramework 'net8.0'
         (out) ProjectTargetFrameworks 'net8.0'
       Done executing task "GetProjectTargetFrameworksTask".
   1:6>Done building target "_GetRestoreTargetFrameworksOutput" in project "Microsoft.Practices.Prism.StoreApps.csproj".
       Target "_GetRestoreSettings" skipped. Previously built successfully.
   1:6>Target "_GenerateRestoreProjectSpec" in file "/usr/lib/dotnet/sdk/8.0.116/NuGet.targets" from project "/app/Prism.StoreApps/Microsoft.Practices.Prism.StoreApps.csproj" (target "_GenerateProjectRestoreGraph" depends on it):
       Task "ConvertToAbsolutePath"
       Done executing task "ConvertToAbsolutePath".
   1:6>Done building target "_GenerateRestoreProjectSpec" in project "Microsoft.Practices.Prism.StoreApps.csproj".
       Target "_GenerateProjectRestoreGraphAllFrameworks" skipped, due to false condition; ( '$(TargetFrameworks)' != '' ) was evaluated as ( '' != '' ).
       Target "_GetRestoreProjectStyle" skipped. Previously built successfully.
       Target "CollectPackageReferences" skipped. Previously built successfully.
   1:6>Target "CollectPackageDownloads" in file "/usr/lib/dotnet/sdk/8.0.116/NuGet.targets" from project "/app/Prism.StoreApps/Microsoft.Practices.Prism.StoreApps.csproj" (target "_GenerateProjectRestoreGraphPerFramework" depends on it):
       Task "CheckForDuplicateNuGetItemsTask"
       Done executing task "CheckForDuplicateNuGetItemsTask".
   1:6>Done building target "CollectPackageDownloads" in project "Microsoft.Practices.Prism.StoreApps.csproj".
   1:6>Target "CollectFrameworkReferences" in file "/usr/lib/dotnet/sdk/8.0.116/NuGet.targets" from project "/app/Prism.StoreApps/Microsoft.Practices.Prism.StoreApps.csproj" (target "_GenerateProjectRestoreGraphPerFramework" depends on it):
   1:6>Done building target "CollectFrameworkReferences" in project "Microsoft.Practices.Prism.StoreApps.csproj".
   1:6>Target "CollectCentralPackageVersions" in file "/usr/lib/dotnet/sdk/8.0.116/NuGet.targets" from project "/app/Prism.StoreApps/Microsoft.Practices.Prism.StoreApps.csproj" (target "_GenerateProjectRestoreGraphPerFramework" depends on it):
       Task "CheckForDuplicateNuGetItemsTask"
       Done executing task "CheckForDuplicateNuGetItemsTask".
   1:6>Done building target "CollectCentralPackageVersions" in project "Microsoft.Practices.Prism.StoreApps.csproj".
       Target "PrepRestoreForStoreProjects" skipped, due to false condition; ('$(StorePackageName)' != '') was evaluated as ('' != '').
   1:6>Target "_GenerateProjectRestoreGraphPerFramework" in file "/usr/lib/dotnet/sdk/8.0.116/NuGet.targets" from project "/app/Prism.StoreApps/Microsoft.Practices.Prism.StoreApps.csproj" (target "_GenerateProjectRestoreGraphCurrentProject" depends on it):
       Using "GetRestoreProjectReferencesTask" task from assembly "/usr/lib/dotnet/sdk/8.0.116/NuGet.Build.Tasks.dll".
       Task "GetRestoreProjectReferencesTask"
         (in) ProjectUniqueName '/app/Prism.StoreApps/Microsoft.Practices.Prism.StoreApps.csproj'
         (in) TargetFrameworks 'net8.0'
         (in) ProjectReferences '../Prism.PubSubEvents/Microsoft.Practices.Prism.PubSubEvents.csproj'
         (in) ParentProjectPath '/app/Prism.StoreApps/Microsoft.Practices.Prism.StoreApps.csproj'
       Done executing task "GetRestoreProjectReferencesTask".
       Using "GetRestorePackageReferencesTask" task from assembly "/usr/lib/dotnet/sdk/8.0.116/NuGet.Build.Tasks.dll".
       Task "GetRestorePackageReferencesTask"
         (in) ProjectUniqueName '/app/Prism.StoreApps/Microsoft.Practices.Prism.StoreApps.csproj'
         (in) TargetFrameworks 'net8.0'
         (in) PackageReferences ''
       Done executing task "GetRestorePackageReferencesTask".
       Task "GetCentralPackageVersionsTask" skipped, due to false condition; ( '$(PackageReferenceCompatibleProjectStyle)' == 'true' AND '$(_CentralPackageVersionsEnabled)' == 'true' ) was evaluated as ( 'True' == 'true' AND '' == 'true' ).
       Using "GetRestorePackageDownloadsTask" task from assembly "/usr/lib/dotnet/sdk/8.0.116/NuGet.Build.Tasks.dll".
       Task "GetRestorePackageDownloadsTask"
         (in) ProjectUniqueName '/app/Prism.StoreApps/Microsoft.Practices.Prism.StoreApps.csproj'
         (in) TargetFrameworks 'net8.0'
         (in) PackageDownloads ''
       Done executing task "GetRestorePackageDownloadsTask".
       Using "GetRestoreFrameworkReferencesTask" task from assembly "/usr/lib/dotnet/sdk/8.0.116/NuGet.Build.Tasks.dll".
       Task "GetRestoreFrameworkReferencesTask"
         (in) ProjectUniqueName '/app/Prism.StoreApps/Microsoft.Practices.Prism.StoreApps.csproj'
         (in) TargetFrameworks 'net8.0'
         (in) FrameworkReferences 'Microsoft.NETCore.App'
       Done executing task "GetRestoreFrameworkReferencesTask".
   1:6>Done building target "_GenerateProjectRestoreGraphPerFramework" in project "Microsoft.Practices.Prism.StoreApps.csproj".
   1:6>Target "_GenerateProjectRestoreGraphCurrentProject" in file "/usr/lib/dotnet/sdk/8.0.116/NuGet.targets" from project "/app/Prism.StoreApps/Microsoft.Practices.Prism.StoreApps.csproj" (target "_GenerateRestoreDependencies" depends on it):
   1:6>Done building target "_GenerateProjectRestoreGraphCurrentProject" in project "Microsoft.Practices.Prism.StoreApps.csproj".
   1:6>Target "_GenerateRestoreDependencies" in file "/usr/lib/dotnet/sdk/8.0.116/NuGet.targets" from project "/app/Prism.StoreApps/Microsoft.Practices.Prism.StoreApps.csproj" (target "_GenerateProjectRestoreGraph" depends on it):
   1:6>Done building target "_GenerateRestoreDependencies" in project "Microsoft.Practices.Prism.StoreApps.csproj".
   1:6>Target "_GenerateProjectRestoreGraph" in file "/usr/lib/dotnet/sdk/8.0.116/NuGet.targets" from project "/app/Prism.StoreApps/Microsoft.Practices.Prism.StoreApps.csproj" (entry point):
   1:6>Done building target "_GenerateProjectRestoreGraph" in project "Microsoft.Practices.Prism.StoreApps.csproj".
   1:6>Done Building Project "/app/Prism.StoreApps/Microsoft.Practices.Prism.StoreApps.csproj" (_GenerateProjectRestoreGraph target(s)).
     1>Done executing task "MSBuild".
     1>Done building target "_GenerateRestoreGraph" in project "Microsoft.Practices.Prism.StoreApps.csproj".
       Target "_CheckForUnsupportedTargetFramework" skipped, due to false condition; ('$(_UnsupportedTargetFrameworkError)' == 'true') was evaluated as ('' == 'true').
     1>Target "_CollectTargetFrameworkForTelemetry" in file "/usr/lib/dotnet/sdk/8.0.116/Sdks/Microsoft.NET.Sdk/targets/Microsoft.NET.TargetFrameworkInference.targets" from project "/app/Prism.StoreApps/Microsoft.Practices.Prism.StoreApps.csproj" (target "Restore" depends on it):
       Using "AllowEmptyTelemetry" task from assembly "/usr/lib/dotnet/sdk/8.0.116/Sdks/Microsoft.NET.Sdk/targets/../tools/net8.0/Microsoft.NET.Build.Tasks.dll".
       Task "AllowEmptyTelemetry"
       Done executing task "AllowEmptyTelemetry".
     1>Done building target "_CollectTargetFrameworkForTelemetry" in project "Microsoft.Practices.Prism.StoreApps.csproj".
     1>Target "_CheckForUnsupportedNETCoreVersion" in file "/usr/lib/dotnet/sdk/8.0.116/Sdks/Microsoft.NET.Sdk/targets/Microsoft.NET.TargetFrameworkInference.targets" from project "/app/Prism.StoreApps/Microsoft.Practices.Prism.StoreApps.csproj" (target "Restore" depends on it):
       Task "NETSdkError" skipped, due to false condition; ('$(_TargetFrameworkVersionWithoutV)' > '$(NETCoreAppMaximumVersion)' and '$(DisplayVSMessage)' != 'true') was evaluated as ('8.0' > '8.0' and '' != 'true').
       Task "NETSdkError" skipped, due to false condition; ('$(DisplayVSMessage)' == 'true') was evaluated as ('' == 'true').
     1>Done building target "_CheckForUnsupportedNETCoreVersion" in project "Microsoft.Practices.Prism.StoreApps.csproj".
       Target "_CheckForEolTargetFrameworks" skipped, due to false condition; ('@(_EolNetCoreTargetFrameworkVersions->AnyHaveMetadataValue('Identity', '$(_TargetFrameworkVersionWithoutV)'))' and '$(TargetFrameworkIdentifier)' == '.NETCoreApp' and '$(CheckEolTargetFramework)' == 'true') was evaluated as ('false' and '.NETCoreApp' == '.NETCoreApp' and '' == 'true').
       Target "_CheckForEolWorkloads" skipped, due to false condition; ('@(EolWorkload)' != '' and '$(CheckEolWorkloads)' == 'true') was evaluated as ('' != '' and 'true' == 'true').
     1>Target "_CheckForUnsupportedCppNETCoreVersion" in file "/usr/lib/dotnet/sdk/8.0.116/Sdks/Microsoft.NET.Sdk/targets/Microsoft.NET.TargetFrameworkInference.targets" from project "/app/Prism.StoreApps/Microsoft.Practices.Prism.StoreApps.csproj" (target "Restore" depends on it):
       Task "NETSdkError" skipped, due to false condition; ('$(TargetFrameworkIdentifier)' == '.NETCoreApp' and '$(_TargetFrameworkVersionWithoutV)' < '3.1' and ('$(Language)' == 'C++' and '$(_EnablePackageReferencesInVCProjects)' != 'true')) was evaluated as ('.NETCoreApp' == '.NETCoreApp' and '8.0' < '3.1' and ('C#' == 'C++' and '' != 'true')).
     1>Done building target "_CheckForUnsupportedCppNETCoreVersion" in project "Microsoft.Practices.Prism.StoreApps.csproj".
       Target "_CheckForUnsupportedNETStandardVersion" skipped, due to false condition; ('$(TargetFrameworkIdentifier)' == '.NETStandard' And '$(NETStandardMaximumVersion)' != '') was evaluated as ('.NETCoreApp' == '.NETStandard' And '' != '').
       Target "_CheckForUnsupportedTargetFrameworkAndFeatureCombination" skipped, due to false condition; ('$(TargetFrameworkIdentifier)' == '.NETFramework') was evaluated as ('.NETCoreApp' == '.NETFramework').
     1>Target "Restore" in file "/usr/lib/dotnet/sdk/8.0.116/NuGet.targets" from project "/app/Prism.StoreApps/Microsoft.Practices.Prism.StoreApps.csproj" (entry point):
       Task "RemoveDuplicates"
       Done executing task "RemoveDuplicates".
       Using "RestoreTask" task from assembly "/usr/lib/dotnet/sdk/8.0.116/NuGet.Build.Tasks.dll".
       Task "RestoreTask"
         (in) RestoreGraphItems Count '9'
         (in) RestoreDisableParallel 'False'
         (in) RestoreNoCache 'False'
         (in) RestoreIgnoreFailedSources 'False'
         (in) RestoreRecursive 'True'
         (in) RestoreForce 'False'
         (in) HideWarningsAndErrors 'False'
         (in) RestoreForceEvaluate 'False'
         (in) RestorePackagesConfig 'False'
         Assembly loaded during TaskRun (NuGet.Build.Tasks.RestoreTask): NuGet.Packaging, Version=6.8.1.32767, Culture=neutral, PublicKeyToken=31bf3856ad364e35 (location: /usr/lib/dotnet/sdk/8.0.116/NuGet.Packaging.dll, MVID: ba3ae1a1-fe0e-4b9d-a329-01b7218182cf, AppDomain: [Default])
         Assembly loaded during TaskRun (NuGet.Build.Tasks.RestoreTask): NuGet.LibraryModel, Version=6.8.1.32767, Culture=neutral, PublicKeyToken=31bf3856ad364e35 (location: /usr/lib/dotnet/sdk/8.0.116/NuGet.LibraryModel.dll, MVID: 64ba1471-c23f-4cf8-9e53-5803e8b435af, AppDomain: [Default])
         Assembly loaded during TaskRun (NuGet.Build.Tasks.RestoreTask): NuGet.Versioning, Version=6.8.1.32767, Culture=neutral, PublicKeyToken=31bf3856ad364e35 (location: /usr/lib/dotnet/sdk/8.0.116/NuGet.Versioning.dll, MVID: 34b02643-ab41-4609-a55f-4e7dd9a07a71, AppDomain: [Default])
         Assembly loaded during TaskRun (NuGet.Build.Tasks.RestoreTask): NuGet.Frameworks, Version=6.8.1.32767, Culture=neutral, PublicKeyToken=31bf3856ad364e35 (location: /usr/lib/dotnet/sdk/8.0.116/NuGet.Frameworks.dll, MVID: 3093ae85-e45c-4c43-a0f4-c7f88c735812, AppDomain: [Default])
         Assembly loaded during TaskRun (NuGet.Build.Tasks.RestoreTask): NuGet.Protocol, Version=6.8.1.32767, Culture=neutral, PublicKeyToken=31bf3856ad364e35 (location: /usr/lib/dotnet/sdk/8.0.116/NuGet.Protocol.dll, MVID: 46bb7fc1-43b7-4750-add9-f96f500fa36a, AppDomain: [Default])
         Assembly loaded during TaskRun (NuGet.Build.Tasks.RestoreTask): NuGet.Credentials, Version=6.8.1.32767, Culture=neutral, PublicKeyToken=31bf3856ad364e35 (location: /usr/lib/dotnet/sdk/8.0.116/NuGet.Credentials.dll, MVID: 2d81a434-9120-4b1c-94e1-f35b43c9207f, AppDomain: [Default])
         Assembly loaded during TaskRun (NuGet.Build.Tasks.RestoreTask): System.Formats.Asn1, Version=8.0.0.0, Culture=neutral, PublicKeyToken=cc7b13ffcd2ddd51 (location: /usr/lib/dotnet/shared/Microsoft.NETCore.App/8.0.16/System.Formats.Asn1.dll, MVID: 526b6838-abe0-42db-bd53-04692a37d703, AppDomain: [Default])
         Assembly loaded during TaskRun (NuGet.Build.Tasks.RestoreTask): System.Runtime.Numerics, Version=8.0.0.0, Culture=neutral, PublicKeyToken=b03f5f7f11d50a3a (location: /usr/lib/dotnet/shared/Microsoft.NETCore.App/8.0.16/System.Runtime.Numerics.dll, MVID: 841294b1-7538-458f-924d-8426c537f370, AppDomain: [Default])
         X.509 certificate chain validation will use the fallback certificate bundle at '/usr/lib/dotnet/sdk/8.0.116/trustedroots/codesignctl.pem'.
         X.509 certificate chain validation will use the fallback certificate bundle at '/usr/lib/dotnet/sdk/8.0.116/trustedroots/timestampctl.pem'.
         Assembly loaded during TaskRun (NuGet.Build.Tasks.RestoreTask): NuGet.DependencyResolver.Core, Version=6.8.1.32767, Culture=neutral, PublicKeyToken=31bf3856ad364e35 (location: /usr/lib/dotnet/sdk/8.0.116/NuGet.DependencyResolver.Core.dll, MVID: 343438d4-af68-474b-95b3-8e99601b0d15, AppDomain: [Default])
         Assembly loaded during TaskRun (NuGet.Build.Tasks.RestoreTask): System.Net.Primitives, Version=8.0.0.0, Culture=neutral, PublicKeyToken=b03f5f7f11d50a3a (location: /usr/lib/dotnet/shared/Microsoft.NETCore.App/8.0.16/System.Net.Primitives.dll, MVID: 97599346-d654-4e1b-9b9e-3c9affbb8201, AppDomain: [Default])
         Running restore with 4 concurrent jobs.
         Reading project file /app/Prism.StoreApps/Microsoft.Practices.Prism.StoreApps.csproj.
         Reading project file /app/Prism.PubSubEvents/Microsoft.Practices.Prism.PubSubEvents.csproj.
         Assembly loaded during TaskRun (NuGet.Build.Tasks.RestoreTask): Newtonsoft.Json, Version=13.0.0.0, Culture=neutral, PublicKeyToken=30ad4fe6b2a6aeed (location: /usr/lib/dotnet/sdk/8.0.116/Newtonsoft.Json.dll, MVID: 3c836545-9ccc-431d-ad71-8831671d01d4, AppDomain: [Default])
         Assembly loaded during TaskRun (NuGet.Build.Tasks.RestoreTask): System.Runtime.Serialization.Primitives, Version=8.0.0.0, Culture=neutral, PublicKeyToken=b03f5f7f11d50a3a (location: /usr/lib/dotnet/shared/Microsoft.NETCore.App/8.0.16/System.Runtime.Serialization.Primitives.dll, MVID: 1e06b963-72e0-4918-9526-e2498ed3db97, AppDomain: [Default])
         Restoring packages for /app/Prism.PubSubEvents/Microsoft.Practices.Prism.PubSubEvents.csproj...
         Restoring packages for /app/Prism.StoreApps/Microsoft.Practices.Prism.StoreApps.csproj...
         Restoring packages for .NETCoreApp,Version=v8.0...
         Restoring packages for .NETCoreApp,Version=v8.0...
         Resolving conflicts for net8.0...
         Resolving conflicts for net8.0...
         Assembly loaded during TaskRun (NuGet.Build.Tasks.RestoreTask): System.Net.Http, Version=8.0.0.0, Culture=neutral, PublicKeyToken=b03f5f7f11d50a3a (location: /usr/lib/dotnet/shared/Microsoft.NETCore.App/8.0.16/System.Net.Http.dll, MVID: c27b9529-dbc1-4e65-bd38-b811f1e61f36, AppDomain: [Default])
         Assembly loaded during TaskRun (NuGet.Build.Tasks.RestoreTask): System.Linq.Expressions, Version=8.0.0.0, Culture=neutral, PublicKeyToken=b03f5f7f11d50a3a (location: /usr/lib/dotnet/shared/Microsoft.NETCore.App/8.0.16/System.Linq.Expressions.dll, MVID: 20c1178f-5306-4bc9-bf8d-e0132328f61c, AppDomain: [Default])
         Assembly loaded during TaskRun (NuGet.Build.Tasks.RestoreTask): System.ComponentModel.TypeConverter, Version=8.0.0.0, Culture=neutral, PublicKeyToken=b03f5f7f11d50a3a (location: /usr/lib/dotnet/shared/Microsoft.NETCore.App/8.0.16/System.ComponentModel.TypeConverter.dll, MVID: 4ec04604-b5e8-4b87-8fd2-168366816915, AppDomain: [Default])
         Assembly loaded during TaskRun (NuGet.Build.Tasks.RestoreTask): System.ObjectModel, Version=8.0.0.0, Culture=neutral, PublicKeyToken=b03f5f7f11d50a3a (location: /usr/lib/dotnet/shared/Microsoft.NETCore.App/8.0.16/System.ObjectModel.dll, MVID: dd265fc3-6eff-47b2-80d1-f93b149d2fb2, AppDomain: [Default])
           CACHE https://api.nuget.org/v3/vulnerabilities/index.json
         Assembly loaded during TaskRun (NuGet.Build.Tasks.RestoreTask): System.Runtime.Serialization.Formatters, Version=8.0.0.0, Culture=neutral, PublicKeyToken=b03f5f7f11d50a3a (location: /usr/lib/dotnet/shared/Microsoft.NETCore.App/8.0.16/System.Runtime.Serialization.Formatters.dll, MVID: fbd6ba96-3806-4b52-8f19-81f66b372d21, AppDomain: [Default])
         Assembly loaded during TaskRun (NuGet.Build.Tasks.RestoreTask): System.Text.Encodings.Web, Version=8.0.0.0, Culture=neutral, PublicKeyToken=cc7b13ffcd2ddd51 (location: /usr/lib/dotnet/shared/Microsoft.NETCore.App/8.0.16/System.Text.Encodings.Web.dll, MVID: ce5973e0-d9ed-455b-876f-192e85368bff, AppDomain: [Default])
         Assembly loaded during TaskRun (NuGet.Build.Tasks.RestoreTask): System.Runtime.Intrinsics, Version=8.0.0.0, Culture=neutral, PublicKeyToken=cc7b13ffcd2ddd51 (location: /usr/lib/dotnet/shared/Microsoft.NETCore.App/8.0.16/System.Runtime.Intrinsics.dll, MVID: 30927b03-ba46-44e1-881c-8d7dead5928b, AppDomain: [Default])
         Assembly loaded during TaskRun (NuGet.Build.Tasks.RestoreTask): System.Numerics.Vectors, Version=8.0.0.0, Culture=neutral, PublicKeyToken=b03f5f7f11d50a3a (location: /usr/lib/dotnet/shared/Microsoft.NETCore.App/8.0.16/System.Numerics.Vectors.dll, MVID: 0555dc97-89c4-4aa4-8572-2e9165efd68b, AppDomain: [Default])
           CACHE https://api.nuget.org/v3-vulnerabilities/2025.05.28.05.39.59/vulnerability.base.json
           CACHE https://api.nuget.org/v3-vulnerabilities/2025.05.28.05.39.59/2025.05.31.17.40.13/vulnerability.update.json
         All packages and projects are compatible with net8.0.
         Committing restore...
         Generating MSBuild file /app/Prism.PubSubEvents/obj/Microsoft.Practices.Prism.PubSubEvents.csproj.nuget.g.props.
         All packages and projects are compatible with net8.0.
         Committing restore...
         Generating MSBuild file /app/Prism.StoreApps/obj/Microsoft.Practices.Prism.StoreApps.csproj.nuget.g.props.
         Generating MSBuild file /app/Prism.StoreApps/obj/Microsoft.Practices.Prism.StoreApps.csproj.nuget.g.targets.
         Generating MSBuild file /app/Prism.PubSubEvents/obj/Microsoft.Practices.Prism.PubSubEvents.csproj.nuget.g.targets.
         Writing assets file to disk. Path: /app/Prism.StoreApps/obj/project.assets.json
         Writing assets file to disk. Path: /app/Prism.PubSubEvents/obj/project.assets.json
         Writing cache file to disk. Path: /app/Prism.PubSubEvents/obj/project.nuget.cache
         Writing cache file to disk. Path: /app/Prism.StoreApps/obj/project.nuget.cache
         Persisting dg to /app/Prism.StoreApps/obj/Microsoft.Practices.Prism.StoreApps.csproj.nuget.dgspec.json
         Persisting dg to /app/Prism.PubSubEvents/obj/Microsoft.Practices.Prism.PubSubEvents.csproj.nuget.dgspec.json
         Restored /app/Prism.PubSubEvents/Microsoft.Practices.Prism.PubSubEvents.csproj (in 358 ms).
         Restored /app/Prism.StoreApps/Microsoft.Practices.Prism.StoreApps.csproj (in 364 ms).

         NuGet Config files used:
             /home/swebot/.nuget/NuGet/NuGet.Config

         Feeds used:
             https://api.nuget.org/v3/index.json
       Done executing task "RestoreTask".
     1>Done building target "Restore" in project "Microsoft.Practices.Prism.StoreApps.csproj".
     1>Done Building Project "/app/Prism.StoreApps/Microsoft.Practices.Prism.StoreApps.csproj" (Restore target(s)).
     0>Resolving SDK 'Microsoft.NET.Sdk'...
       Property reassignment: $(ImportDirectoryBuildProps)="false" (previous value: "true") at /usr/lib/dotnet/sdk/8.0.116/Sdks/Microsoft.NET.Sdk/Sdk/Sdk.props (57,5)
       Property 'MSBuildExtensionsPath' with value '/usr/lib/dotnet/sdk/8.0.116/' expanded from the environment.
       Property reassignment: $(MSBuildProjectExtensionsPath)="/app/Prism.StoreApps/obj/" (previous value: "obj/") at /usr/lib/dotnet/sdk/8.0.116/Current/Microsoft.Common.props (60,5)
       Property reassignment: $(AssemblySearchPaths)="{CandidateAssemblyFiles};{HintPathFromItem}" (previous value: "{CandidateAssemblyFiles}") at /usr/lib/dotnet/sdk/8.0.116/Sdks/Microsoft.NET.Sdk/targets/Microsoft.NET.Sdk.props (91,5)
       Property reassignment: $(AssemblySearchPaths)="{CandidateAssemblyFiles};{HintPathFromItem};{TargetFrameworkDirectory}" (previous value: "{CandidateAssemblyFiles};{HintPathFromItem}") at /usr/lib/dotnet/sdk/8.0.116/Sdks/Microsoft.NET.Sdk/targets/Microsoft.NET.Sdk.props (92,5)
       Property reassignment: $(AssemblySearchPaths)="{CandidateAssemblyFiles};{HintPathFromItem};{TargetFrameworkDirectory};{RawFileName}" (previous value: "{CandidateAssemblyFiles};{HintPathFromItem};{TargetFrameworkDirectory}") at /usr/lib/dotnet/sdk/8.0.116/Sdks/Microsoft.NET.Sdk/targets/Microsoft.NET.Sdk.props (93,5)
       Resolving SDK 'Microsoft.NET.SDK.WorkloadAutoImportPropsLocator'...
       Property reassignment: $(TargetsForTfmSpecificContentInPackage)=";PackTool;_PackProjectToolValidation" (previous value: ";PackTool") at /usr/lib/dotnet/sdk/8.0.116/Sdks/Microsoft.NET.Sdk/targets/Microsoft.NET.PackProjectTool.props (15,5)
       Property reassignment: $(PublishProfileImported)="false" (previous value: "true") at /usr/lib/dotnet/sdk/8.0.116/Sdks/Microsoft.NET.Sdk/targets/Microsoft.NET.Sdk.ImportPublishProfile.targets (28,5)
       Property reassignment: $(TargetPlatformVersion)="" (previous value: "0.0") at /usr/lib/dotnet/sdk/8.0.116/Sdks/Microsoft.NET.Sdk/targets/Microsoft.NET.TargetFrameworkInference.targets (69,5)
       Property reassignment: $(DefaultItemExcludes)=";bin/Debug//**;obj/Debug//**" (previous value: ";bin/Debug//**") at /usr/lib/dotnet/sdk/8.0.116/Sdks/Microsoft.NET.Sdk/targets/Microsoft.NET.DefaultOutputPaths.targets (122,5)
       Property reassignment: $(OutputPath)="bin/Debug/net8.0/" (previous value: "bin/Debug/") at /usr/lib/dotnet/sdk/8.0.116/Sdks/Microsoft.NET.Sdk/targets/Microsoft.NET.DefaultOutputPaths.targets (137,5)
       Property reassignment: $(IntermediateOutputPath)="obj/Debug/net8.0/" (previous value: "obj/Debug/") at /usr/lib/dotnet/sdk/8.0.116/Sdks/Microsoft.NET.Sdk/targets/Microsoft.NET.DefaultOutputPaths.targets (142,5)
       Resolving SDK 'Microsoft.NET.SDK.WorkloadManifestTargetsLocator'...
       Property reassignment: $(_FrameworkIdentifierForImplicitDefine)="NET" (previous value: "NETCOREAPP") at /usr/lib/dotnet/sdk/8.0.116/Sdks/Microsoft.NET.Sdk/targets/Microsoft.NET.Sdk.BeforeCommon.targets (187,5)
       Property reassignment: $(_FrameworkVersionForImplicitDefine)="8_0" (previous value: "8.0") at /usr/lib/dotnet/sdk/8.0.116/Sdks/Microsoft.NET.Sdk/targets/Microsoft.NET.Sdk.BeforeCommon.targets (192,5)
       Property reassignment: $(CommandLineArgsForDesignTimeEvaluation)="-langversion:12.0 -define:TRACE" (previous value: "-langversion:12.0") at /usr/lib/dotnet/sdk/8.0.116/Roslyn/Microsoft.CSharp.Core.targets (197,5)
       Property reassignment: $(_DebugSymbolsProduced)="true" (previous value: "false") at /usr/lib/dotnet/sdk/8.0.116/Microsoft.Common.CurrentVersion.targets (175,5)
       Property reassignment: $(_DocumentationFileProduced)="false" (previous value: "true") at /usr/lib/dotnet/sdk/8.0.116/Microsoft.Common.CurrentVersion.targets (185,5)
       Property reassignment: $(ProcessorArchitecture)="msil" (previous value: "") at /usr/lib/dotnet/sdk/8.0.116/Microsoft.Common.CurrentVersion.targets (529,5)
       Property reassignment: $(DelaySign)="" (previous value: "false") at /usr/lib/dotnet/sdk/8.0.116/Microsoft.Common.CurrentVersion.targets (568,5)
       Property 'LocalAppData' with value '/home/swebot/.local/share' expanded from the environment.
       Property reassignment: $(_SGenGenerateSerializationAssembliesConfig)="Auto" (previous value: "") at /usr/lib/dotnet/sdk/8.0.116/Microsoft.Common.CurrentVersion.targets (3824,5)
       Property reassignment: $(_SGenGenerateSerializationAssembliesConfig)="Off" (previous value: "Auto") at /usr/lib/dotnet/sdk/8.0.116/Microsoft.Common.CurrentVersion.targets (3825,5)
       Property reassignment: $(_TargetsThatPrepareProjectReferences)="
             AssignProjectConfiguration;
             _SplitProjectReferencesByFileExistence
           " (previous value: "_SplitProjectReferencesByFileExistence") at /usr/lib/dotnet/sdk/8.0.116/Microsoft.Common.CurrentVersion.targets (4976,5)
       Property 'MSBuildExtensionsPath32' with value '/usr/lib/dotnet/sdk/8.0.116' expanded from the environment.
       Property reassignment: $(ProjectAssetsCacheFile)="/app/Prism.StoreApps/obj/Debug/net8.0/Microsoft.Practices.Prism.StoreApps.assets.cache" (previous value: "obj/Debug/net8.0/Microsoft.Practices.Prism.StoreApps.assets.cache") at /usr/lib/dotnet/sdk/8.0.116/Sdks/Microsoft.NET.Sdk/targets/Microsoft.PackageDependencyResolution.targets (29,5)
       Property reassignment: $(ResolveAssemblyReferencesDependsOn)="

             ResolveProjectReferences;
             FindInvalidProjectReferences;
             GetFrameworkPaths;
             GetReferenceAssemblyPaths;
             PrepareForBuild;
             ResolveSDKReferences;
             ExpandSDKReferences;
           ;
             ResolvePackageDependenciesForBuild;
             _HandlePackageFileConflicts;
           " (previous value: "
             ResolveProjectReferences;
             FindInvalidProjectReferences;
             GetFrameworkPaths;
             GetReferenceAssemblyPaths;
             PrepareForBuild;
             ResolveSDKReferences;
             ExpandSDKReferences;
           ") at /usr/lib/dotnet/sdk/8.0.116/Sdks/Microsoft.NET.Sdk/targets/Microsoft.PackageDependencyResolution.targets (80,5)
       Property reassignment: $(PrepareResourcesDependsOn)="
             ResolvePackageDependenciesForBuild;
             _HandlePackageFileConflicts;

             ;
             PrepareResourceNames;
             ResGen;
             CompileLicxFiles

           " (previous value: "
             ;
             PrepareResourceNames;
             ResGen;
             CompileLicxFiles
           ") at /usr/lib/dotnet/sdk/8.0.116/Sdks/Microsoft.NET.Sdk/targets/Microsoft.PackageDependencyResolution.targets (86,5)
       Property reassignment: $(DefaultItemExcludes)=";bin/Debug//**;obj/Debug//**;bin//**" (previous value: ";bin/Debug//**;obj/Debug//**") at /usr/lib/dotnet/sdk/8.0.116/Sdks/Microsoft.NET.Sdk/targets/Microsoft.NET.Sdk.DefaultItems.targets (27,5)
       Property reassignment: $(DefaultItemExcludes)=";bin/Debug//**;obj/Debug//**;bin//**;obj//**" (previous value: ";bin/Debug//**;obj/Debug//**;bin//**") at /usr/lib/dotnet/sdk/8.0.116/Sdks/Microsoft.NET.Sdk/targets/Microsoft.NET.Sdk.DefaultItems.targets (29,5)
       Property reassignment: $(DefaultItemExcludes)=";bin/Debug//**;obj/Debug//**;bin//**;obj//**;**/*.user" (previous value: ";bin/Debug//**;obj/Debug//**;bin//**;obj//**") at /usr/lib/dotnet/sdk/8.0.116/Sdks/Microsoft.NET.Sdk/targets/Microsoft.NET.Sdk.DefaultItems.targets (32,5)
       Property reassignment: $(DefaultItemExcludes)=";bin/Debug//**;obj/Debug//**;bin//**;obj//**;**/*.user;**/*.*proj" (previous value: ";bin/Debug//**;obj/Debug//**;bin//**;obj//**;**/*.user") at /usr/lib/dotnet/sdk/8.0.116/Sdks/Microsoft.NET.Sdk/targets/Microsoft.NET.Sdk.DefaultItems.targets (33,5)
       Property reassignment: $(DefaultItemExcludes)=";bin/Debug//**;obj/Debug//**;bin//**;obj//**;**/*.user;**/*.*proj;**/*.sln" (previous value: ";bin/Debug//**;obj/Debug//**;bin//**;obj//**;**/*.user;**/*.*proj") at /usr/lib/dotnet/sdk/8.0.116/Sdks/Microsoft.NET.Sdk/targets/Microsoft.NET.Sdk.DefaultItems.targets (34,5)
       Property reassignment: $(DefaultItemExcludes)=";bin/Debug//**;obj/Debug//**;bin//**;obj//**;**/*.user;**/*.*proj;**/*.sln;**/*.vssscc" (previous value: ";bin/Debug//**;obj/Debug//**;bin//**;obj//**;**/*.user;**/*.*proj;**/*.sln") at /usr/lib/dotnet/sdk/8.0.116/Sdks/Microsoft.NET.Sdk/targets/Microsoft.NET.Sdk.DefaultItems.targets (35,5)
       Property reassignment: $(DefaultItemExcludes)=";bin/Debug//**;obj/Debug//**;bin//**;obj//**;**/*.user;**/*.*proj;**/*.sln;**/*.vssscc;**/.DS_Store" (previous value: ";bin/Debug//**;obj/Debug//**;bin//**;obj//**;**/*.user;**/*.*proj;**/*.sln;**/*.vssscc") at /usr/lib/dotnet/sdk/8.0.116/Sdks/Microsoft.NET.Sdk/targets/Microsoft.NET.Sdk.DefaultItems.targets (36,5)
       Property reassignment: $(ResolveAssemblyReferencesDependsOn)="


             ResolveProjectReferences;
             FindInvalidProjectReferences;
             GetFrameworkPaths;
             GetReferenceAssemblyPaths;
             PrepareForBuild;
             ResolveSDKReferences;
             ExpandSDKReferences;
           ;
             ResolvePackageDependenciesForBuild;
             _HandlePackageFileConflicts;
           ;
             ResolveTargetingPackAssets;
           " (previous value: "

             ResolveProjectReferences;
             FindInvalidProjectReferences;
             GetFrameworkPaths;
             GetReferenceAssemblyPaths;
             PrepareForBuild;
             ResolveSDKReferences;
             ExpandSDKReferences;
           ;
             ResolvePackageDependenciesForBuild;
             _HandlePackageFileConflicts;
           ") at /usr/lib/dotnet/sdk/8.0.116/Sdks/Microsoft.NET.Sdk/targets/Microsoft.NET.Sdk.FrameworkReferenceResolution.targets (14,5)
       Property reassignment: $(_GenerateRuntimeConfigurationPropertyInputsCache)="/app/Prism.StoreApps/obj/Debug/net8.0/Microsoft.Practices.Prism.StoreApps.genruntimeconfig.cache" (previous value: "obj/Debug/net8.0/Microsoft.Practices.Prism.StoreApps.genruntimeconfig.cache") at /usr/lib/dotnet/sdk/8.0.116/Sdks/Microsoft.NET.Sdk/targets/Microsoft.NET.Sdk.targets (44,5)
       Property reassignment: $(_GeneratePublishDependencyFilePropertyInputsCache)="/app/Prism.StoreApps/obj/Debug/net8.0/Microsoft.Practices.Prism.StoreApps.genpublishdeps.cache" (previous value: "obj/Debug/net8.0/Microsoft.Practices.Prism.StoreApps.genpublishdeps.cache") at /usr/lib/dotnet/sdk/8.0.116/Sdks/Microsoft.NET.Sdk/targets/Microsoft.NET.Sdk.targets (46,5)
       Property reassignment: $(_GenerateSingleFileBundlePropertyInputsCache)="/app/Prism.StoreApps/obj/Debug/net8.0/Microsoft.Practices.Prism.StoreApps.genbundle.cache" (previous value: "obj/Debug/net8.0/Microsoft.Practices.Prism.StoreApps.genbundle.cache") at /usr/lib/dotnet/sdk/8.0.116/Sdks/Microsoft.NET.Sdk/targets/Microsoft.NET.Sdk.targets (48,5)
       Property reassignment: $(GenerateRuntimeConfigDevFile)="false" (previous value: "true") at /usr/lib/dotnet/sdk/8.0.116/Sdks/Microsoft.NET.Sdk/targets/Microsoft.NET.Sdk.targets (81,5)
       Property 'HOME' with value '/home/swebot' expanded from the environment.
       Property reassignment: $(_DefaultUserProfileRuntimeStorePath)="/home/swebot/.dotnet/store" (previous value: "/home/swebot") at /usr/lib/dotnet/sdk/8.0.116/Sdks/Microsoft.NET.Sdk/targets/Microsoft.NET.Sdk.targets (98,5)
       Property reassignment: $(AvailablePlatforms)="Any CPU,x86,x64,ARM32" (previous value: "Any CPU,x86,x64") at /usr/lib/dotnet/sdk/8.0.116/Sdks/Microsoft.NET.Sdk/targets/Microsoft.NET.Sdk.targets (136,5)
       Property reassignment: $(AvailablePlatforms)="Any CPU,x86,x64,ARM32,ARM64" (previous value: "Any CPU,x86,x64,ARM32") at /usr/lib/dotnet/sdk/8.0.116/Sdks/Microsoft.NET.Sdk/targets/Microsoft.NET.Sdk.targets (140,5)
       Property reassignment: $(CoreBuildDependsOn)="
             _CheckForBuildWithNoBuild;

             BuildOnlySettings;
             PrepareForBuild;
             PreBuildEvent;
             ResolveReferences;
             PrepareResources;
             ResolveKeySource;
             Compile;
             ExportWindowsMDFile;
             UnmanagedUnregistration;
             GenerateSerializationAssemblies;
             CreateSatelliteAssemblies;
             GenerateManifests;
             GetTargetPath;
             PrepareForRun;
             UnmanagedRegistration;
             IncrementalClean;
             PostBuildEvent
           ;
             GenerateBuildDependencyFile;
             GenerateBuildRuntimeConfigurationFiles
           " (previous value: "
             BuildOnlySettings;
             PrepareForBuild;
             PreBuildEvent;
             ResolveReferences;
             PrepareResources;
             ResolveKeySource;
             Compile;
             ExportWindowsMDFile;
             UnmanagedUnregistration;
             GenerateSerializationAssemblies;
             CreateSatelliteAssemblies;
             GenerateManifests;
             GetTargetPath;
             PrepareForRun;
             UnmanagedRegistration;
             IncrementalClean;
             PostBuildEvent
           ") at /usr/lib/dotnet/sdk/8.0.116/Sdks/Microsoft.NET.Sdk/targets/Microsoft.NET.Sdk.targets (197,5)
       Property reassignment: $(CoreCleanDependsOn)="
             _SdkBeforeClean;

           " (previous value: "") at /usr/lib/dotnet/sdk/8.0.116/Sdks/Microsoft.NET.Sdk/targets/Microsoft.NET.Sdk.targets (206,5)
       Property reassignment: $(RebuildDependsOn)="
             _SdkBeforeRebuild;

             BeforeRebuild;
             Clean;
             Build;
             AfterRebuild;

           " (previous value: "
             BeforeRebuild;
             Clean;
             Build;
             AfterRebuild;
           ") at /usr/lib/dotnet/sdk/8.0.116/Sdks/Microsoft.NET.Sdk/targets/Microsoft.NET.Sdk.targets (213,5)
       Property reassignment: $(CompileDependsOn)="

             ResolveReferences;
             ResolveKeySource;
             SetWin32ManifestProperties;
             FindReferenceAssembliesForReferences;
             _GenerateCompileInputs;
             BeforeCompile;
             _TimeStampBeforeCompile;
             _GenerateCompileDependencyCache;
             CoreCompile;
             _TimeStampAfterCompile;
             AfterCompile;
           ;
             _CreateAppHost;
             _CreateComHost;
             _GetIjwHostPaths;
           " (previous value: "
             ResolveReferences;
             ResolveKeySource;
             SetWin32ManifestProperties;
             FindReferenceAssembliesForReferences;
             _GenerateCompileInputs;
             BeforeCompile;
             _TimeStampBeforeCompile;
             _GenerateCompileDependencyCache;
             CoreCompile;
             _TimeStampAfterCompile;
             AfterCompile;
           ") at /usr/lib/dotnet/sdk/8.0.116/Sdks/Microsoft.NET.Sdk/targets/Microsoft.NET.Sdk.targets (679,5)
       Property reassignment: $(CreateSatelliteAssembliesDependsOn)="

             _GenerateSatelliteAssemblyInputs;
             ComputeIntermediateSatelliteAssemblies;
             GenerateSatelliteAssemblies
           ;
             CoreGenerateSatelliteAssemblies
           " (previous value: "
             _GenerateSatelliteAssemblyInputs;
             ComputeIntermediateSatelliteAssemblies;
             GenerateSatelliteAssemblies
           ") at /usr/lib/dotnet/sdk/8.0.116/Sdks/Microsoft.NET.Sdk/targets/Microsoft.NET.Sdk.targets (1065,5)
       Property reassignment: $(SourceLinkUrlInitializerTargets)=";_InitializeGitHubSourceLinkUrl;_InitializeGitLabSourceLinkUrl" (previous value: ";_InitializeGitHubSourceLinkUrl") at /usr/lib/dotnet/sdk/8.0.116/Sdks/Microsoft.SourceLink.GitLab/build/Microsoft.SourceLink.GitLab.targets (12,5)
       Property reassignment: $(SourceControlManagerUrlTranslationTargets)=";TranslateGitHubUrlsInSourceControlInformation;TranslateGitLabUrlsInSourceControlInformation" (previous value: ";TranslateGitHubUrlsInSourceControlInformation") at /usr/lib/dotnet/sdk/8.0.116/Sdks/Microsoft.SourceLink.GitLab/build/Microsoft.SourceLink.GitLab.targets (13,5)
       Property reassignment: $(SourceLinkUrlInitializerTargets)=";_InitializeGitHubSourceLinkUrl;_InitializeGitLabSourceLinkUrl;_InitializeAzureReposGitSourceLinkUrl" (previous value: ";_InitializeGitHubSourceLinkUrl;_InitializeGitLabSourceLinkUrl") at /usr/lib/dotnet/sdk/8.0.116/Sdks/Microsoft.SourceLink.AzureRepos.Git/build/Microsoft.SourceLink.AzureRepos.Git.targets (12,5)
       Property reassignment: $(SourceControlManagerUrlTranslationTargets)=";TranslateGitHubUrlsInSourceControlInformation;TranslateGitLabUrlsInSourceControlInformation;TranslateAzureReposGitUrlsInSourceControlInformation" (previous value: ";TranslateGitHubUrlsInSourceControlInformation;TranslateGitLabUrlsInSourceControlInformation") at /usr/lib/dotnet/sdk/8.0.116/Sdks/Microsoft.SourceLink.AzureRepos.Git/build/Microsoft.SourceLink.AzureRepos.Git.targets (13,5)
       Property reassignment: $(SourceLinkUrlInitializerTargets)=";_InitializeGitHubSourceLinkUrl;_InitializeGitLabSourceLinkUrl;_InitializeAzureReposGitSourceLinkUrl;_InitializeBitbucketGitSourceLinkUrl" (previous value: ";_InitializeGitHubSourceLinkUrl;_InitializeGitLabSourceLinkUrl;_InitializeAzureReposGitSourceLinkUrl") at /usr/lib/dotnet/sdk/8.0.116/Sdks/Microsoft.SourceLink.Bitbucket.Git/build/Microsoft.SourceLink.Bitbucket.Git.targets (12,5)
       Property reassignment: $(SourceControlManagerUrlTranslationTargets)=";TranslateGitHubUrlsInSourceControlInformation;TranslateGitLabUrlsInSourceControlInformation;TranslateAzureReposGitUrlsInSourceControlInformation;TranslateBitbucketGitUrlsInSourceControlInformation" (previous value: ";TranslateGitHubUrlsInSourceControlInformation;TranslateGitLabUrlsInSourceControlInformation;TranslateAzureReposGitUrlsInSourceControlInformation") at /usr/lib/dotnet/sdk/8.0.116/Sdks/Microsoft.SourceLink.Bitbucket.Git/build/Microsoft.SourceLink.Bitbucket.Git.targets (13,5)
       Property reassignment: $(DesignerRuntimeImplementationProjectOutputGroupDependsOn)="

             ;

             ;
             BuildOnlySettings;
             PrepareForBuild;
             AssignTargetPaths;
             ResolveReferences

           ;
             _GenerateDesignerDepsFile;
             _GenerateDesignerRuntimeConfigFile;
             GetCopyToOutputDirectoryItems;
             _GatherDesignerShadowCopyFiles;
           " (previous value: "
             ;

             ;
             BuildOnlySettings;
             PrepareForBuild;
             AssignTargetPaths;
             ResolveReferences

           ") at /usr/lib/dotnet/sdk/8.0.116/Sdks/Microsoft.NET.Sdk/targets/Microsoft.NET.DesignerSupport.targets (21,5)
       Property reassignment: $(_GenerateToolsSettingsFileCacheFile)="/app/Prism.StoreApps/obj/Debug/net8.0/Microsoft.Practices.Prism.StoreApps.toolssettingsinput.cache" (previous value: "obj/Debug/net8.0/Microsoft.Practices.Prism.StoreApps.toolssettingsinput.cache") at /usr/lib/dotnet/sdk/8.0.116/Sdks/Microsoft.NET.Sdk/targets/Microsoft.NET.PackTool.targets (68,5)
       Property reassignment: $(_ShimInputCacheFile)="/app/Prism.StoreApps/obj/Debug/net8.0/Microsoft.Practices.Prism.StoreApps.shiminput.cache" (previous value: "obj/Debug/net8.0/Microsoft.Practices.Prism.StoreApps.shiminput.cache") at /usr/lib/dotnet/sdk/8.0.116/Sdks/Microsoft.NET.Sdk/targets/Microsoft.NET.PackTool.targets (137,5)
       Property reassignment: $(_ShimCreatedSentinelFile)="/app/Prism.StoreApps/obj/Debug/net8.0/Microsoft.Practices.Prism.StoreApps.shimcreated.sentinel" (previous value: "obj/Debug/net8.0/Microsoft.Practices.Prism.StoreApps.shimcreated.sentinel") at /usr/lib/dotnet/sdk/8.0.116/Sdks/Microsoft.NET.Sdk/targets/Microsoft.NET.PackTool.targets (139,5)
       Property reassignment: $(DefineConstants)="TRACE;DEBUG" (previous value: "TRACE") at /usr/lib/dotnet/sdk/8.0.116/Sdks/Microsoft.NET.Sdk/targets/Microsoft.NET.Sdk.CSharp.targets (31,5)
       Property reassignment: $(DefineConstants)="TRACE;DEBUG;NET;NET8_0;NETCOREAPP" (previous value: "TRACE;DEBUG") at /usr/lib/dotnet/sdk/8.0.116/Sdks/Microsoft.NET.Sdk/targets/Microsoft.NET.Sdk.CSharp.targets (34,5)
       Property reassignment: $(WarningsAsErrors)=";NU1605;SYSLIB0011" (previous value: ";NU1605") at /usr/lib/dotnet/sdk/8.0.116/Sdks/Microsoft.NET.Sdk/targets/Microsoft.NET.Sdk.CSharp.targets (48,5)
       Property reassignment: $(PackageDescription)="Package Description" (previous value: "") at /usr/lib/dotnet/sdk/8.0.116/Sdks/NuGet.Build.Tasks.Pack/build/NuGet.Build.Tasks.Pack.targets (34,5)
       Property reassignment: $(GenerateNuspecDependsOn)="Build;_LoadPackInputItems; _GetTargetFrameworksOutput; _WalkEachTargetPerFramework; _GetPackageFiles; " (previous value: "_LoadPackInputItems; _GetTargetFrameworksOutput; _WalkEachTargetPerFramework; _GetPackageFiles; ") at /usr/lib/dotnet/sdk/8.0.116/Sdks/NuGet.Build.Tasks.Pack/build/NuGet.Build.Tasks.Pack.targets (59,5)
       Overriding target "ResolveFrameworkReferences" in project "/usr/lib/dotnet/sdk/8.0.116/Microsoft.Common.CurrentVersion.targets" with target "ResolveFrameworkReferences" from project "/usr/lib/dotnet/sdk/8.0.116/Sdks/Microsoft.NET.Sdk/targets/Microsoft.NET.Sdk.FrameworkReferenceResolution.targets".
       Overriding target "Run" in project "/usr/lib/dotnet/sdk/8.0.116/Microsoft.Common.CurrentVersion.targets" with target "Run" from project "/usr/lib/dotnet/sdk/8.0.116/Sdks/Microsoft.NET.Sdk/targets/Microsoft.NET.Sdk.targets".
       Overriding target "GenerateSupportedTargetFrameworkAlias" in project "/usr/lib/dotnet/sdk/8.0.116/Microsoft.Common.CurrentVersion.targets" with target "GenerateSupportedTargetFrameworkAlias" from project "/usr/lib/dotnet/sdk/8.0.116/Sdks/Microsoft.NET.Sdk/targets/Microsoft.NET.Sdk.targets".
       Overriding target "GetReferenceAssemblyPaths" in project "/usr/lib/dotnet/sdk/8.0.116/Microsoft.Common.CurrentVersion.targets" with target "GetReferenceAssemblyPaths" from project "/usr/lib/dotnet/sdk/8.0.116/Sdks/Microsoft.NET.Sdk/targets/Microsoft.NET.DisableStandardFrameworkResolution.targets".
       Overriding target "GetFrameworkPaths" in project "/usr/lib/dotnet/sdk/8.0.116/Microsoft.Common.CurrentVersion.targets" with target "GetFrameworkPaths" from project "/usr/lib/dotnet/sdk/8.0.116/Sdks/Microsoft.NET.Sdk/targets/Microsoft.NET.DisableStandardFrameworkResolution.targets".
       Overriding target "DesignerRuntimeImplementationProjectOutputGroup" in project "/usr/lib/dotnet/sdk/8.0.116/Microsoft.Common.CurrentVersion.targets" with target "DesignerRuntimeImplementationProjectOutputGroup" from project "/usr/lib/dotnet/sdk/8.0.116/Sdks/Microsoft.NET.Sdk/targets/Microsoft.NET.DesignerSupport.targets".
       Overriding target "Publish" in project "/usr/lib/dotnet/sdk/8.0.116/Microsoft.Common.CurrentVersion.targets" with target "Publish" from project "/usr/lib/dotnet/sdk/8.0.116/Sdks/Microsoft.NET.Sdk/targets/Microsoft.NET.Publish.targets".
       Overriding target "ResolveReadyToRunCompilers" in project "/usr/lib/dotnet/sdk/8.0.116/Sdks/Microsoft.NET.Sdk/targets/Microsoft.NET.CrossGen.targets" with target "ResolveReadyToRunCompilers" from project "/usr/lib/dotnet/sdk/8.0.116/Sdks/Microsoft.NET.Sdk/targets/Microsoft.NET.Publish.targets".
       Overriding target "GetCopyToPublishDirectoryItems" in project "/usr/lib/dotnet/sdk/8.0.116/Microsoft.Common.CurrentVersion.targets" with target "GetCopyToPublishDirectoryItems" from project "/usr/lib/dotnet/sdk/8.0.116/Sdks/Microsoft.NET.Sdk/targets/Microsoft.NET.Publish.targets".
   1:7>Project "/app/Prism.StoreApps/Microsoft.Practices.Prism.StoreApps.csproj" on node 1 (default targets).
   1:7>Target "_CheckForUnsupportedTargetFramework" skipped, due to false condition; ('$(_UnsupportedTargetFrameworkError)' == 'true') was evaluated as ('' == 'true').
   1:7>Target "_CollectTargetFrameworkForTelemetry" in file "/usr/lib/dotnet/sdk/8.0.116/Sdks/Microsoft.NET.Sdk/targets/Microsoft.NET.TargetFrameworkInference.targets" from project "/app/Prism.StoreApps/Microsoft.Practices.Prism.StoreApps.csproj" (target "_CheckForInvalidConfigurationAndPlatform" depends on it):
       Using "AllowEmptyTelemetry" task from assembly "/usr/lib/dotnet/sdk/8.0.116/Sdks/Microsoft.NET.Sdk/targets/../tools/net8.0/Microsoft.NET.Build.Tasks.dll".
       Task "AllowEmptyTelemetry"
       Done executing task "AllowEmptyTelemetry".
   1:7>Done building target "_CollectTargetFrameworkForTelemetry" in project "Microsoft.Practices.Prism.StoreApps.csproj".
       Target "_CheckForUnsupportedTargetPlatformIdentifier" skipped, due to false condition; ('$(TargetPlatformIdentifier)' != '' and '$(TargetFrameworkIdentifier)' == '.NETCoreApp' and $([MSBuild]::VersionGreaterThanOrEquals($(TargetFrameworkVersion), 5.0)) And ('$(DesignTimeBuild)' != 'true' Or '@(MissingWorkloadPack)' == '')) was evaluated as ('' != '' and '.NETCoreApp' == '.NETCoreApp' and True And ('' != 'true' Or '' == '')).
       Target "_CheckForMissingWorkload" skipped, due to false condition; ('@(MissingWorkloadPack)' != '' And '$(DesignTimeBuild)' != 'true') was evaluated as ('' != '' And '' != 'true').
   1:7>Target "_CheckForUnsupportedNETCoreVersion" in file "/usr/lib/dotnet/sdk/8.0.116/Sdks/Microsoft.NET.Sdk/targets/Microsoft.NET.TargetFrameworkInference.targets" from project "/app/Prism.StoreApps/Microsoft.Practices.Prism.StoreApps.csproj" (target "_CheckForInvalidConfigurationAndPlatform" depends on it):
       Task "NETSdkError" skipped, due to false condition; ('$(_TargetFrameworkVersionWithoutV)' > '$(NETCoreAppMaximumVersion)' and '$(DisplayVSMessage)' != 'true') was evaluated as ('8.0' > '8.0' and '' != 'true').
       Task "NETSdkError" skipped, due to false condition; ('$(DisplayVSMessage)' == 'true') was evaluated as ('' == 'true').
   1:7>Done building target "_CheckForUnsupportedNETCoreVersion" in project "Microsoft.Practices.Prism.StoreApps.csproj".
       Target "_CheckForEolTargetFrameworks" skipped, due to false condition; ('@(_EolNetCoreTargetFrameworkVersions->AnyHaveMetadataValue('Identity', '$(_TargetFrameworkVersionWithoutV)'))' and '$(TargetFrameworkIdentifier)' == '.NETCoreApp' and '$(CheckEolTargetFramework)' == 'true') was evaluated as ('false' and '.NETCoreApp' == '.NETCoreApp' and '' == 'true').
       Target "_CheckForEolWorkloads" skipped, due to false condition; ('@(EolWorkload)' != '' and '$(CheckEolWorkloads)' == 'true') was evaluated as ('' != '' and 'true' == 'true').
   1:7>Target "_CheckForUnsupportedCppNETCoreVersion" in file "/usr/lib/dotnet/sdk/8.0.116/Sdks/Microsoft.NET.Sdk/targets/Microsoft.NET.TargetFrameworkInference.targets" from project "/app/Prism.StoreApps/Microsoft.Practices.Prism.StoreApps.csproj" (target "_CheckForInvalidConfigurationAndPlatform" depends on it):
       Task "NETSdkError" skipped, due to false condition; ('$(TargetFrameworkIdentifier)' == '.NETCoreApp' and '$(_TargetFrameworkVersionWithoutV)' < '3.1' and ('$(Language)' == 'C++' and '$(_EnablePackageReferencesInVCProjects)' != 'true')) was evaluated as ('.NETCoreApp' == '.NETCoreApp' and '8.0' < '3.1' and ('C#' == 'C++' and '' != 'true')).
   1:7>Done building target "_CheckForUnsupportedCppNETCoreVersion" in project "Microsoft.Practices.Prism.StoreApps.csproj".
       Target "_CheckForUnsupportedNETStandardVersion" skipped, due to false condition; ('$(TargetFrameworkIdentifier)' == '.NETStandard' And '$(NETStandardMaximumVersion)' != '') was evaluated as ('.NETCoreApp' == '.NETStandard' And '' != '').
       Target "_CheckForUnsupportedTargetFrameworkAndFeatureCombination" skipped, due to false condition; ('$(TargetFrameworkIdentifier)' == '.NETFramework') was evaluated as ('.NETCoreApp' == '.NETFramework').
       Target "_CheckForSupportedOSPlatformVersionHigherThanTargetPlatformVersion" skipped, due to false condition; ('$(TargetPlatformVersion)' != '' and '$(TargetFrameworkIdentifier)' == '.NETCoreApp' and $([MSBuild]::VersionGreaterThanOrEquals($(TargetFrameworkVersion), 5.0))) was evaluated as ('' != '' and '.NETCoreApp' == '.NETCoreApp' and True).
       Target "_CheckForInvalidTargetPlatformVersion" skipped, due to false condition; ('$(TargetPlatformVersion)' != '' and '$(TargetFrameworkIdentifier)' == '.NETCoreApp' and $([MSBuild]::VersionGreaterThanOrEquals($(TargetFrameworkVersion), 5.0)) and ('$(Language)' != 'C++' or '$(_EnablePackageReferencesInVCProjects)' == 'true')) was evaluated as ('' != '' and '.NETCoreApp' == '.NETCoreApp' and True and ('C#' != 'C++' or '' == 'true')).
   1:7>Target "_CheckForUnsupportedArtifactsPath" in file "/usr/lib/dotnet/sdk/8.0.116/Sdks/Microsoft.NET.Sdk/targets/Microsoft.NET.DefaultOutputPaths.targets" from project "/app/Prism.StoreApps/Microsoft.Practices.Prism.StoreApps.csproj" (target "_CheckForInvalidConfigurationAndPlatform" depends on it):
       Task "NetSdkError" skipped, due to false condition; ('$(UseArtifactsOutput)' == 'true' and '$(_ArtifactsPathSetEarly)' != 'true') was evaluated as ('' == 'true' and '' != 'true').
       Task "NetSdkError" skipped, due to false condition; ('$(_ArtifactsPathLocationType)' == 'ProjectFolder') was evaluated as ('' == 'ProjectFolder').
   1:7>Done building target "_CheckForUnsupportedArtifactsPath" in project "Microsoft.Practices.Prism.StoreApps.csproj".
       Target "_CheckForMissingWorkload" skipped, due to false condition; ('@(MissingWorkloadPack)' != '' And '$(DesignTimeBuild)' != 'true') was evaluated as ('' != '' And '' != 'true').
       Target "_CheckForUnsupportedAppHostUsage" skipped, due to false condition; ('$(TargetFrameworkIdentifier)' == '.NETCoreApp' and '$(HasRuntimeOutput)' == 'true') was evaluated as ('.NETCoreApp' == '.NETCoreApp' and '' == 'true').
   1:7>Target "_CheckForUnsupportedHostingUsage" in file "/usr/lib/dotnet/sdk/8.0.116/Sdks/Microsoft.NET.Sdk/targets/Microsoft.NET.RuntimeIdentifierInference.targets" from project "/app/Prism.StoreApps/Microsoft.Practices.Prism.StoreApps.csproj" (target "_CheckForInvalidConfigurationAndPlatform" depends on it):
       Task "NETSdkWarning" skipped, due to false condition; ('$(SelfContained)' == 'true' and '$(EnableComHosting)' == 'true') was evaluated as ('' == 'true' and '' == 'true').
   1:7>Done building target "_CheckForUnsupportedHostingUsage" in project "Microsoft.Practices.Prism.StoreApps.csproj".
   1:7>Target "_CheckAndUnsetUnsupportedPrefer32Bit" in file "/usr/lib/dotnet/sdk/8.0.116/Sdks/Microsoft.NET.Sdk/targets/Microsoft.NET.RuntimeIdentifierInference.targets" from project "/app/Prism.StoreApps/Microsoft.Practices.Prism.StoreApps.csproj" (target "_CheckForInvalidConfigurationAndPlatform" depends on it):
       Task "NETSdkWarning" skipped, due to false condition; ('$(Prefer32Bit)' == 'true') was evaluated as ('false' == 'true').
   1:7>Done building target "_CheckAndUnsetUnsupportedPrefer32Bit" in project "Microsoft.Practices.Prism.StoreApps.csproj".
       Target "_CheckForMismatchingPlatform" skipped, due to false condition; ('$(RuntimeIdentifier)' != '' and '$(PlatformTarget)' != '') was evaluated as ('' != '' and '' != '').
   1:7>Target "_CheckForLanguageAndFeatureCombinationSupport" in file "/usr/lib/dotnet/sdk/8.0.116/Sdks/Microsoft.NET.Sdk/targets/Microsoft.NET.RuntimeIdentifierInference.targets" from project "/app/Prism.StoreApps/Microsoft.Practices.Prism.StoreApps.csproj" (target "_CheckForInvalidConfigurationAndPlatform" depends on it):
       Task "NETSdkError" skipped, due to false condition; (('$(Language)' == 'C++' and '$(_EnablePackageReferencesInVCProjects)' != 'true') and $(OutputType) != 'library' and '$(TargetFrameworkIdentifier)' == '.NETCoreApp') was evaluated as (('C#' == 'C++' and '' != 'true') and Library != 'library' and '.NETCoreApp' == '.NETCoreApp').
       Task "NETSdkError" skipped, due to false condition; (('$(Language)' == 'C++' and '$(_EnablePackageReferencesInVCProjects)' != 'true') and $(EnableComHosting) == 'true') was evaluated as (('C#' == 'C++' and '' != 'true') and  == 'true').
       Task "NETSdkError" skipped, due to false condition; (('$(Language)' == 'C++' and '$(_EnablePackageReferencesInVCProjects)' != 'true') and $(SelfContained) == 'true') was evaluated as (('C#' == 'C++' and '' != 'true') and  == 'true').
   1:7>Done building target "_CheckForLanguageAndFeatureCombinationSupport" in project "Microsoft.Practices.Prism.StoreApps.csproj".
       Target "_CheckForNETCoreSdkIsPreview" skipped, due to false condition; ( '$(_NETCoreSdkIsPreview)' == 'true' AND '$(SuppressNETCoreSdkPreviewMessage)' != 'true' ) was evaluated as ( 'false' == 'true' AND '' != 'true' ).
   1:7>Target "_GetProjectJsonPath" in file "/usr/lib/dotnet/sdk/8.0.116/NuGet.targets" from project "/app/Prism.StoreApps/Microsoft.Practices.Prism.StoreApps.csproj" (target "_GetRestoreProjectStyle" depends on it):
       Task "GetRestoreProjectJsonPathTask" skipped, due to false condition; ( '$(RestoreProjectStyle)' == 'ProjectJson' OR '$(RestoreProjectStyle)' == '' ) was evaluated as ( 'PackageReference' == 'ProjectJson' OR 'PackageReference' == '' ).
   1:7>Done building target "_GetProjectJsonPath" in project "Microsoft.Practices.Prism.StoreApps.csproj".
       Target "_CheckForUnsupportedTargetPlatformIdentifier" skipped, due to false condition; ('$(TargetPlatformIdentifier)' != '' and '$(TargetFrameworkIdentifier)' == '.NETCoreApp' and $([MSBuild]::VersionGreaterThanOrEquals($(TargetFrameworkVersion), 5.0)) And ('$(DesignTimeBuild)' != 'true' Or '@(MissingWorkloadPack)' == '')) was evaluated as ('' != '' and '.NETCoreApp' == '.NETCoreApp' and True And ('' != 'true' Or '' == '')).
       Target "_CheckForMissingWorkload" skipped, due to false condition; ('@(MissingWorkloadPack)' != '' And '$(DesignTimeBuild)' != 'true') was evaluated as ('' != '' And '' != 'true').
       Target "_CheckForUnsupportedNETStandardVersion" skipped, due to false condition; ('$(TargetFrameworkIdentifier)' == '.NETStandard' And '$(NETStandardMaximumVersion)' != '') was evaluated as ('.NETCoreApp' == '.NETStandard' And '' != '').
       Target "_CheckForUnsupportedTargetFrameworkAndFeatureCombination" skipped, due to false condition; ('$(TargetFrameworkIdentifier)' == '.NETFramework') was evaluated as ('.NETCoreApp' == '.NETFramework').
       Target "ApplyImplicitVersions" skipped, due to false condition; ('@(PackageReference)' != '') was evaluated as ('' != '').
       Target "IncludeTargetingPackReference" skipped, due to false condition; ('$(TargetFrameworkMoniker)' != '' and '$(TargetFrameworkIdentifier)' == '.NETFramework' and '$(AutomaticallyUseReferenceAssemblyPackages)' == 'true') was evaluated as ('.NETCoreApp,Version=v8.0' != '' and '.NETCoreApp' == '.NETFramework' and 'true' == 'true').
   1:7>Target "CheckForImplicitPackageReferenceOverrides" in file "/usr/lib/dotnet/sdk/8.0.116/Sdks/Microsoft.NET.Sdk/targets/Microsoft.NET.Sdk.DefaultItems.Shared.targets" from project "/app/Prism.StoreApps/Microsoft.Practices.Prism.StoreApps.csproj" (target "CollectPackageReferences" depends on it):
       Using "CheckForImplicitPackageReferenceOverrides" task from assembly "/usr/lib/dotnet/sdk/8.0.116/Sdks/Microsoft.NET.Sdk/targets/../tools/net8.0/Microsoft.NET.Build.Tasks.dll".
       Task "CheckForImplicitPackageReferenceOverrides"
       Done executing task "CheckForImplicitPackageReferenceOverrides".
   1:7>Done building target "CheckForImplicitPackageReferenceOverrides" in project "Microsoft.Practices.Prism.StoreApps.csproj".
       Target "AddWindowsSdkKnownFrameworkReferences" skipped, due to false condition; ('$(TargetFrameworkIdentifier)' == '.NETCoreApp' And '$(TargetPlatformIdentifier)' == 'Windows') was evaluated as ('.NETCoreApp' == '.NETCoreApp' And '' == 'Windows').
       Target "_NormalizeTargetPlatformVersion" skipped, due to false condition; ('$(TargetPlatformVersion)' != '' and '$(TargetFrameworkIdentifier)' == '.NETCoreApp' and $([MSBuild]::VersionGreaterThanOrEquals($(TargetFrameworkVersion), 5.0)) and ('$(Language)' != 'C++' or '$(_EnablePackageReferencesInVCProjects)' == 'true')) was evaluated as ('' != '' and '.NETCoreApp' == '.NETCoreApp' and True and ('C#' != 'C++' or '' == 'true')).
       Target "ApplyImplicitVersions" skipped, due to false condition; ('@(PackageReference)' != '') was evaluated as ('' != '').
   1:7>Target "_ComputeToolPackInputsToProcessFrameworkReferences" in file "/usr/lib/dotnet/sdk/8.0.116/Sdks/Microsoft.NET.Sdk/targets/Microsoft.NET.Publish.targets" from project "/app/Prism.StoreApps/Microsoft.Practices.Prism.StoreApps.csproj" (target "ProcessFrameworkReferences" depends on it):
   1:7>Done building target "_ComputeToolPackInputsToProcessFrameworkReferences" in project "Microsoft.Practices.Prism.StoreApps.csproj".
   1:7>Target "ProcessFrameworkReferences" in file "/usr/lib/dotnet/sdk/8.0.116/Sdks/Microsoft.NET.Sdk/targets/Microsoft.NET.Sdk.FrameworkReferenceResolution.targets" from project "/app/Prism.StoreApps/Microsoft.Practices.Prism.StoreApps.csproj" (target "CollectPackageReferences" depends on it):
       Using "CheckForDuplicateFrameworkReferences" task from assembly "/usr/lib/dotnet/sdk/8.0.116/Sdks/Microsoft.NET.Sdk/targets/../tools/net8.0/Microsoft.NET.Build.Tasks.dll".
       Task "CheckForDuplicateFrameworkReferences"
       Done executing task "CheckForDuplicateFrameworkReferences".
       Using "ProcessFrameworkReferences" task from assembly "/usr/lib/dotnet/sdk/8.0.116/Sdks/Microsoft.NET.Sdk/targets/../tools/net8.0/Microsoft.NET.Build.Tasks.dll".
       Task "ProcessFrameworkReferences"
       Done executing task "ProcessFrameworkReferences".
       Using "ResolveAppHosts" task from assembly "/usr/lib/dotnet/sdk/8.0.116/Sdks/Microsoft.NET.Sdk/targets/../tools/net8.0/Microsoft.NET.Build.Tasks.dll".
       Task "ResolveAppHosts"
       Done executing task "ResolveAppHosts".
   1:7>Done building target "ProcessFrameworkReferences" in project "Microsoft.Practices.Prism.StoreApps.csproj".
       Target "IncludeTargetingPackReference" skipped, due to false condition; ('$(TargetFrameworkMoniker)' != '' and '$(TargetFrameworkIdentifier)' == '.NETFramework' and '$(AutomaticallyUseReferenceAssemblyPackages)' == 'true') was evaluated as ('.NETCoreApp,Version=v8.0' != '' and '.NETCoreApp' == '.NETFramework' and 'true' == 'true').
   1:7>Target "_AddMicrosoftNetCompilerToolsetFrameworkPackage" in file "/usr/lib/dotnet/sdk/8.0.116/Sdks/Microsoft.NET.Sdk/targets/Microsoft.NET.Sdk.targets" from project "/app/Prism.StoreApps/Microsoft.Practices.Prism.StoreApps.csproj" (target "CollectPackageReferences" depends on it):
       Task "NETSdkWarning" skipped, due to false condition; ('@(PackageReference->AnyHaveMetadataValue('Identity', 'Microsoft.Net.Compilers.Toolset.Framework'))' == 'true') was evaluated as ('false' == 'true').
   1:7>Done building target "_AddMicrosoftNetCompilerToolsetFrameworkPackage" in project "Microsoft.Practices.Prism.StoreApps.csproj".
   1:7>Target "_CheckForObsoleteDotNetCliToolReferences" in file "/usr/lib/dotnet/sdk/8.0.116/Sdks/Microsoft.NET.Sdk/targets/Microsoft.NET.ObsoleteReferences.targets" from project "/app/Prism.StoreApps/Microsoft.Practices.Prism.StoreApps.csproj" (target "CollectPackageReferences" depends on it):
       Task "NETSdkWarning" skipped, due to false condition; ( '%(_ReferenceToObsoleteDotNetCliTool.Identity)' != '' ) was evaluated as ( '' != '' ).
   1:7>Done building target "_CheckForObsoleteDotNetCliToolReferences" in project "Microsoft.Practices.Prism.StoreApps.csproj".
   1:7>Target "CollectPackageReferences" in file "/usr/lib/dotnet/sdk/8.0.116/NuGet.targets" from project "/app/Prism.StoreApps/Microsoft.Practices.Prism.StoreApps.csproj" (target "_GetRestoreProjectStyle" depends on it):
       Using "CheckForDuplicateNuGetItemsTask" task from assembly "/usr/lib/dotnet/sdk/8.0.116/NuGet.Build.Tasks.dll".
       Task "CheckForDuplicateNuGetItemsTask"
       Done executing task "CheckForDuplicateNuGetItemsTask".
   1:7>Done building target "CollectPackageReferences" in project "Microsoft.Practices.Prism.StoreApps.csproj".
   1:7>Target "_GetRestoreProjectStyle" in file "/usr/lib/dotnet/sdk/8.0.116/NuGet.targets" from project "/app/Prism.StoreApps/Microsoft.Practices.Prism.StoreApps.csproj" (target "EnableIntermediateOutputPathMismatchWarning" depends on it):
       Using "GetRestoreProjectStyleTask" task from assembly "/usr/lib/dotnet/sdk/8.0.116/NuGet.Build.Tasks.dll".
       Task "GetRestoreProjectStyleTask"
         (in) HasPackageReferenceItems 'False'
         (in) MSBuildProjectDirectory '/app/Prism.StoreApps'
         (in) MSBuildProjectName 'Microsoft.Practices.Prism.StoreApps'
         (in) ProjectJsonPath ''
         (in) RestoreProjectStyle 'PackageReference'
         (out) IsPackageReferenceCompatibleProjectStyle 'True'
         (out) ProjectStyle 'PackageReference'
       Done executing task "GetRestoreProjectStyleTask".
   1:7>Done building target "_GetRestoreProjectStyle" in project "Microsoft.Practices.Prism.StoreApps.csproj".
   1:7>Target "EnableIntermediateOutputPathMismatchWarning" in file "/usr/lib/dotnet/sdk/8.0.116/NuGet.targets" from project "/app/Prism.StoreApps/Microsoft.Practices.Prism.StoreApps.csproj" (target "_CheckForInvalidConfigurationAndPlatform" depends on it):
   1:7>Done building target "EnableIntermediateOutputPathMismatchWarning" in project "Microsoft.Practices.Prism.StoreApps.csproj".
       Target "ApplyImplicitVersions" skipped, due to false condition; ('@(PackageReference)' != '') was evaluated as ('' != '').
       Target "CheckForImplicitPackageReferenceOverrides" skipped. Previously built successfully.
   1:7>Target "CheckForDuplicateItems" in file "/usr/lib/dotnet/sdk/8.0.116/Sdks/Microsoft.NET.Sdk/targets/Microsoft.NET.Sdk.DefaultItems.Shared.targets" from project "/app/Prism.StoreApps/Microsoft.Practices.Prism.StoreApps.csproj" (target "_CheckForInvalidConfigurationAndPlatform" depends on it):
       Using "CheckForDuplicateItems" task from assembly "/usr/lib/dotnet/sdk/8.0.116/Sdks/Microsoft.NET.Sdk/targets/../tools/net8.0/Microsoft.NET.Build.Tasks.dll".
       Task "CheckForDuplicateItems"
       Done executing task "CheckForDuplicateItems".
       Task "CheckForDuplicateItems"
       Done executing task "CheckForDuplicateItems".
       Task "CheckForDuplicateItems"
       Done executing task "CheckForDuplicateItems".
   1:7>Done building target "CheckForDuplicateItems" in project "Microsoft.Practices.Prism.StoreApps.csproj".
       Target "WarnForExplicitVersions" skipped, due to false condition; ('@(SdkBuildWarning)' != '') was evaluated as ('' != '').
       Target "_CheckForFailedSDKResolution" skipped, due to false condition; ('$(SdkResolverHonoredGlobalJson)' == 'false') was evaluated as ('' == 'false').
       Target "_WarnWhenUsingNET8AndVSPriorTo178" skipped, due to false condition; ($([MSBuild]::VersionLessThan($(MSBuildVersion), '17.8.0')) and '$(TargetFrameworkIdentifier)' == '.NETCoreApp' and $([MSBuild]::VersionGreaterThanOrEquals($(_TargetFrameworkVersionWithoutV), '8.0'))) was evaluated as (False and '.NETCoreApp' == '.NETCoreApp' and True).
       Target "_CheckForInvalidWindowsDesktopTargetingConfiguration" skipped, due to false condition; ('$(TargetFrameworkIdentifier)' == '.NETCoreApp' and $([MSBuild]::VersionGreaterThanOrEquals($(_TargetFrameworkVersionWithoutV), '5.0')) and ('$(UseWindowsForms)' == 'true' or '$(UseWPF)' == 'true')) was evaluated as ('.NETCoreApp' == '.NETCoreApp' and True and ('' == 'true' or '' == 'true')).
       Target "_CheckForUnnecessaryWindowsDesktopSDK" skipped, due to false condition; ('$(TargetFrameworkIdentifier)' == '.NETCoreApp' and $([MSBuild]::VersionGreaterThanOrEquals($(_TargetFrameworkVersionWithoutV), '5.0')) and '$(_MicrosoftWindowsDesktopSdkImported)' == 'true' and '$(TargetFrameworks)' == '') was evaluated as ('.NETCoreApp' == '.NETCoreApp' and True and '' == 'true' and '' == '').
       Target "ProcessFrameworkReferences" skipped. Previously built successfully.
       Target "IncludeTargetingPackReference" skipped, due to false condition; ('$(TargetFrameworkMoniker)' != '' and '$(TargetFrameworkIdentifier)' == '.NETFramework' and '$(AutomaticallyUseReferenceAssemblyPackages)' == 'true') was evaluated as ('.NETCoreApp,Version=v8.0' != '' and '.NETCoreApp' == '.NETFramework' and 'true' == 'true').
   1:7>Target "_CheckForInvalidConfigurationAndPlatform" in file "/usr/lib/dotnet/sdk/8.0.116/Microsoft.Common.CurrentVersion.targets" from project "/app/Prism.StoreApps/Microsoft.Practices.Prism.StoreApps.csproj" (target "BeforeBuild" depends on it):
       Task "Error" skipped, due to false condition; ( '$(_InvalidConfigurationError)' == 'true' ) was evaluated as ( '' == 'true' ).
       Task "Warning" skipped, due to false condition; ( '$(_InvalidConfigurationWarning)' == 'true' ) was evaluated as ( '' == 'true' ).
       Task "Message"
         Configuration=Debug
       Done executing task "Message".
       Task "Message"
         Platform=AnyCPU
       Done executing task "Message".
       Task "Error" skipped, due to false condition; ('$(OutDir)' != '' and !HasTrailingSlash('$(OutDir)')) was evaluated as ('bin/Debug/net8.0/' != '' and !HasTrailingSlash('bin/Debug/net8.0/')).
       Task "Error" skipped, due to false condition; ('$(IntermediateOutputPath)' != '' and !HasTrailingSlash('$(IntermediateOutputPath)')) was evaluated as ('obj/Debug/net8.0/' != '' and !HasTrailingSlash('obj/Debug/net8.0/')).
       Task "Error" skipped, due to false condition; ('$(BaseIntermediateOutputPath)' != '' and !HasTrailingSlash('$(BaseIntermediateOutputPath)')) was evaluated as ('obj/' != '' and !HasTrailingSlash('obj/')).
       Task "Error" skipped, due to false condition; ( '$(_InitialMSBuildProjectExtensionsPath)' != '' And '$(MSBuildProjectExtensionsPath)' != '$(_InitialMSBuildProjectExtensionsPath)' ) was evaluated as ( '/app/Prism.StoreApps/obj/' != '' And '/app/Prism.StoreApps/obj/' != '/app/Prism.StoreApps/obj/' ).
       Task "Warning" skipped, due to false condition; ( '$(EnableBaseIntermediateOutputPathMismatchWarning)' == 'true' And '$(_InitialBaseIntermediateOutputPath)' != '$(BaseIntermediateOutputPath)' And '$(BaseIntermediateOutputPath)' != '$(MSBuildProjectExtensionsPath)' ) was evaluated as ( 'true' == 'true' And 'obj/' != 'obj/' And 'obj/' != '/app/Prism.StoreApps/obj/' ).
   1:7>Done building target "_CheckForInvalidConfigurationAndPlatform" in project "Microsoft.Practices.Prism.StoreApps.csproj".
   1:7>Target "ValidateCommandLineProperties" in file "/usr/lib/dotnet/sdk/8.0.116/Sdks/Microsoft.NET.Sdk/targets/Microsoft.NET.Sdk.targets" from project "/app/Prism.StoreApps/Microsoft.Practices.Prism.StoreApps.csproj" (target "BeforeBuild" depends on it):
   1:7>Done building target "ValidateCommandLineProperties" in project "Microsoft.Practices.Prism.StoreApps.csproj".
   1:7>Target "BeforeBuild" in file "/usr/lib/dotnet/sdk/8.0.116/Microsoft.Common.CurrentVersion.targets" from project "/app/Prism.StoreApps/Microsoft.Practices.Prism.StoreApps.csproj" (target "Build" depends on it):
   1:7>Done building target "BeforeBuild" in project "Microsoft.Practices.Prism.StoreApps.csproj".
       Target "_CheckForBuildWithNoBuild" skipped, due to false condition; ('$(NoBuild)' == 'true' and '$(GeneratePackageOnBuild)' != 'true') was evaluated as ('' == 'true' and 'false' != 'true').
   1:7>Target "BuildOnlySettings" in file "/usr/lib/dotnet/sdk/8.0.116/Microsoft.Common.CurrentVersion.targets" from project "/app/Prism.StoreApps/Microsoft.Practices.Prism.StoreApps.csproj" (target "CoreBuild" depends on it):
   1:7>Done building target "BuildOnlySettings" in project "Microsoft.Practices.Prism.StoreApps.csproj".
       Target "_CheckForUnsupportedTargetFramework" skipped, due to false condition; ('$(_UnsupportedTargetFrameworkError)' == 'true') was evaluated as ('' == 'true').
       Target "_CheckForUnsupportedTargetPlatformIdentifier" skipped, due to false condition; ('$(TargetPlatformIdentifier)' != '' and '$(TargetFrameworkIdentifier)' == '.NETCoreApp' and $([MSBuild]::VersionGreaterThanOrEquals($(TargetFrameworkVersion), 5.0)) And ('$(DesignTimeBuild)' != 'true' Or '@(MissingWorkloadPack)' == '')) was evaluated as ('' != '' and '.NETCoreApp' == '.NETCoreApp' and True And ('' != 'true' Or '' == '')).
       Target "_CheckForMissingWorkload" skipped, due to false condition; ('@(MissingWorkloadPack)' != '' And '$(DesignTimeBuild)' != 'true') was evaluated as ('' != '' And '' != 'true').
   1:7>Target "GetFrameworkPaths" in file "/usr/lib/dotnet/sdk/8.0.116/Sdks/Microsoft.NET.Sdk/targets/Microsoft.NET.DisableStandardFrameworkResolution.targets" from project "/app/Prism.StoreApps/Microsoft.Practices.Prism.StoreApps.csproj" (target "PrepareForBuild" depends on it):
   1:7>Done building target "GetFrameworkPaths" in project "Microsoft.Practices.Prism.StoreApps.csproj".
       Target "_CheckForUnsupportedTargetFramework" skipped, due to false condition; ('$(_UnsupportedTargetFrameworkError)' == 'true') was evaluated as ('' == 'true').
       Target "_CheckForUnsupportedTargetPlatformIdentifier" skipped, due to false condition; ('$(TargetPlatformIdentifier)' != '' and '$(TargetFrameworkIdentifier)' == '.NETCoreApp' and $([MSBuild]::VersionGreaterThanOrEquals($(TargetFrameworkVersion), 5.0)) And ('$(DesignTimeBuild)' != 'true' Or '@(MissingWorkloadPack)' == '')) was evaluated as ('' != '' and '.NETCoreApp' == '.NETCoreApp' and True And ('' != 'true' Or '' == '')).
       Target "_CheckForMissingWorkload" skipped, due to false condition; ('@(MissingWorkloadPack)' != '' And '$(DesignTimeBuild)' != 'true') was evaluated as ('' != '' And '' != 'true').
   1:7>Target "GetReferenceAssemblyPaths" in file "/usr/lib/dotnet/sdk/8.0.116/Sdks/Microsoft.NET.Sdk/targets/Microsoft.NET.DisableStandardFrameworkResolution.targets" from project "/app/Prism.StoreApps/Microsoft.Practices.Prism.StoreApps.csproj" (target "PrepareForBuild" depends on it):
   1:7>Done building target "GetReferenceAssemblyPaths" in project "Microsoft.Practices.Prism.StoreApps.csproj".
       Target "AssignLinkMetadata" skipped, due to false condition; ( '$(SynthesizeLinkMetadata)' == 'true' ) was evaluated as ( '' == 'true' ).
       Target "_VerifyPackReleaseConfigurations" skipped, due to false condition; ('$(_IsPacking)' == 'true' and '$(DOTNET_CLI_DISABLE_PUBLISH_AND_PACK_RELEASE)' != 'true' and '$(DOTNET_CLI_LAZY_PUBLISH_AND_PACK_RELEASE_FOR_SOLUTIONS)' == 'true') was evaluated as ('' == 'true' and '' != 'true' and '' == 'true').
   1:7>Target "PrepareForBuild" in file "/usr/lib/dotnet/sdk/8.0.116/Microsoft.Common.CurrentVersion.targets" from project "/app/Prism.StoreApps/Microsoft.Practices.Prism.StoreApps.csproj" (target "CoreBuild" depends on it):
       Using "FindAppConfigFile" task from assembly "Microsoft.Build.Tasks.Core, Version=15.1.0.0, Culture=neutral, PublicKeyToken=b03f5f7f11d50a3a".
       Task "FindAppConfigFile"
       Done executing task "FindAppConfigFile".
       Using "MakeDir" task from assembly "Microsoft.Build.Tasks.Core, Version=15.1.0.0, Culture=neutral, PublicKeyToken=b03f5f7f11d50a3a".
       Task "MakeDir"
       Done executing task "MakeDir".
   1:7>Done building target "PrepareForBuild" in project "Microsoft.Practices.Prism.StoreApps.csproj".
       Target "GenerateGlobalUsings" skipped, due to false condition; (@(Using->Count()) != 0) was evaluated as (0 != 0).
       Target "PreBuildEvent" skipped, due to false condition; ('$(PreBuildEvent)'!='') was evaluated as (''!='').
   1:7>Target "BeforeResolveReferences" in file "/usr/lib/dotnet/sdk/8.0.116/Microsoft.Common.CurrentVersion.targets" from project "/app/Prism.StoreApps/Microsoft.Practices.Prism.StoreApps.csproj" (target "ResolveReferences" depends on it):
   1:7>Done building target "BeforeResolveReferences" in project "Microsoft.Practices.Prism.StoreApps.csproj".
   1:7>Target "IgnoreJavaScriptOutputAssembly" in file "/usr/lib/dotnet/sdk/8.0.116/Microsoft.Common.CurrentVersion.targets" from project "/app/Prism.StoreApps/Microsoft.Practices.Prism.StoreApps.csproj" (target "AssignProjectConfiguration" depends on it):
   1:7>Done building target "IgnoreJavaScriptOutputAssembly" in project "Microsoft.Practices.Prism.StoreApps.csproj".
       Target "ProcessFrameworkReferences" skipped. Previously built successfully.
   1:7>Target "_DefaultMicrosoftNETPlatformLibrary" in file "/usr/lib/dotnet/sdk/8.0.116/Sdks/Microsoft.NET.Sdk/targets/Microsoft.NET.Sdk.Shared.targets" from project "/app/Prism.StoreApps/Microsoft.Practices.Prism.StoreApps.csproj" (target "ResolvePackageAssets" depends on it):
   1:7>Done building target "_DefaultMicrosoftNETPlatformLibrary" in project "Microsoft.Practices.Prism.StoreApps.csproj".
   1:7>Target "_ComputePackageReferencePublish" in file "/usr/lib/dotnet/sdk/8.0.116/Sdks/Microsoft.NET.Sdk/targets/Microsoft.NET.Sdk.Shared.targets" from project "/app/Prism.StoreApps/Microsoft.Practices.Prism.StoreApps.csproj" (target "ResolvePackageAssets" depends on it):
   1:7>Done building target "_ComputePackageReferencePublish" in project "Microsoft.Practices.Prism.StoreApps.csproj".
       Target "_ResolveCompilerVersion" skipped, due to false condition; ('$(CompilerApiVersion)' == '' And
                            ('$(Language)' == 'C#' Or '$(Language)' == 'VB') And
                            Exists('$(RoslynTargetsPath)\Microsoft.Build.Tasks.CodeAnalysis.dll')) was evaluated as ('roslyn4.8' == '' And
                            ('C#' == 'C#' Or 'C#' == 'VB') And
                            Exists('/usr/lib/dotnet/sdk/8.0.116/Roslyn\Microsoft.Build.Tasks.CodeAnalysis.dll')).
   1:7>Target "ResolvePackageAssets" in file "/usr/lib/dotnet/sdk/8.0.116/Sdks/Microsoft.NET.Sdk/targets/Microsoft.PackageDependencyResolution.targets" from project "/app/Prism.StoreApps/Microsoft.Practices.Prism.StoreApps.csproj" (target "ResolveLockFileReferences" depends on it):
       Using "ResolvePackageAssets" task from assembly "/usr/lib/dotnet/sdk/8.0.116/Sdks/Microsoft.NET.Sdk/targets/../tools/net8.0/Microsoft.NET.Build.Tasks.dll".
       Task "ResolvePackageAssets"
       Done executing task "ResolvePackageAssets".
   1:7>Done building target "ResolvePackageAssets" in project "Microsoft.Practices.Prism.StoreApps.csproj".
       Target "AdjustDefaultPlatformTargetForNetFrameworkExeWithNoNativeCopyLocalItems" skipped, due to false condition; ('$(_UsingDefaultPlatformTarget)' == 'true' and
                            '$(_UsingDefaultRuntimeIdentifier)' == 'true') was evaluated as ('true' == 'true' and
                            '' == 'true').
       Target "_CheckForTransitiveWindowsDesktopDependencies" skipped, due to false condition; ('$(TargetFrameworkIdentifier)' == '.NETCoreApp' and $([MSBuild]::VersionGreaterThanOrEquals($(_TargetFrameworkVersionWithoutV), '5.0')) and '$(TargetPlatformIdentifier)' != 'Windows' and '@(TransitiveFrameworkReference)' != '') was evaluated as ('.NETCoreApp' == '.NETCoreApp' and True and '' != 'Windows' and '' != '').
       Target "AddTransitiveFrameworkReferences" skipped, due to false condition; ('@(TransitiveFrameworkReference)' != '') was evaluated as ('' != '').
   1:7>Target "ResolveLockFileReferences" in file "/usr/lib/dotnet/sdk/8.0.116/Sdks/Microsoft.NET.Sdk/targets/Microsoft.PackageDependencyResolution.targets" from project "/app/Prism.StoreApps/Microsoft.Practices.Prism.StoreApps.csproj" (target "ResolvePackageDependenciesForBuild" depends on it):
       Using "JoinItems" task from assembly "/usr/lib/dotnet/sdk/8.0.116/Sdks/Microsoft.NET.Sdk/targets/../tools/net8.0/Microsoft.NET.Build.Tasks.dll".
       Task "JoinItems"
       Done executing task "JoinItems".
   1:7>Done building target "ResolveLockFileReferences" in project "Microsoft.Practices.Prism.StoreApps.csproj".
       Target "ResolvePackageAssets" skipped. Previously built successfully.
   1:7>Target "ResolveLockFileAnalyzers" in file "/usr/lib/dotnet/sdk/8.0.116/Sdks/Microsoft.NET.Sdk/targets/Microsoft.PackageDependencyResolution.targets" from project "/app/Prism.StoreApps/Microsoft.Practices.Prism.StoreApps.csproj" (target "ResolvePackageDependenciesForBuild" depends on it):
   1:7>Done building target "ResolveLockFileAnalyzers" in project "Microsoft.Practices.Prism.StoreApps.csproj".
       Target "ResolvePackageAssets" skipped. Previously built successfully.
       Target "RunProduceContentAssets" skipped, due to false condition; ('@(_ContentFilesToPreprocess)' != '' and '$(_CleaningWithoutRebuilding)' != 'true') was evaluated as ('' != '' and '' != 'true').
   1:7>Target "ResolveLockFileCopyLocalFiles" in file "/usr/lib/dotnet/sdk/8.0.116/Sdks/Microsoft.NET.Sdk/targets/Microsoft.PackageDependencyResolution.targets" from project "/app/Prism.StoreApps/Microsoft.Practices.Prism.StoreApps.csproj" (target "ResolvePackageDependenciesForBuild" depends on it):
   1:7>Done building target "ResolveLockFileCopyLocalFiles" in project "Microsoft.Practices.Prism.StoreApps.csproj".
       Target "ResolveRuntimePackAssets" skipped, due to false condition; ('@(RuntimePack)' != '') was evaluated as ('' != '').
       Target "RunProduceContentAssets" skipped, due to false condition; ('@(_ContentFilesToPreprocess)' != '' and '$(_CleaningWithoutRebuilding)' != 'true') was evaluated as ('' != '' and '' != 'true').
       Target "ResolvePackageAssets" skipped. Previously built successfully.
   1:7>Target "IncludeTransitiveProjectReferences" in file "/usr/lib/dotnet/sdk/8.0.116/Sdks/Microsoft.NET.Sdk/targets/Microsoft.PackageDependencyResolution.targets" from project "/app/Prism.StoreApps/Microsoft.Practices.Prism.StoreApps.csproj" (target "ResolvePackageDependenciesForBuild" depends on it):
   1:7>Done building target "IncludeTransitiveProjectReferences" in project "Microsoft.Practices.Prism.StoreApps.csproj".
   1:7>Target "ResolvePackageDependenciesForBuild" in file "/usr/lib/dotnet/sdk/8.0.116/Sdks/Microsoft.NET.Sdk/targets/Microsoft.PackageDependencyResolution.targets" from project "/app/Prism.StoreApps/Microsoft.Practices.Prism.StoreApps.csproj" (target "AssignProjectConfiguration" depends on it):
   1:7>Done building target "ResolvePackageDependenciesForBuild" in project "Microsoft.Practices.Prism.StoreApps.csproj".
   1:7>Target "AssignProjectConfiguration" in file "/usr/lib/dotnet/sdk/8.0.116/Microsoft.Common.CurrentVersion.targets" from project "/app/Prism.StoreApps/Microsoft.Practices.Prism.StoreApps.csproj" (target "ResolveReferences" depends on it):
       Using "AssignProjectConfiguration" task from assembly "Microsoft.Build.Tasks.Core, Version=15.1.0.0, Culture=neutral, PublicKeyToken=b03f5f7f11d50a3a".
       Task "AssignProjectConfiguration"
         Project reference "../Prism.PubSubEvents/Microsoft.Practices.Prism.PubSubEvents.csproj" has not been resolved.
       Done executing task "AssignProjectConfiguration".
   1:7>Done building target "AssignProjectConfiguration" in project "Microsoft.Practices.Prism.StoreApps.csproj".
       Target "AssignProjectConfiguration" skipped. Previously built successfully.
   1:7>Target "_SplitProjectReferencesByFileExistence" in file "/usr/lib/dotnet/sdk/8.0.116/Microsoft.Common.CurrentVersion.targets" from project "/app/Prism.StoreApps/Microsoft.Practices.Prism.StoreApps.csproj" (target "PrepareProjectReferences" depends on it):
       Task "ResolveNonMSBuildProjectOutput" skipped, due to false condition; ('$(BuildingInsideVisualStudio)'=='true' and '@(ProjectReferenceWithConfiguration)'!='') was evaluated as (''=='true' and '../Prism.PubSubEvents/Microsoft.Practices.Prism.PubSubEvents.csproj'!='').
   1:7>Done building target "_SplitProjectReferencesByFileExistence" in project "Microsoft.Practices.Prism.StoreApps.csproj".
   1:7>Target "_AddOutputPathToGlobalPropertiesToRemove" in file "/usr/lib/dotnet/sdk/8.0.116/Microsoft.Common.CurrentVersion.targets" from project "/app/Prism.StoreApps/Microsoft.Practices.Prism.StoreApps.csproj" (target "_GetProjectReferenceTargetFrameworkProperties" depends on it):
   1:7>Done building target "_AddOutputPathToGlobalPropertiesToRemove" in project "Microsoft.Practices.Prism.StoreApps.csproj".
   1:7>Target "_GetProjectReferenceTargetFrameworkProperties" in file "/usr/lib/dotnet/sdk/8.0.116/Microsoft.Common.CurrentVersion.targets" from project "/app/Prism.StoreApps/Microsoft.Practices.Prism.StoreApps.csproj" (target "PrepareProjectReferences" depends on it):
       Task "MSBuild"
         Removing Properties:
           TargetFramework
           RuntimeIdentifier
           SelfContained
     0>Property reassignment: $(ImportDirectoryBuildProps)="false" (previous value: "true") at /usr/lib/dotnet/sdk/8.0.116/Sdks/Microsoft.NET.Sdk/Sdk/Sdk.props (57,5)
       Property 'MSBuildExtensionsPath' with value '/usr/lib/dotnet/sdk/8.0.116/' expanded from the environment.
       Property reassignment: $(MSBuildProjectExtensionsPath)="/app/Prism.PubSubEvents/obj/" (previous value: "obj/") at /usr/lib/dotnet/sdk/8.0.116/Current/Microsoft.Common.props (60,5)
       Property reassignment: $(AssemblySearchPaths)="{CandidateAssemblyFiles};{HintPathFromItem}" (previous value: "{CandidateAssemblyFiles}") at /usr/lib/dotnet/sdk/8.0.116/Sdks/Microsoft.NET.Sdk/targets/Microsoft.NET.Sdk.props (91,5)
       Property reassignment: $(AssemblySearchPaths)="{CandidateAssemblyFiles};{HintPathFromItem};{TargetFrameworkDirectory}" (previous value: "{CandidateAssemblyFiles};{HintPathFromItem}") at /usr/lib/dotnet/sdk/8.0.116/Sdks/Microsoft.NET.Sdk/targets/Microsoft.NET.Sdk.props (92,5)
       Property reassignment: $(AssemblySearchPaths)="{CandidateAssemblyFiles};{HintPathFromItem};{TargetFrameworkDirectory};{RawFileName}" (previous value: "{CandidateAssemblyFiles};{HintPathFromItem};{TargetFrameworkDirectory}") at /usr/lib/dotnet/sdk/8.0.116/Sdks/Microsoft.NET.Sdk/targets/Microsoft.NET.Sdk.props (93,5)
       Property reassignment: $(TargetsForTfmSpecificContentInPackage)=";PackTool;_PackProjectToolValidation" (previous value: ";PackTool") at /usr/lib/dotnet/sdk/8.0.116/Sdks/Microsoft.NET.Sdk/targets/Microsoft.NET.PackProjectTool.props (15,5)
       Property reassignment: $(PublishProfileImported)="false" (previous value: "true") at /usr/lib/dotnet/sdk/8.0.116/Sdks/Microsoft.NET.Sdk/targets/Microsoft.NET.Sdk.ImportPublishProfile.targets (28,5)
       Property reassignment: $(TargetPlatformVersion)="" (previous value: "0.0") at /usr/lib/dotnet/sdk/8.0.116/Sdks/Microsoft.NET.Sdk/targets/Microsoft.NET.TargetFrameworkInference.targets (69,5)
       Property reassignment: $(DefaultItemExcludes)=";bin/Debug//**;obj/Debug//**" (previous value: ";bin/Debug//**") at /usr/lib/dotnet/sdk/8.0.116/Sdks/Microsoft.NET.Sdk/targets/Microsoft.NET.DefaultOutputPaths.targets (122,5)
       Property reassignment: $(OutputPath)="bin/Debug/net8.0/" (previous value: "bin/Debug/") at /usr/lib/dotnet/sdk/8.0.116/Sdks/Microsoft.NET.Sdk/targets/Microsoft.NET.DefaultOutputPaths.targets (137,5)
       Property reassignment: $(IntermediateOutputPath)="obj/Debug/net8.0/" (previous value: "obj/Debug/") at /usr/lib/dotnet/sdk/8.0.116/Sdks/Microsoft.NET.Sdk/targets/Microsoft.NET.DefaultOutputPaths.targets (142,5)
       Property reassignment: $(_FrameworkIdentifierForImplicitDefine)="NET" (previous value: "NETCOREAPP") at /usr/lib/dotnet/sdk/8.0.116/Sdks/Microsoft.NET.Sdk/targets/Microsoft.NET.Sdk.BeforeCommon.targets (187,5)
       Property reassignment: $(_FrameworkVersionForImplicitDefine)="8_0" (previous value: "8.0") at /usr/lib/dotnet/sdk/8.0.116/Sdks/Microsoft.NET.Sdk/targets/Microsoft.NET.Sdk.BeforeCommon.targets (192,5)
       Property reassignment: $(CommandLineArgsForDesignTimeEvaluation)="-langversion:12.0 -define:TRACE" (previous value: "-langversion:12.0") at /usr/lib/dotnet/sdk/8.0.116/Roslyn/Microsoft.CSharp.Core.targets (197,5)
       Property reassignment: $(_DebugSymbolsProduced)="true" (previous value: "false") at /usr/lib/dotnet/sdk/8.0.116/Microsoft.Common.CurrentVersion.targets (175,5)
       Property reassignment: $(_DocumentationFileProduced)="false" (previous value: "true") at /usr/lib/dotnet/sdk/8.0.116/Microsoft.Common.CurrentVersion.targets (185,5)
       Property reassignment: $(ProcessorArchitecture)="msil" (previous value: "") at /usr/lib/dotnet/sdk/8.0.116/Microsoft.Common.CurrentVersion.targets (529,5)
       Property reassignment: $(DelaySign)="" (previous value: "false") at /usr/lib/dotnet/sdk/8.0.116/Microsoft.Common.CurrentVersion.targets (568,5)
       Property 'LocalAppData' with value '/home/swebot/.local/share' expanded from the environment.
       Property reassignment: $(_SGenGenerateSerializationAssembliesConfig)="Auto" (previous value: "") at /usr/lib/dotnet/sdk/8.0.116/Microsoft.Common.CurrentVersion.targets (3824,5)
       Property reassignment: $(_SGenGenerateSerializationAssembliesConfig)="Off" (previous value: "Auto") at /usr/lib/dotnet/sdk/8.0.116/Microsoft.Common.CurrentVersion.targets (3825,5)
       Property reassignment: $(_TargetsThatPrepareProjectReferences)="
             AssignProjectConfiguration;
             _SplitProjectReferencesByFileExistence
           " (previous value: "_SplitProjectReferencesByFileExistence") at /usr/lib/dotnet/sdk/8.0.116/Microsoft.Common.CurrentVersion.targets (4976,5)
       Property 'MSBuildExtensionsPath32' with value '/usr/lib/dotnet/sdk/8.0.116' expanded from the environment.
       Property reassignment: $(ProjectAssetsCacheFile)="/app/Prism.PubSubEvents/obj/Debug/net8.0/Microsoft.Practices.Prism.PubSubEvents.assets.cache" (previous value: "obj/Debug/net8.0/Microsoft.Practices.Prism.PubSubEvents.assets.cache") at /usr/lib/dotnet/sdk/8.0.116/Sdks/Microsoft.NET.Sdk/targets/Microsoft.PackageDependencyResolution.targets (29,5)
       Property reassignment: $(ResolveAssemblyReferencesDependsOn)="

             ResolveProjectReferences;
             FindInvalidProjectReferences;
             GetFrameworkPaths;
             GetReferenceAssemblyPaths;
             PrepareForBuild;
             ResolveSDKReferences;
             ExpandSDKReferences;
           ;
             ResolvePackageDependenciesForBuild;
             _HandlePackageFileConflicts;
           " (previous value: "
             ResolveProjectReferences;
             FindInvalidProjectReferences;
             GetFrameworkPaths;
             GetReferenceAssemblyPaths;
             PrepareForBuild;
             ResolveSDKReferences;
             ExpandSDKReferences;
           ") at /usr/lib/dotnet/sdk/8.0.116/Sdks/Microsoft.NET.Sdk/targets/Microsoft.PackageDependencyResolution.targets (80,5)
       Property reassignment: $(PrepareResourcesDependsOn)="
             ResolvePackageDependenciesForBuild;
             _HandlePackageFileConflicts;

             ;
             PrepareResourceNames;
             ResGen;
             CompileLicxFiles

           " (previous value: "
             ;
             PrepareResourceNames;
             ResGen;
             CompileLicxFiles
           ") at /usr/lib/dotnet/sdk/8.0.116/Sdks/Microsoft.NET.Sdk/targets/Microsoft.PackageDependencyResolution.targets (86,5)
       Property reassignment: $(DefaultItemExcludes)=";bin/Debug//**;obj/Debug//**;bin//**" (previous value: ";bin/Debug//**;obj/Debug//**") at /usr/lib/dotnet/sdk/8.0.116/Sdks/Microsoft.NET.Sdk/targets/Microsoft.NET.Sdk.DefaultItems.targets (27,5)
       Property reassignment: $(DefaultItemExcludes)=";bin/Debug//**;obj/Debug//**;bin//**;obj//**" (previous value: ";bin/Debug//**;obj/Debug//**;bin//**") at /usr/lib/dotnet/sdk/8.0.116/Sdks/Microsoft.NET.Sdk/targets/Microsoft.NET.Sdk.DefaultItems.targets (29,5)
       Property reassignment: $(DefaultItemExcludes)=";bin/Debug//**;obj/Debug//**;bin//**;obj//**;**/*.user" (previous value: ";bin/Debug//**;obj/Debug//**;bin//**;obj//**") at /usr/lib/dotnet/sdk/8.0.116/Sdks/Microsoft.NET.Sdk/targets/Microsoft.NET.Sdk.DefaultItems.targets (32,5)
       Property reassignment: $(DefaultItemExcludes)=";bin/Debug//**;obj/Debug//**;bin//**;obj//**;**/*.user;**/*.*proj" (previous value: ";bin/Debug//**;obj/Debug//**;bin//**;obj//**;**/*.user") at /usr/lib/dotnet/sdk/8.0.116/Sdks/Microsoft.NET.Sdk/targets/Microsoft.NET.Sdk.DefaultItems.targets (33,5)
       Property reassignment: $(DefaultItemExcludes)=";bin/Debug//**;obj/Debug//**;bin//**;obj//**;**/*.user;**/*.*proj;**/*.sln" (previous value: ";bin/Debug//**;obj/Debug//**;bin//**;obj//**;**/*.user;**/*.*proj") at /usr/lib/dotnet/sdk/8.0.116/Sdks/Microsoft.NET.Sdk/targets/Microsoft.NET.Sdk.DefaultItems.targets (34,5)
       Property reassignment: $(DefaultItemExcludes)=";bin/Debug//**;obj/Debug//**;bin//**;obj//**;**/*.user;**/*.*proj;**/*.sln;**/*.vssscc" (previous value: ";bin/Debug//**;obj/Debug//**;bin//**;obj//**;**/*.user;**/*.*proj;**/*.sln") at /usr/lib/dotnet/sdk/8.0.116/Sdks/Microsoft.NET.Sdk/targets/Microsoft.NET.Sdk.DefaultItems.targets (35,5)
       Property reassignment: $(DefaultItemExcludes)=";bin/Debug//**;obj/Debug//**;bin//**;obj//**;**/*.user;**/*.*proj;**/*.sln;**/*.vssscc;**/.DS_Store" (previous value: ";bin/Debug//**;obj/Debug//**;bin//**;obj//**;**/*.user;**/*.*proj;**/*.sln;**/*.vssscc") at /usr/lib/dotnet/sdk/8.0.116/Sdks/Microsoft.NET.Sdk/targets/Microsoft.NET.Sdk.DefaultItems.targets (36,5)
       Property reassignment: $(ResolveAssemblyReferencesDependsOn)="


             ResolveProjectReferences;
             FindInvalidProjectReferences;
             GetFrameworkPaths;
             GetReferenceAssemblyPaths;
             PrepareForBuild;
             ResolveSDKReferences;
             ExpandSDKReferences;
           ;
             ResolvePackageDependenciesForBuild;
             _HandlePackageFileConflicts;
           ;
             ResolveTargetingPackAssets;
           " (previous value: "

             ResolveProjectReferences;
             FindInvalidProjectReferences;
             GetFrameworkPaths;
             GetReferenceAssemblyPaths;
             PrepareForBuild;
             ResolveSDKReferences;
             ExpandSDKReferences;
           ;
             ResolvePackageDependenciesForBuild;
             _HandlePackageFileConflicts;
           ") at /usr/lib/dotnet/sdk/8.0.116/Sdks/Microsoft.NET.Sdk/targets/Microsoft.NET.Sdk.FrameworkReferenceResolution.targets (14,5)
       Property reassignment: $(_GenerateRuntimeConfigurationPropertyInputsCache)="/app/Prism.PubSubEvents/obj/Debug/net8.0/Microsoft.Practices.Prism.PubSubEvents.genruntimeconfig.cache" (previous value: "obj/Debug/net8.0/Microsoft.Practices.Prism.PubSubEvents.genruntimeconfig.cache") at /usr/lib/dotnet/sdk/8.0.116/Sdks/Microsoft.NET.Sdk/targets/Microsoft.NET.Sdk.targets (44,5)
       Property reassignment: $(_GeneratePublishDependencyFilePropertyInputsCache)="/app/Prism.PubSubEvents/obj/Debug/net8.0/Microsoft.Practices.Prism.PubSubEvents.genpublishdeps.cache" (previous value: "obj/Debug/net8.0/Microsoft.Practices.Prism.PubSubEvents.genpublishdeps.cache") at /usr/lib/dotnet/sdk/8.0.116/Sdks/Microsoft.NET.Sdk/targets/Microsoft.NET.Sdk.targets (46,5)
       Property reassignment: $(_GenerateSingleFileBundlePropertyInputsCache)="/app/Prism.PubSubEvents/obj/Debug/net8.0/Microsoft.Practices.Prism.PubSubEvents.genbundle.cache" (previous value: "obj/Debug/net8.0/Microsoft.Practices.Prism.PubSubEvents.genbundle.cache") at /usr/lib/dotnet/sdk/8.0.116/Sdks/Microsoft.NET.Sdk/targets/Microsoft.NET.Sdk.targets (48,5)
       Property reassignment: $(GenerateRuntimeConfigDevFile)="false" (previous value: "true") at /usr/lib/dotnet/sdk/8.0.116/Sdks/Microsoft.NET.Sdk/targets/Microsoft.NET.Sdk.targets (81,5)
       Property 'HOME' with value '/home/swebot' expanded from the environment.
       Property reassignment: $(_DefaultUserProfileRuntimeStorePath)="/home/swebot/.dotnet/store" (previous value: "/home/swebot") at /usr/lib/dotnet/sdk/8.0.116/Sdks/Microsoft.NET.Sdk/targets/Microsoft.NET.Sdk.targets (98,5)
       Property reassignment: $(AvailablePlatforms)="Any CPU,x86,x64,ARM32" (previous value: "Any CPU,x86,x64") at /usr/lib/dotnet/sdk/8.0.116/Sdks/Microsoft.NET.Sdk/targets/Microsoft.NET.Sdk.targets (136,5)
       Property reassignment: $(AvailablePlatforms)="Any CPU,x86,x64,ARM32,ARM64" (previous value: "Any CPU,x86,x64,ARM32") at /usr/lib/dotnet/sdk/8.0.116/Sdks/Microsoft.NET.Sdk/targets/Microsoft.NET.Sdk.targets (140,5)
       Property reassignment: $(CoreBuildDependsOn)="
             _CheckForBuildWithNoBuild;

             BuildOnlySettings;
             PrepareForBuild;
             PreBuildEvent;
             ResolveReferences;
             PrepareResources;
             ResolveKeySource;
             Compile;
             ExportWindowsMDFile;
             UnmanagedUnregistration;
             GenerateSerializationAssemblies;
             CreateSatelliteAssemblies;
             GenerateManifests;
             GetTargetPath;
             PrepareForRun;
             UnmanagedRegistration;
             IncrementalClean;
             PostBuildEvent
           ;
             GenerateBuildDependencyFile;
             GenerateBuildRuntimeConfigurationFiles
           " (previous value: "
             BuildOnlySettings;
             PrepareForBuild;
             PreBuildEvent;
             ResolveReferences;
             PrepareResources;
             ResolveKeySource;
             Compile;
             ExportWindowsMDFile;
             UnmanagedUnregistration;
             GenerateSerializationAssemblies;
             CreateSatelliteAssemblies;
             GenerateManifests;
             GetTargetPath;
             PrepareForRun;
             UnmanagedRegistration;
             IncrementalClean;
             PostBuildEvent
           ") at /usr/lib/dotnet/sdk/8.0.116/Sdks/Microsoft.NET.Sdk/targets/Microsoft.NET.Sdk.targets (197,5)
       Property reassignment: $(CoreCleanDependsOn)="
             _SdkBeforeClean;

           " (previous value: "") at /usr/lib/dotnet/sdk/8.0.116/Sdks/Microsoft.NET.Sdk/targets/Microsoft.NET.Sdk.targets (206,5)
       Property reassignment: $(RebuildDependsOn)="
             _SdkBeforeRebuild;

             BeforeRebuild;
             Clean;
             Build;
             AfterRebuild;

           " (previous value: "
             BeforeRebuild;
             Clean;
             Build;
             AfterRebuild;
           ") at /usr/lib/dotnet/sdk/8.0.116/Sdks/Microsoft.NET.Sdk/targets/Microsoft.NET.Sdk.targets (213,5)
       Property reassignment: $(CompileDependsOn)="

             ResolveReferences;
             ResolveKeySource;
             SetWin32ManifestProperties;
             FindReferenceAssembliesForReferences;
             _GenerateCompileInputs;
             BeforeCompile;
             _TimeStampBeforeCompile;
             _GenerateCompileDependencyCache;
             CoreCompile;
             _TimeStampAfterCompile;
             AfterCompile;
           ;
             _CreateAppHost;
             _CreateComHost;
             _GetIjwHostPaths;
           " (previous value: "
             ResolveReferences;
             ResolveKeySource;
             SetWin32ManifestProperties;
             FindReferenceAssembliesForReferences;
             _GenerateCompileInputs;
             BeforeCompile;
             _TimeStampBeforeCompile;
             _GenerateCompileDependencyCache;
             CoreCompile;
             _TimeStampAfterCompile;
             AfterCompile;
           ") at /usr/lib/dotnet/sdk/8.0.116/Sdks/Microsoft.NET.Sdk/targets/Microsoft.NET.Sdk.targets (679,5)
       Property reassignment: $(CreateSatelliteAssembliesDependsOn)="

             _GenerateSatelliteAssemblyInputs;
             ComputeIntermediateSatelliteAssemblies;
             GenerateSatelliteAssemblies
           ;
             CoreGenerateSatelliteAssemblies
           " (previous value: "
             _GenerateSatelliteAssemblyInputs;
             ComputeIntermediateSatelliteAssemblies;
             GenerateSatelliteAssemblies
           ") at /usr/lib/dotnet/sdk/8.0.116/Sdks/Microsoft.NET.Sdk/targets/Microsoft.NET.Sdk.targets (1065,5)
       Property reassignment: $(SourceLinkUrlInitializerTargets)=";_InitializeGitHubSourceLinkUrl;_InitializeGitLabSourceLinkUrl" (previous value: ";_InitializeGitHubSourceLinkUrl") at /usr/lib/dotnet/sdk/8.0.116/Sdks/Microsoft.SourceLink.GitLab/build/Microsoft.SourceLink.GitLab.targets (12,5)
       Property reassignment: $(SourceControlManagerUrlTranslationTargets)=";TranslateGitHubUrlsInSourceControlInformation;TranslateGitLabUrlsInSourceControlInformation" (previous value: ";TranslateGitHubUrlsInSourceControlInformation") at /usr/lib/dotnet/sdk/8.0.116/Sdks/Microsoft.SourceLink.GitLab/build/Microsoft.SourceLink.GitLab.targets (13,5)
       Property reassignment: $(SourceLinkUrlInitializerTargets)=";_InitializeGitHubSourceLinkUrl;_InitializeGitLabSourceLinkUrl;_InitializeAzureReposGitSourceLinkUrl" (previous value: ";_InitializeGitHubSourceLinkUrl;_InitializeGitLabSourceLinkUrl") at /usr/lib/dotnet/sdk/8.0.116/Sdks/Microsoft.SourceLink.AzureRepos.Git/build/Microsoft.SourceLink.AzureRepos.Git.targets (12,5)
       Property reassignment: $(SourceControlManagerUrlTranslationTargets)=";TranslateGitHubUrlsInSourceControlInformation;TranslateGitLabUrlsInSourceControlInformation;TranslateAzureReposGitUrlsInSourceControlInformation" (previous value: ";TranslateGitHubUrlsInSourceControlInformation;TranslateGitLabUrlsInSourceControlInformation") at /usr/lib/dotnet/sdk/8.0.116/Sdks/Microsoft.SourceLink.AzureRepos.Git/build/Microsoft.SourceLink.AzureRepos.Git.targets (13,5)
       Property reassignment: $(SourceLinkUrlInitializerTargets)=";_InitializeGitHubSourceLinkUrl;_InitializeGitLabSourceLinkUrl;_InitializeAzureReposGitSourceLinkUrl;_InitializeBitbucketGitSourceLinkUrl" (previous value: ";_InitializeGitHubSourceLinkUrl;_InitializeGitLabSourceLinkUrl;_InitializeAzureReposGitSourceLinkUrl") at /usr/lib/dotnet/sdk/8.0.116/Sdks/Microsoft.SourceLink.Bitbucket.Git/build/Microsoft.SourceLink.Bitbucket.Git.targets (12,5)
       Property reassignment: $(SourceControlManagerUrlTranslationTargets)=";TranslateGitHubUrlsInSourceControlInformation;TranslateGitLabUrlsInSourceControlInformation;TranslateAzureReposGitUrlsInSourceControlInformation;TranslateBitbucketGitUrlsInSourceControlInformation" (previous value: ";TranslateGitHubUrlsInSourceControlInformation;TranslateGitLabUrlsInSourceControlInformation;TranslateAzureReposGitUrlsInSourceControlInformation") at /usr/lib/dotnet/sdk/8.0.116/Sdks/Microsoft.SourceLink.Bitbucket.Git/build/Microsoft.SourceLink.Bitbucket.Git.targets (13,5)
       Property reassignment: $(DesignerRuntimeImplementationProjectOutputGroupDependsOn)="

             ;

             ;
             BuildOnlySettings;
             PrepareForBuild;
             AssignTargetPaths;
             ResolveReferences

           ;
             _GenerateDesignerDepsFile;
             _GenerateDesignerRuntimeConfigFile;
             GetCopyToOutputDirectoryItems;
             _GatherDesignerShadowCopyFiles;
           " (previous value: "
             ;

             ;
             BuildOnlySettings;
             PrepareForBuild;
             AssignTargetPaths;
             ResolveReferences

           ") at /usr/lib/dotnet/sdk/8.0.116/Sdks/Microsoft.NET.Sdk/targets/Microsoft.NET.DesignerSupport.targets (21,5)
       Property reassignment: $(_GenerateToolsSettingsFileCacheFile)="/app/Prism.PubSubEvents/obj/Debug/net8.0/Microsoft.Practices.Prism.PubSubEvents.toolssettingsinput.cache" (previous value: "obj/Debug/net8.0/Microsoft.Practices.Prism.PubSubEvents.toolssettingsinput.cache") at /usr/lib/dotnet/sdk/8.0.116/Sdks/Microsoft.NET.Sdk/targets/Microsoft.NET.PackTool.targets (68,5)
       Property reassignment: $(_ShimInputCacheFile)="/app/Prism.PubSubEvents/obj/Debug/net8.0/Microsoft.Practices.Prism.PubSubEvents.shiminput.cache" (previous value: "obj/Debug/net8.0/Microsoft.Practices.Prism.PubSubEvents.shiminput.cache") at /usr/lib/dotnet/sdk/8.0.116/Sdks/Microsoft.NET.Sdk/targets/Microsoft.NET.PackTool.targets (137,5)
       Property reassignment: $(_ShimCreatedSentinelFile)="/app/Prism.PubSubEvents/obj/Debug/net8.0/Microsoft.Practices.Prism.PubSubEvents.shimcreated.sentinel" (previous value: "obj/Debug/net8.0/Microsoft.Practices.Prism.PubSubEvents.shimcreated.sentinel") at /usr/lib/dotnet/sdk/8.0.116/Sdks/Microsoft.NET.Sdk/targets/Microsoft.NET.PackTool.targets (139,5)
       Property reassignment: $(DefineConstants)="TRACE;DEBUG" (previous value: "TRACE") at /usr/lib/dotnet/sdk/8.0.116/Sdks/Microsoft.NET.Sdk/targets/Microsoft.NET.Sdk.CSharp.targets (31,5)
       Property reassignment: $(DefineConstants)="TRACE;DEBUG;NET;NET8_0;NETCOREAPP" (previous value: "TRACE;DEBUG") at /usr/lib/dotnet/sdk/8.0.116/Sdks/Microsoft.NET.Sdk/targets/Microsoft.NET.Sdk.CSharp.targets (34,5)
       Property reassignment: $(WarningsAsErrors)=";NU1605;SYSLIB0011" (previous value: ";NU1605") at /usr/lib/dotnet/sdk/8.0.116/Sdks/Microsoft.NET.Sdk/targets/Microsoft.NET.Sdk.CSharp.targets (48,5)
       Property reassignment: $(PackageDescription)="Package Description" (previous value: "") at /usr/lib/dotnet/sdk/8.0.116/Sdks/NuGet.Build.Tasks.Pack/build/NuGet.Build.Tasks.Pack.targets (34,5)
       Property reassignment: $(GenerateNuspecDependsOn)="Build;_LoadPackInputItems; _GetTargetFrameworksOutput; _WalkEachTargetPerFramework; _GetPackageFiles; " (previous value: "_LoadPackInputItems; _GetTargetFrameworksOutput; _WalkEachTargetPerFramework; _GetPackageFiles; ") at /usr/lib/dotnet/sdk/8.0.116/Sdks/NuGet.Build.Tasks.Pack/build/NuGet.Build.Tasks.Pack.targets (59,5)
       Overriding target "ResolveFrameworkReferences" in project "/usr/lib/dotnet/sdk/8.0.116/Microsoft.Common.CurrentVersion.targets" with target "ResolveFrameworkReferences" from project "/usr/lib/dotnet/sdk/8.0.116/Sdks/Microsoft.NET.Sdk/targets/Microsoft.NET.Sdk.FrameworkReferenceResolution.targets".
       Overriding target "Run" in project "/usr/lib/dotnet/sdk/8.0.116/Microsoft.Common.CurrentVersion.targets" with target "Run" from project "/usr/lib/dotnet/sdk/8.0.116/Sdks/Microsoft.NET.Sdk/targets/Microsoft.NET.Sdk.targets".
       Overriding target "GenerateSupportedTargetFrameworkAlias" in project "/usr/lib/dotnet/sdk/8.0.116/Microsoft.Common.CurrentVersion.targets" with target "GenerateSupportedTargetFrameworkAlias" from project "/usr/lib/dotnet/sdk/8.0.116/Sdks/Microsoft.NET.Sdk/targets/Microsoft.NET.Sdk.targets".
       Overriding target "GetReferenceAssemblyPaths" in project "/usr/lib/dotnet/sdk/8.0.116/Microsoft.Common.CurrentVersion.targets" with target "GetReferenceAssemblyPaths" from project "/usr/lib/dotnet/sdk/8.0.116/Sdks/Microsoft.NET.Sdk/targets/Microsoft.NET.DisableStandardFrameworkResolution.targets".
       Overriding target "GetFrameworkPaths" in project "/usr/lib/dotnet/sdk/8.0.116/Microsoft.Common.CurrentVersion.targets" with target "GetFrameworkPaths" from project "/usr/lib/dotnet/sdk/8.0.116/Sdks/Microsoft.NET.Sdk/targets/Microsoft.NET.DisableStandardFrameworkResolution.targets".
       Overriding target "DesignerRuntimeImplementationProjectOutputGroup" in project "/usr/lib/dotnet/sdk/8.0.116/Microsoft.Common.CurrentVersion.targets" with target "DesignerRuntimeImplementationProjectOutputGroup" from project "/usr/lib/dotnet/sdk/8.0.116/Sdks/Microsoft.NET.Sdk/targets/Microsoft.NET.DesignerSupport.targets".
       Overriding target "Publish" in project "/usr/lib/dotnet/sdk/8.0.116/Microsoft.Common.CurrentVersion.targets" with target "Publish" from project "/usr/lib/dotnet/sdk/8.0.116/Sdks/Microsoft.NET.Sdk/targets/Microsoft.NET.Publish.targets".
       Overriding target "ResolveReadyToRunCompilers" in project "/usr/lib/dotnet/sdk/8.0.116/Sdks/Microsoft.NET.Sdk/targets/Microsoft.NET.CrossGen.targets" with target "ResolveReadyToRunCompilers" from project "/usr/lib/dotnet/sdk/8.0.116/Sdks/Microsoft.NET.Sdk/targets/Microsoft.NET.Publish.targets".
       Overriding target "GetCopyToPublishDirectoryItems" in project "/usr/lib/dotnet/sdk/8.0.116/Microsoft.Common.CurrentVersion.targets" with target "GetCopyToPublishDirectoryItems" from project "/usr/lib/dotnet/sdk/8.0.116/Sdks/Microsoft.NET.Sdk/targets/Microsoft.NET.Publish.targets".
   1:7>Project "/app/Prism.StoreApps/Microsoft.Practices.Prism.StoreApps.csproj" (1:7) is building "/app/Prism.PubSubEvents/Microsoft.Practices.Prism.PubSubEvents.csproj" (2:5) on node 1 (GetTargetFrameworks target(s)).
   2:5>Target "GetTargetFrameworksWithPlatformForSingleTargetFramework" in file "/usr/lib/dotnet/sdk/8.0.116/Microsoft.Common.CurrentVersion.targets" from project "/app/Prism.PubSubEvents/Microsoft.Practices.Prism.PubSubEvents.csproj" (target "GetTargetFrameworks" depends on it):
   2:5>Using "CombineTargetFrameworkInfoProperties" task from assembly "Microsoft.Build.Tasks.Core, Version=15.1.0.0, Culture=neutral, PublicKeyToken=b03f5f7f11d50a3a".
       Task "CombineTargetFrameworkInfoProperties"
       Done executing task "CombineTargetFrameworkInfoProperties".
   2:5>Done building target "GetTargetFrameworksWithPlatformForSingleTargetFramework" in project "Microsoft.Practices.Prism.PubSubEvents.csproj".
   2:5>Target "GetTargetFrameworks" in file "/usr/lib/dotnet/sdk/8.0.116/Microsoft.Common.CurrentVersion.targets" from project "/app/Prism.PubSubEvents/Microsoft.Practices.Prism.PubSubEvents.csproj" (entry point):
       Task "Error" skipped, due to false condition; ('$(IsCrossTargetingBuild)' == 'true') was evaluated as ('' == 'true').
       Using "CombineXmlElements" task from assembly "Microsoft.Build.Tasks.Core, Version=15.1.0.0, Culture=neutral, PublicKeyToken=b03f5f7f11d50a3a".
       Task "CombineXmlElements"
       Done executing task "CombineXmlElements".
   2:5>Done building target "GetTargetFrameworks" in project "Microsoft.Practices.Prism.PubSubEvents.csproj".
   2:5>Done Building Project "/app/Prism.PubSubEvents/Microsoft.Practices.Prism.PubSubEvents.csproj" (GetTargetFrameworks target(s)).
   1:7>Done executing task "MSBuild".
       Task "MSBuild" skipped, due to false condition; ('%(_MSBuildProjectReferenceExistent.SkipGetTargetFrameworkProperties)' != 'true' and '$(EnableDynamicPlatformResolution)' == 'true') was evaluated as ('' != 'true' and '' == 'true').
       Using "GetReferenceNearestTargetFrameworkTask" task from assembly "/usr/lib/dotnet/sdk/8.0.116/NuGet.Build.Tasks.dll".
       Task "GetReferenceNearestTargetFrameworkTask"
         (in) CurrentProjectTargetFramework '.NETCoreApp,Version=v8.0'
         (in) CurrentProjectTargetPlatform ''
         (in) FallbackTargetFrameworks 'net461;net462;net47;net471;net472;net48;net481'
         (in) AnnotatedProjectReferences '../Prism.PubSubEvents/Microsoft.Practices.Prism.PubSubEvents.csproj'
         (out) AssignedProjects '../Prism.PubSubEvents/Microsoft.Practices.Prism.PubSubEvents.csproj'
       Done executing task "GetReferenceNearestTargetFrameworkTask".
       Task "GetReferenceNearestTargetFrameworkTask" skipped, due to false condition; ('@(_ProjectReferenceTargetFrameworkPossibilities)' != '' and '$(ReferringTargetFrameworkForProjectReferences)' != ''
                                                               And '$(GetReferenceNearestTargetFrameworkTaskSupportsTargetPlatformParameter)' != 'true' and '%(_ProjectReferenceTargetFrameworkPossibilities.IsVcxOrNativeProj)' != 'true') was evaluated as ('../Prism.PubSubEvents/Microsoft.Practices.Prism.PubSubEvents.csproj' != '' and '.NETCoreApp,Version=v8.0' != ''
                                                               And 'true' != 'true' and '' != 'true').
       Using "SetRidAgnosticValueForProjects" task from assembly "Microsoft.Build.Tasks.Core, Version=15.1.0.0, Culture=neutral, PublicKeyToken=b03f5f7f11d50a3a".
       Task "SetRidAgnosticValueForProjects"
       Done executing task "SetRidAgnosticValueForProjects".
   1:7>Done building target "_GetProjectReferenceTargetFrameworkProperties" in project "Microsoft.Practices.Prism.StoreApps.csproj".
   1:7>Target "ValidateExecutableReferences" in file "/usr/lib/dotnet/sdk/8.0.116/Sdks/Microsoft.NET.Sdk/targets/Microsoft.NET.Sdk.targets" from project "/app/Prism.StoreApps/Microsoft.Practices.Prism.StoreApps.csproj" (target "PrepareProjectReferences" depends on it):
       Using "ValidateExecutableReferences" task from assembly "/usr/lib/dotnet/sdk/8.0.116/Sdks/Microsoft.NET.Sdk/targets/../tools/net8.0/Microsoft.NET.Build.Tasks.dll".
       Task "ValidateExecutableReferences"
       Done executing task "ValidateExecutableReferences".
   1:7>Done building target "ValidateExecutableReferences" in project "Microsoft.Practices.Prism.StoreApps.csproj".
       Target "_GetProjectReferencePlatformProperties" skipped, due to false condition; ('$(EnableDynamicPlatformResolution)' == 'true'
                            and '@(_MSBuildProjectReferenceExistent)' != '') was evaluated as ('' == 'true'
                            and '../Prism.PubSubEvents/Microsoft.Practices.Prism.PubSubEvents.csproj' != '').
   1:7>Target "PrepareProjectReferences" in file "/usr/lib/dotnet/sdk/8.0.116/Microsoft.Common.CurrentVersion.targets" from project "/app/Prism.StoreApps/Microsoft.Practices.Prism.StoreApps.csproj" (target "ResolveProjectReferences" depends on it):
   1:7>Done building target "PrepareProjectReferences" in project "Microsoft.Practices.Prism.StoreApps.csproj".
   1:7>Target "ResolveProjectReferences" in file "/usr/lib/dotnet/sdk/8.0.116/Microsoft.Common.CurrentVersion.targets" from project "/app/Prism.StoreApps/Microsoft.Practices.Prism.StoreApps.csproj" (target "ResolveReferences" depends on it):
       Task "MSBuild" skipped, due to false condition; ('%(_MSBuildProjectReferenceExistent.BuildReference)' == 'true' and '@(ProjectReferenceWithConfiguration)' != '' and ('$(BuildingInsideVisualStudio)' == 'true' or '$(BuildProjectReferences)' != 'true') and '$(VisualStudioVersion)' != '10.0' and '@(_MSBuildProjectReferenceExistent)' != '') was evaluated as ('true' == 'true' and '../Prism.PubSubEvents/Microsoft.Practices.Prism.PubSubEvents.csproj' != '' and ('' == 'true' or 'true' != 'true') and '17.0' != '10.0' and '../Prism.PubSubEvents/Microsoft.Practices.Prism.PubSubEvents.csproj' != '').
       Task "MSBuild"
         Removing Properties for project "../Prism.PubSubEvents/Microsoft.Practices.Prism.PubSubEvents.csproj":
           TargetFramework
           RuntimeIdentifier
           SelfContained
   1:7>Project "/app/Prism.StoreApps/Microsoft.Practices.Prism.StoreApps.csproj" (1:7) is building "/app/Prism.PubSubEvents/Microsoft.Practices.Prism.PubSubEvents.csproj" (2:6) on node 1 (default targets).
   2:6>Target "_CheckForUnsupportedTargetFramework" skipped, due to false condition; ('$(_UnsupportedTargetFrameworkError)' == 'true') was evaluated as ('' == 'true').
   2:6>Target "_CollectTargetFrameworkForTelemetry" in file "/usr/lib/dotnet/sdk/8.0.116/Sdks/Microsoft.NET.Sdk/targets/Microsoft.NET.TargetFrameworkInference.targets" from project "/app/Prism.PubSubEvents/Microsoft.Practices.Prism.PubSubEvents.csproj" (target "_CheckForInvalidConfigurationAndPlatform" depends on it):
       Using "AllowEmptyTelemetry" task from assembly "/usr/lib/dotnet/sdk/8.0.116/Sdks/Microsoft.NET.Sdk/targets/../tools/net8.0/Microsoft.NET.Build.Tasks.dll".
       Task "AllowEmptyTelemetry"
       Done executing task "AllowEmptyTelemetry".
   2:6>Done building target "_CollectTargetFrameworkForTelemetry" in project "Microsoft.Practices.Prism.PubSubEvents.csproj".
       Target "_CheckForUnsupportedTargetPlatformIdentifier" skipped, due to false condition; ('$(TargetPlatformIdentifier)' != '' and '$(TargetFrameworkIdentifier)' == '.NETCoreApp' and $([MSBuild]::VersionGreaterThanOrEquals($(TargetFrameworkVersion), 5.0)) And ('$(DesignTimeBuild)' != 'true' Or '@(MissingWorkloadPack)' == '')) was evaluated as ('' != '' and '.NETCoreApp' == '.NETCoreApp' and True And ('' != 'true' Or '' == '')).
       Target "_CheckForMissingWorkload" skipped, due to false condition; ('@(MissingWorkloadPack)' != '' And '$(DesignTimeBuild)' != 'true') was evaluated as ('' != '' And '' != 'true').
   2:6>Target "_CheckForUnsupportedNETCoreVersion" in file "/usr/lib/dotnet/sdk/8.0.116/Sdks/Microsoft.NET.Sdk/targets/Microsoft.NET.TargetFrameworkInference.targets" from project "/app/Prism.PubSubEvents/Microsoft.Practices.Prism.PubSubEvents.csproj" (target "_CheckForInvalidConfigurationAndPlatform" depends on it):
       Task "NETSdkError" skipped, due to false condition; ('$(_TargetFrameworkVersionWithoutV)' > '$(NETCoreAppMaximumVersion)' and '$(DisplayVSMessage)' != 'true') was evaluated as ('8.0' > '8.0' and '' != 'true').
       Task "NETSdkError" skipped, due to false condition; ('$(DisplayVSMessage)' == 'true') was evaluated as ('' == 'true').
   2:6>Done building target "_CheckForUnsupportedNETCoreVersion" in project "Microsoft.Practices.Prism.PubSubEvents.csproj".
       Target "_CheckForEolTargetFrameworks" skipped, due to false condition; ('@(_EolNetCoreTargetFrameworkVersions->AnyHaveMetadataValue('Identity', '$(_TargetFrameworkVersionWithoutV)'))' and '$(TargetFrameworkIdentifier)' == '.NETCoreApp' and '$(CheckEolTargetFramework)' == 'true') was evaluated as ('false' and '.NETCoreApp' == '.NETCoreApp' and '' == 'true').
       Target "_CheckForEolWorkloads" skipped, due to false condition; ('@(EolWorkload)' != '' and '$(CheckEolWorkloads)' == 'true') was evaluated as ('' != '' and 'true' == 'true').
   2:6>Target "_CheckForUnsupportedCppNETCoreVersion" in file "/usr/lib/dotnet/sdk/8.0.116/Sdks/Microsoft.NET.Sdk/targets/Microsoft.NET.TargetFrameworkInference.targets" from project "/app/Prism.PubSubEvents/Microsoft.Practices.Prism.PubSubEvents.csproj" (target "_CheckForInvalidConfigurationAndPlatform" depends on it):
       Task "NETSdkError" skipped, due to false condition; ('$(TargetFrameworkIdentifier)' == '.NETCoreApp' and '$(_TargetFrameworkVersionWithoutV)' < '3.1' and ('$(Language)' == 'C++' and '$(_EnablePackageReferencesInVCProjects)' != 'true')) was evaluated as ('.NETCoreApp' == '.NETCoreApp' and '8.0' < '3.1' and ('C#' == 'C++' and '' != 'true')).
   2:6>Done building target "_CheckForUnsupportedCppNETCoreVersion" in project "Microsoft.Practices.Prism.PubSubEvents.csproj".
       Target "_CheckForUnsupportedNETStandardVersion" skipped, due to false condition; ('$(TargetFrameworkIdentifier)' == '.NETStandard' And '$(NETStandardMaximumVersion)' != '') was evaluated as ('.NETCoreApp' == '.NETStandard' And '' != '').
       Target "_CheckForUnsupportedTargetFrameworkAndFeatureCombination" skipped, due to false condition; ('$(TargetFrameworkIdentifier)' == '.NETFramework') was evaluated as ('.NETCoreApp' == '.NETFramework').
       Target "_CheckForSupportedOSPlatformVersionHigherThanTargetPlatformVersion" skipped, due to false condition; ('$(TargetPlatformVersion)' != '' and '$(TargetFrameworkIdentifier)' == '.NETCoreApp' and $([MSBuild]::VersionGreaterThanOrEquals($(TargetFrameworkVersion), 5.0))) was evaluated as ('' != '' and '.NETCoreApp' == '.NETCoreApp' and True).
       Target "_CheckForInvalidTargetPlatformVersion" skipped, due to false condition; ('$(TargetPlatformVersion)' != '' and '$(TargetFrameworkIdentifier)' == '.NETCoreApp' and $([MSBuild]::VersionGreaterThanOrEquals($(TargetFrameworkVersion), 5.0)) and ('$(Language)' != 'C++' or '$(_EnablePackageReferencesInVCProjects)' == 'true')) was evaluated as ('' != '' and '.NETCoreApp' == '.NETCoreApp' and True and ('C#' != 'C++' or '' == 'true')).
   2:6>Target "_CheckForUnsupportedArtifactsPath" in file "/usr/lib/dotnet/sdk/8.0.116/Sdks/Microsoft.NET.Sdk/targets/Microsoft.NET.DefaultOutputPaths.targets" from project "/app/Prism.PubSubEvents/Microsoft.Practices.Prism.PubSubEvents.csproj" (target "_CheckForInvalidConfigurationAndPlatform" depends on it):
       Task "NetSdkError" skipped, due to false condition; ('$(UseArtifactsOutput)' == 'true' and '$(_ArtifactsPathSetEarly)' != 'true') was evaluated as ('' == 'true' and '' != 'true').
       Task "NetSdkError" skipped, due to false condition; ('$(_ArtifactsPathLocationType)' == 'ProjectFolder') was evaluated as ('' == 'ProjectFolder').
   2:6>Done building target "_CheckForUnsupportedArtifactsPath" in project "Microsoft.Practices.Prism.PubSubEvents.csproj".
       Target "_CheckForMissingWorkload" skipped, due to false condition; ('@(MissingWorkloadPack)' != '' And '$(DesignTimeBuild)' != 'true') was evaluated as ('' != '' And '' != 'true').
       Target "_CheckForUnsupportedAppHostUsage" skipped, due to false condition; ('$(TargetFrameworkIdentifier)' == '.NETCoreApp' and '$(HasRuntimeOutput)' == 'true') was evaluated as ('.NETCoreApp' == '.NETCoreApp' and '' == 'true').
   2:6>Target "_CheckForUnsupportedHostingUsage" in file "/usr/lib/dotnet/sdk/8.0.116/Sdks/Microsoft.NET.Sdk/targets/Microsoft.NET.RuntimeIdentifierInference.targets" from project "/app/Prism.PubSubEvents/Microsoft.Practices.Prism.PubSubEvents.csproj" (target "_CheckForInvalidConfigurationAndPlatform" depends on it):
       Task "NETSdkWarning" skipped, due to false condition; ('$(SelfContained)' == 'true' and '$(EnableComHosting)' == 'true') was evaluated as ('' == 'true' and '' == 'true').
   2:6>Done building target "_CheckForUnsupportedHostingUsage" in project "Microsoft.Practices.Prism.PubSubEvents.csproj".
   2:6>Target "_CheckAndUnsetUnsupportedPrefer32Bit" in file "/usr/lib/dotnet/sdk/8.0.116/Sdks/Microsoft.NET.Sdk/targets/Microsoft.NET.RuntimeIdentifierInference.targets" from project "/app/Prism.PubSubEvents/Microsoft.Practices.Prism.PubSubEvents.csproj" (target "_CheckForInvalidConfigurationAndPlatform" depends on it):
       Task "NETSdkWarning" skipped, due to false condition; ('$(Prefer32Bit)' == 'true') was evaluated as ('false' == 'true').
   2:6>Done building target "_CheckAndUnsetUnsupportedPrefer32Bit" in project "Microsoft.Practices.Prism.PubSubEvents.csproj".
       Target "_CheckForMismatchingPlatform" skipped, due to false condition; ('$(RuntimeIdentifier)' != '' and '$(PlatformTarget)' != '') was evaluated as ('' != '' and '' != '').
   2:6>Target "_CheckForLanguageAndFeatureCombinationSupport" in file "/usr/lib/dotnet/sdk/8.0.116/Sdks/Microsoft.NET.Sdk/targets/Microsoft.NET.RuntimeIdentifierInference.targets" from project "/app/Prism.PubSubEvents/Microsoft.Practices.Prism.PubSubEvents.csproj" (target "_CheckForInvalidConfigurationAndPlatform" depends on it):
       Task "NETSdkError" skipped, due to false condition; (('$(Language)' == 'C++' and '$(_EnablePackageReferencesInVCProjects)' != 'true') and $(OutputType) != 'library' and '$(TargetFrameworkIdentifier)' == '.NETCoreApp') was evaluated as (('C#' == 'C++' and '' != 'true') and Library != 'library' and '.NETCoreApp' == '.NETCoreApp').
       Task "NETSdkError" skipped, due to false condition; (('$(Language)' == 'C++' and '$(_EnablePackageReferencesInVCProjects)' != 'true') and $(EnableComHosting) == 'true') was evaluated as (('C#' == 'C++' and '' != 'true') and  == 'true').
       Task "NETSdkError" skipped, due to false condition; (('$(Language)' == 'C++' and '$(_EnablePackageReferencesInVCProjects)' != 'true') and $(SelfContained) == 'true') was evaluated as (('C#' == 'C++' and '' != 'true') and  == 'true').
   2:6>Done building target "_CheckForLanguageAndFeatureCombinationSupport" in project "Microsoft.Practices.Prism.PubSubEvents.csproj".
       Target "_CheckForNETCoreSdkIsPreview" skipped, due to false condition; ( '$(_NETCoreSdkIsPreview)' == 'true' AND '$(SuppressNETCoreSdkPreviewMessage)' != 'true' ) was evaluated as ( 'false' == 'true' AND '' != 'true' ).
   2:6>Target "_GetProjectJsonPath" in file "/usr/lib/dotnet/sdk/8.0.116/NuGet.targets" from project "/app/Prism.PubSubEvents/Microsoft.Practices.Prism.PubSubEvents.csproj" (target "_GetRestoreProjectStyle" depends on it):
       Task "GetRestoreProjectJsonPathTask" skipped, due to false condition; ( '$(RestoreProjectStyle)' == 'ProjectJson' OR '$(RestoreProjectStyle)' == '' ) was evaluated as ( 'PackageReference' == 'ProjectJson' OR 'PackageReference' == '' ).
   2:6>Done building target "_GetProjectJsonPath" in project "Microsoft.Practices.Prism.PubSubEvents.csproj".
       Target "_CheckForUnsupportedTargetPlatformIdentifier" skipped, due to false condition; ('$(TargetPlatformIdentifier)' != '' and '$(TargetFrameworkIdentifier)' == '.NETCoreApp' and $([MSBuild]::VersionGreaterThanOrEquals($(TargetFrameworkVersion), 5.0)) And ('$(DesignTimeBuild)' != 'true' Or '@(MissingWorkloadPack)' == '')) was evaluated as ('' != '' and '.NETCoreApp' == '.NETCoreApp' and True And ('' != 'true' Or '' == '')).
       Target "_CheckForMissingWorkload" skipped, due to false condition; ('@(MissingWorkloadPack)' != '' And '$(DesignTimeBuild)' != 'true') was evaluated as ('' != '' And '' != 'true').
       Target "_CheckForUnsupportedNETStandardVersion" skipped, due to false condition; ('$(TargetFrameworkIdentifier)' == '.NETStandard' And '$(NETStandardMaximumVersion)' != '') was evaluated as ('.NETCoreApp' == '.NETStandard' And '' != '').
       Target "_CheckForUnsupportedTargetFrameworkAndFeatureCombination" skipped, due to false condition; ('$(TargetFrameworkIdentifier)' == '.NETFramework') was evaluated as ('.NETCoreApp' == '.NETFramework').
       Target "ApplyImplicitVersions" skipped, due to false condition; ('@(PackageReference)' != '') was evaluated as ('' != '').
       Target "IncludeTargetingPackReference" skipped, due to false condition; ('$(TargetFrameworkMoniker)' != '' and '$(TargetFrameworkIdentifier)' == '.NETFramework' and '$(AutomaticallyUseReferenceAssemblyPackages)' == 'true') was evaluated as ('.NETCoreApp,Version=v8.0' != '' and '.NETCoreApp' == '.NETFramework' and 'true' == 'true').
   2:6>Target "CheckForImplicitPackageReferenceOverrides" in file "/usr/lib/dotnet/sdk/8.0.116/Sdks/Microsoft.NET.Sdk/targets/Microsoft.NET.Sdk.DefaultItems.Shared.targets" from project "/app/Prism.PubSubEvents/Microsoft.Practices.Prism.PubSubEvents.csproj" (target "CollectPackageReferences" depends on it):
       Using "CheckForImplicitPackageReferenceOverrides" task from assembly "/usr/lib/dotnet/sdk/8.0.116/Sdks/Microsoft.NET.Sdk/targets/../tools/net8.0/Microsoft.NET.Build.Tasks.dll".
       Task "CheckForImplicitPackageReferenceOverrides"
       Done executing task "CheckForImplicitPackageReferenceOverrides".
   2:6>Done building target "CheckForImplicitPackageReferenceOverrides" in project "Microsoft.Practices.Prism.PubSubEvents.csproj".
       Target "AddWindowsSdkKnownFrameworkReferences" skipped, due to false condition; ('$(TargetFrameworkIdentifier)' == '.NETCoreApp' And '$(TargetPlatformIdentifier)' == 'Windows') was evaluated as ('.NETCoreApp' == '.NETCoreApp' And '' == 'Windows').
       Target "_NormalizeTargetPlatformVersion" skipped, due to false condition; ('$(TargetPlatformVersion)' != '' and '$(TargetFrameworkIdentifier)' == '.NETCoreApp' and $([MSBuild]::VersionGreaterThanOrEquals($(TargetFrameworkVersion), 5.0)) and ('$(Language)' != 'C++' or '$(_EnablePackageReferencesInVCProjects)' == 'true')) was evaluated as ('' != '' and '.NETCoreApp' == '.NETCoreApp' and True and ('C#' != 'C++' or '' == 'true')).
       Target "ApplyImplicitVersions" skipped, due to false condition; ('@(PackageReference)' != '') was evaluated as ('' != '').
   2:6>Target "_ComputeToolPackInputsToProcessFrameworkReferences" in file "/usr/lib/dotnet/sdk/8.0.116/Sdks/Microsoft.NET.Sdk/targets/Microsoft.NET.Publish.targets" from project "/app/Prism.PubSubEvents/Microsoft.Practices.Prism.PubSubEvents.csproj" (target "ProcessFrameworkReferences" depends on it):
   2:6>Done building target "_ComputeToolPackInputsToProcessFrameworkReferences" in project "Microsoft.Practices.Prism.PubSubEvents.csproj".
   2:6>Target "ProcessFrameworkReferences" in file "/usr/lib/dotnet/sdk/8.0.116/Sdks/Microsoft.NET.Sdk/targets/Microsoft.NET.Sdk.FrameworkReferenceResolution.targets" from project "/app/Prism.PubSubEvents/Microsoft.Practices.Prism.PubSubEvents.csproj" (target "CollectPackageReferences" depends on it):
       Using "CheckForDuplicateFrameworkReferences" task from assembly "/usr/lib/dotnet/sdk/8.0.116/Sdks/Microsoft.NET.Sdk/targets/../tools/net8.0/Microsoft.NET.Build.Tasks.dll".
       Task "CheckForDuplicateFrameworkReferences"
       Done executing task "CheckForDuplicateFrameworkReferences".
       Using "ProcessFrameworkReferences" task from assembly "/usr/lib/dotnet/sdk/8.0.116/Sdks/Microsoft.NET.Sdk/targets/../tools/net8.0/Microsoft.NET.Build.Tasks.dll".
       Task "ProcessFrameworkReferences"
       Done executing task "ProcessFrameworkReferences".
       Using "ResolveAppHosts" task from assembly "/usr/lib/dotnet/sdk/8.0.116/Sdks/Microsoft.NET.Sdk/targets/../tools/net8.0/Microsoft.NET.Build.Tasks.dll".
       Task "ResolveAppHosts"
       Done executing task "ResolveAppHosts".
   2:6>Done building target "ProcessFrameworkReferences" in project "Microsoft.Practices.Prism.PubSubEvents.csproj".
       Target "IncludeTargetingPackReference" skipped, due to false condition; ('$(TargetFrameworkMoniker)' != '' and '$(TargetFrameworkIdentifier)' == '.NETFramework' and '$(AutomaticallyUseReferenceAssemblyPackages)' == 'true') was evaluated as ('.NETCoreApp,Version=v8.0' != '' and '.NETCoreApp' == '.NETFramework' and 'true' == 'true').
   2:6>Target "_AddMicrosoftNetCompilerToolsetFrameworkPackage" in file "/usr/lib/dotnet/sdk/8.0.116/Sdks/Microsoft.NET.Sdk/targets/Microsoft.NET.Sdk.targets" from project "/app/Prism.PubSubEvents/Microsoft.Practices.Prism.PubSubEvents.csproj" (target "CollectPackageReferences" depends on it):
       Task "NETSdkWarning" skipped, due to false condition; ('@(PackageReference->AnyHaveMetadataValue('Identity', 'Microsoft.Net.Compilers.Toolset.Framework'))' == 'true') was evaluated as ('false' == 'true').
   2:6>Done building target "_AddMicrosoftNetCompilerToolsetFrameworkPackage" in project "Microsoft.Practices.Prism.PubSubEvents.csproj".
   2:6>Target "_CheckForObsoleteDotNetCliToolReferences" in file "/usr/lib/dotnet/sdk/8.0.116/Sdks/Microsoft.NET.Sdk/targets/Microsoft.NET.ObsoleteReferences.targets" from project "/app/Prism.PubSubEvents/Microsoft.Practices.Prism.PubSubEvents.csproj" (target "CollectPackageReferences" depends on it):
       Task "NETSdkWarning" skipped, due to false condition; ( '%(_ReferenceToObsoleteDotNetCliTool.Identity)' != '' ) was evaluated as ( '' != '' ).
   2:6>Done building target "_CheckForObsoleteDotNetCliToolReferences" in project "Microsoft.Practices.Prism.PubSubEvents.csproj".
   2:6>Target "CollectPackageReferences" in file "/usr/lib/dotnet/sdk/8.0.116/NuGet.targets" from project "/app/Prism.PubSubEvents/Microsoft.Practices.Prism.PubSubEvents.csproj" (target "_GetRestoreProjectStyle" depends on it):
       Using "CheckForDuplicateNuGetItemsTask" task from assembly "/usr/lib/dotnet/sdk/8.0.116/NuGet.Build.Tasks.dll".
       Task "CheckForDuplicateNuGetItemsTask"
       Done executing task "CheckForDuplicateNuGetItemsTask".
   2:6>Done building target "CollectPackageReferences" in project "Microsoft.Practices.Prism.PubSubEvents.csproj".
   2:6>Target "_GetRestoreProjectStyle" in file "/usr/lib/dotnet/sdk/8.0.116/NuGet.targets" from project "/app/Prism.PubSubEvents/Microsoft.Practices.Prism.PubSubEvents.csproj" (target "EnableIntermediateOutputPathMismatchWarning" depends on it):
       Using "GetRestoreProjectStyleTask" task from assembly "/usr/lib/dotnet/sdk/8.0.116/NuGet.Build.Tasks.dll".
       Task "GetRestoreProjectStyleTask"
         (in) HasPackageReferenceItems 'False'
         (in) MSBuildProjectDirectory '/app/Prism.PubSubEvents'
         (in) MSBuildProjectName 'Microsoft.Practices.Prism.PubSubEvents'
         (in) ProjectJsonPath ''
         (in) RestoreProjectStyle 'PackageReference'
         (out) IsPackageReferenceCompatibleProjectStyle 'True'
         (out) ProjectStyle 'PackageReference'
       Done executing task "GetRestoreProjectStyleTask".
   2:6>Done building target "_GetRestoreProjectStyle" in project "Microsoft.Practices.Prism.PubSubEvents.csproj".
   2:6>Target "EnableIntermediateOutputPathMismatchWarning" in file "/usr/lib/dotnet/sdk/8.0.116/NuGet.targets" from project "/app/Prism.PubSubEvents/Microsoft.Practices.Prism.PubSubEvents.csproj" (target "_CheckForInvalidConfigurationAndPlatform" depends on it):
   2:6>Done building target "EnableIntermediateOutputPathMismatchWarning" in project "Microsoft.Practices.Prism.PubSubEvents.csproj".
       Target "ApplyImplicitVersions" skipped, due to false condition; ('@(PackageReference)' != '') was evaluated as ('' != '').
       Target "CheckForImplicitPackageReferenceOverrides" skipped. Previously built successfully.
   2:6>Target "CheckForDuplicateItems" in file "/usr/lib/dotnet/sdk/8.0.116/Sdks/Microsoft.NET.Sdk/targets/Microsoft.NET.Sdk.DefaultItems.Shared.targets" from project "/app/Prism.PubSubEvents/Microsoft.Practices.Prism.PubSubEvents.csproj" (target "_CheckForInvalidConfigurationAndPlatform" depends on it):
       Using "CheckForDuplicateItems" task from assembly "/usr/lib/dotnet/sdk/8.0.116/Sdks/Microsoft.NET.Sdk/targets/../tools/net8.0/Microsoft.NET.Build.Tasks.dll".
       Task "CheckForDuplicateItems"
       Done executing task "CheckForDuplicateItems".
       Task "CheckForDuplicateItems"
       Done executing task "CheckForDuplicateItems".
       Task "CheckForDuplicateItems"
       Done executing task "CheckForDuplicateItems".
   2:6>Done building target "CheckForDuplicateItems" in project "Microsoft.Practices.Prism.PubSubEvents.csproj".
       Target "WarnForExplicitVersions" skipped, due to false condition; ('@(SdkBuildWarning)' != '') was evaluated as ('' != '').
       Target "_CheckForFailedSDKResolution" skipped, due to false condition; ('$(SdkResolverHonoredGlobalJson)' == 'false') was evaluated as ('' == 'false').
       Target "_WarnWhenUsingNET8AndVSPriorTo178" skipped, due to false condition; ($([MSBuild]::VersionLessThan($(MSBuildVersion), '17.8.0')) and '$(TargetFrameworkIdentifier)' == '.NETCoreApp' and $([MSBuild]::VersionGreaterThanOrEquals($(_TargetFrameworkVersionWithoutV), '8.0'))) was evaluated as (False and '.NETCoreApp' == '.NETCoreApp' and True).
       Target "_CheckForInvalidWindowsDesktopTargetingConfiguration" skipped, due to false condition; ('$(TargetFrameworkIdentifier)' == '.NETCoreApp' and $([MSBuild]::VersionGreaterThanOrEquals($(_TargetFrameworkVersionWithoutV), '5.0')) and ('$(UseWindowsForms)' == 'true' or '$(UseWPF)' == 'true')) was evaluated as ('.NETCoreApp' == '.NETCoreApp' and True and ('' == 'true' or '' == 'true')).
       Target "_CheckForUnnecessaryWindowsDesktopSDK" skipped, due to false condition; ('$(TargetFrameworkIdentifier)' == '.NETCoreApp' and $([MSBuild]::VersionGreaterThanOrEquals($(_TargetFrameworkVersionWithoutV), '5.0')) and '$(_MicrosoftWindowsDesktopSdkImported)' == 'true' and '$(TargetFrameworks)' == '') was evaluated as ('.NETCoreApp' == '.NETCoreApp' and True and '' == 'true' and '' == '').
       Target "ProcessFrameworkReferences" skipped. Previously built successfully.
       Target "IncludeTargetingPackReference" skipped, due to false condition; ('$(TargetFrameworkMoniker)' != '' and '$(TargetFrameworkIdentifier)' == '.NETFramework' and '$(AutomaticallyUseReferenceAssemblyPackages)' == 'true') was evaluated as ('.NETCoreApp,Version=v8.0' != '' and '.NETCoreApp' == '.NETFramework' and 'true' == 'true').
   2:6>Target "_CheckForInvalidConfigurationAndPlatform" in file "/usr/lib/dotnet/sdk/8.0.116/Microsoft.Common.CurrentVersion.targets" from project "/app/Prism.PubSubEvents/Microsoft.Practices.Prism.PubSubEvents.csproj" (target "BeforeBuild" depends on it):
       Task "Error" skipped, due to false condition; ( '$(_InvalidConfigurationError)' == 'true' ) was evaluated as ( '' == 'true' ).
       Task "Warning" skipped, due to false condition; ( '$(_InvalidConfigurationWarning)' == 'true' ) was evaluated as ( '' == 'true' ).
       Task "Message"
         Configuration=Debug
       Done executing task "Message".
       Task "Message"
         Platform=AnyCPU
       Done executing task "Message".
       Task "Error" skipped, due to false condition; ('$(OutDir)' != '' and !HasTrailingSlash('$(OutDir)')) was evaluated as ('bin/Debug/net8.0/' != '' and !HasTrailingSlash('bin/Debug/net8.0/')).
       Task "Error" skipped, due to false condition; ('$(IntermediateOutputPath)' != '' and !HasTrailingSlash('$(IntermediateOutputPath)')) was evaluated as ('obj/Debug/net8.0/' != '' and !HasTrailingSlash('obj/Debug/net8.0/')).
       Task "Error" skipped, due to false condition; ('$(BaseIntermediateOutputPath)' != '' and !HasTrailingSlash('$(BaseIntermediateOutputPath)')) was evaluated as ('obj/' != '' and !HasTrailingSlash('obj/')).
       Task "Error" skipped, due to false condition; ( '$(_InitialMSBuildProjectExtensionsPath)' != '' And '$(MSBuildProjectExtensionsPath)' != '$(_InitialMSBuildProjectExtensionsPath)' ) was evaluated as ( '/app/Prism.PubSubEvents/obj/' != '' And '/app/Prism.PubSubEvents/obj/' != '/app/Prism.PubSubEvents/obj/' ).
       Task "Warning" skipped, due to false condition; ( '$(EnableBaseIntermediateOutputPathMismatchWarning)' == 'true' And '$(_InitialBaseIntermediateOutputPath)' != '$(BaseIntermediateOutputPath)' And '$(BaseIntermediateOutputPath)' != '$(MSBuildProjectExtensionsPath)' ) was evaluated as ( 'true' == 'true' And 'obj/' != 'obj/' And 'obj/' != '/app/Prism.PubSubEvents/obj/' ).
   2:6>Done building target "_CheckForInvalidConfigurationAndPlatform" in project "Microsoft.Practices.Prism.PubSubEvents.csproj".
   2:6>Target "ValidateCommandLineProperties" in file "/usr/lib/dotnet/sdk/8.0.116/Sdks/Microsoft.NET.Sdk/targets/Microsoft.NET.Sdk.targets" from project "/app/Prism.PubSubEvents/Microsoft.Practices.Prism.PubSubEvents.csproj" (target "BeforeBuild" depends on it):
   2:6>Done building target "ValidateCommandLineProperties" in project "Microsoft.Practices.Prism.PubSubEvents.csproj".
   2:6>Target "BeforeBuild" in file "/usr/lib/dotnet/sdk/8.0.116/Microsoft.Common.CurrentVersion.targets" from project "/app/Prism.PubSubEvents/Microsoft.Practices.Prism.PubSubEvents.csproj" (target "Build" depends on it):
   2:6>Done building target "BeforeBuild" in project "Microsoft.Practices.Prism.PubSubEvents.csproj".
       Target "_CheckForBuildWithNoBuild" skipped, due to false condition; ('$(NoBuild)' == 'true' and '$(GeneratePackageOnBuild)' != 'true') was evaluated as ('' == 'true' and 'false' != 'true').
   2:6>Target "BuildOnlySettings" in file "/usr/lib/dotnet/sdk/8.0.116/Microsoft.Common.CurrentVersion.targets" from project "/app/Prism.PubSubEvents/Microsoft.Practices.Prism.PubSubEvents.csproj" (target "CoreBuild" depends on it):
   2:6>Done building target "BuildOnlySettings" in project "Microsoft.Practices.Prism.PubSubEvents.csproj".
       Target "_CheckForUnsupportedTargetFramework" skipped, due to false condition; ('$(_UnsupportedTargetFrameworkError)' == 'true') was evaluated as ('' == 'true').
       Target "_CheckForUnsupportedTargetPlatformIdentifier" skipped, due to false condition; ('$(TargetPlatformIdentifier)' != '' and '$(TargetFrameworkIdentifier)' == '.NETCoreApp' and $([MSBuild]::VersionGreaterThanOrEquals($(TargetFrameworkVersion), 5.0)) And ('$(DesignTimeBuild)' != 'true' Or '@(MissingWorkloadPack)' == '')) was evaluated as ('' != '' and '.NETCoreApp' == '.NETCoreApp' and True And ('' != 'true' Or '' == '')).
       Target "_CheckForMissingWorkload" skipped, due to false condition; ('@(MissingWorkloadPack)' != '' And '$(DesignTimeBuild)' != 'true') was evaluated as ('' != '' And '' != 'true').
   2:6>Target "GetFrameworkPaths" in file "/usr/lib/dotnet/sdk/8.0.116/Sdks/Microsoft.NET.Sdk/targets/Microsoft.NET.DisableStandardFrameworkResolution.targets" from project "/app/Prism.PubSubEvents/Microsoft.Practices.Prism.PubSubEvents.csproj" (target "PrepareForBuild" depends on it):
   2:6>Done building target "GetFrameworkPaths" in project "Microsoft.Practices.Prism.PubSubEvents.csproj".
       Target "_CheckForUnsupportedTargetFramework" skipped, due to false condition; ('$(_UnsupportedTargetFrameworkError)' == 'true') was evaluated as ('' == 'true').
       Target "_CheckForUnsupportedTargetPlatformIdentifier" skipped, due to false condition; ('$(TargetPlatformIdentifier)' != '' and '$(TargetFrameworkIdentifier)' == '.NETCoreApp' and $([MSBuild]::VersionGreaterThanOrEquals($(TargetFrameworkVersion), 5.0)) And ('$(DesignTimeBuild)' != 'true' Or '@(MissingWorkloadPack)' == '')) was evaluated as ('' != '' and '.NETCoreApp' == '.NETCoreApp' and True And ('' != 'true' Or '' == '')).
       Target "_CheckForMissingWorkload" skipped, due to false condition; ('@(MissingWorkloadPack)' != '' And '$(DesignTimeBuild)' != 'true') was evaluated as ('' != '' And '' != 'true').
   2:6>Target "GetReferenceAssemblyPaths" in file "/usr/lib/dotnet/sdk/8.0.116/Sdks/Microsoft.NET.Sdk/targets/Microsoft.NET.DisableStandardFrameworkResolution.targets" from project "/app/Prism.PubSubEvents/Microsoft.Practices.Prism.PubSubEvents.csproj" (target "PrepareForBuild" depends on it):
   2:6>Done building target "GetReferenceAssemblyPaths" in project "Microsoft.Practices.Prism.PubSubEvents.csproj".
       Target "AssignLinkMetadata" skipped, due to false condition; ( '$(SynthesizeLinkMetadata)' == 'true' ) was evaluated as ( '' == 'true' ).
       Target "_VerifyPackReleaseConfigurations" skipped, due to false condition; ('$(_IsPacking)' == 'true' and '$(DOTNET_CLI_DISABLE_PUBLISH_AND_PACK_RELEASE)' != 'true' and '$(DOTNET_CLI_LAZY_PUBLISH_AND_PACK_RELEASE_FOR_SOLUTIONS)' == 'true') was evaluated as ('' == 'true' and '' != 'true' and '' == 'true').
   2:6>Target "PrepareForBuild" in file "/usr/lib/dotnet/sdk/8.0.116/Microsoft.Common.CurrentVersion.targets" from project "/app/Prism.PubSubEvents/Microsoft.Practices.Prism.PubSubEvents.csproj" (target "CoreBuild" depends on it):
       Task "FindAppConfigFile"
       Done executing task "FindAppConfigFile".
       Task "MakeDir"
         Creating directory "bin/Debug/net8.0/".
         Creating directory "obj/Debug/net8.0/".
         Creating directory "/app/Prism.PubSubEvents/obj/Debug/net8.0/refint/".
         Creating directory "obj/Debug/net8.0/ref".
       Done executing task "MakeDir".
   2:6>Done building target "PrepareForBuild" in project "Microsoft.Practices.Prism.PubSubEvents.csproj".
       Target "GenerateGlobalUsings" skipped, due to false condition; (@(Using->Count()) != 0) was evaluated as (0 != 0).
       Target "PreBuildEvent" skipped, due to false condition; ('$(PreBuildEvent)'!='') was evaluated as (''!='').
   2:6>Target "BeforeResolveReferences" in file "/usr/lib/dotnet/sdk/8.0.116/Microsoft.Common.CurrentVersion.targets" from project "/app/Prism.PubSubEvents/Microsoft.Practices.Prism.PubSubEvents.csproj" (target "ResolveReferences" depends on it):
   2:6>Done building target "BeforeResolveReferences" in project "Microsoft.Practices.Prism.PubSubEvents.csproj".
       Target "AssignProjectConfiguration" skipped, due to false condition; ('$(CurrentSolutionConfigurationContents)' != '' or '@(ProjectReference)'!='') was evaluated as ('' != '' or ''!='').
   2:6>Target "IgnoreJavaScriptOutputAssembly" in file "/usr/lib/dotnet/sdk/8.0.116/Microsoft.Common.CurrentVersion.targets" from project "/app/Prism.PubSubEvents/Microsoft.Practices.Prism.PubSubEvents.csproj" (target "AssignProjectConfiguration" depends on it):
   2:6>Done building target "IgnoreJavaScriptOutputAssembly" in project "Microsoft.Practices.Prism.PubSubEvents.csproj".
       Target "ProcessFrameworkReferences" skipped. Previously built successfully.
   2:6>Target "_DefaultMicrosoftNETPlatformLibrary" in file "/usr/lib/dotnet/sdk/8.0.116/Sdks/Microsoft.NET.Sdk/targets/Microsoft.NET.Sdk.Shared.targets" from project "/app/Prism.PubSubEvents/Microsoft.Practices.Prism.PubSubEvents.csproj" (target "ResolvePackageAssets" depends on it):
   2:6>Done building target "_DefaultMicrosoftNETPlatformLibrary" in project "Microsoft.Practices.Prism.PubSubEvents.csproj".
   2:6>Target "_ComputePackageReferencePublish" in file "/usr/lib/dotnet/sdk/8.0.116/Sdks/Microsoft.NET.Sdk/targets/Microsoft.NET.Sdk.Shared.targets" from project "/app/Prism.PubSubEvents/Microsoft.Practices.Prism.PubSubEvents.csproj" (target "ResolvePackageAssets" depends on it):
   2:6>Done building target "_ComputePackageReferencePublish" in project "Microsoft.Practices.Prism.PubSubEvents.csproj".
       Target "_ResolveCompilerVersion" skipped, due to false condition; ('$(CompilerApiVersion)' == '' And
                            ('$(Language)' == 'C#' Or '$(Language)' == 'VB') And
                            Exists('$(RoslynTargetsPath)\Microsoft.Build.Tasks.CodeAnalysis.dll')) was evaluated as ('roslyn4.8' == '' And
                            ('C#' == 'C#' Or 'C#' == 'VB') And
                            Exists('/usr/lib/dotnet/sdk/8.0.116/Roslyn\Microsoft.Build.Tasks.CodeAnalysis.dll')).
   2:6>Target "ResolvePackageAssets" in file "/usr/lib/dotnet/sdk/8.0.116/Sdks/Microsoft.NET.Sdk/targets/Microsoft.PackageDependencyResolution.targets" from project "/app/Prism.PubSubEvents/Microsoft.Practices.Prism.PubSubEvents.csproj" (target "ResolveLockFileReferences" depends on it):
       Using "ResolvePackageAssets" task from assembly "/usr/lib/dotnet/sdk/8.0.116/Sdks/Microsoft.NET.Sdk/targets/../tools/net8.0/Microsoft.NET.Build.Tasks.dll".
       Task "ResolvePackageAssets"
       Done executing task "ResolvePackageAssets".
   2:6>Done building target "ResolvePackageAssets" in project "Microsoft.Practices.Prism.PubSubEvents.csproj".
       Target "AdjustDefaultPlatformTargetForNetFrameworkExeWithNoNativeCopyLocalItems" skipped, due to false condition; ('$(_UsingDefaultPlatformTarget)' == 'true' and
                            '$(_UsingDefaultRuntimeIdentifier)' == 'true') was evaluated as ('true' == 'true' and
                            '' == 'true').
       Target "_CheckForTransitiveWindowsDesktopDependencies" skipped, due to false condition; ('$(TargetFrameworkIdentifier)' == '.NETCoreApp' and $([MSBuild]::VersionGreaterThanOrEquals($(_TargetFrameworkVersionWithoutV), '5.0')) and '$(TargetPlatformIdentifier)' != 'Windows' and '@(TransitiveFrameworkReference)' != '') was evaluated as ('.NETCoreApp' == '.NETCoreApp' and True and '' != 'Windows' and '' != '').
       Target "AddTransitiveFrameworkReferences" skipped, due to false condition; ('@(TransitiveFrameworkReference)' != '') was evaluated as ('' != '').
   2:6>Target "ResolveLockFileReferences" in file "/usr/lib/dotnet/sdk/8.0.116/Sdks/Microsoft.NET.Sdk/targets/Microsoft.PackageDependencyResolution.targets" from project "/app/Prism.PubSubEvents/Microsoft.Practices.Prism.PubSubEvents.csproj" (target "ResolvePackageDependenciesForBuild" depends on it):
       Using "JoinItems" task from assembly "/usr/lib/dotnet/sdk/8.0.116/Sdks/Microsoft.NET.Sdk/targets/../tools/net8.0/Microsoft.NET.Build.Tasks.dll".
       Task "JoinItems"
       Done executing task "JoinItems".
   2:6>Done building target "ResolveLockFileReferences" in project "Microsoft.Practices.Prism.PubSubEvents.csproj".
       Target "ResolvePackageAssets" skipped. Previously built successfully.
   2:6>Target "ResolveLockFileAnalyzers" in file "/usr/lib/dotnet/sdk/8.0.116/Sdks/Microsoft.NET.Sdk/targets/Microsoft.PackageDependencyResolution.targets" from project "/app/Prism.PubSubEvents/Microsoft.Practices.Prism.PubSubEvents.csproj" (target "ResolvePackageDependenciesForBuild" depends on it):
   2:6>Done building target "ResolveLockFileAnalyzers" in project "Microsoft.Practices.Prism.PubSubEvents.csproj".
       Target "ResolvePackageAssets" skipped. Previously built successfully.
       Target "RunProduceContentAssets" skipped, due to false condition; ('@(_ContentFilesToPreprocess)' != '' and '$(_CleaningWithoutRebuilding)' != 'true') was evaluated as ('' != '' and '' != 'true').
   2:6>Target "ResolveLockFileCopyLocalFiles" in file "/usr/lib/dotnet/sdk/8.0.116/Sdks/Microsoft.NET.Sdk/targets/Microsoft.PackageDependencyResolution.targets" from project "/app/Prism.PubSubEvents/Microsoft.Practices.Prism.PubSubEvents.csproj" (target "ResolvePackageDependenciesForBuild" depends on it):
   2:6>Done building target "ResolveLockFileCopyLocalFiles" in project "Microsoft.Practices.Prism.PubSubEvents.csproj".
       Target "ResolveRuntimePackAssets" skipped, due to false condition; ('@(RuntimePack)' != '') was evaluated as ('' != '').
       Target "RunProduceContentAssets" skipped, due to false condition; ('@(_ContentFilesToPreprocess)' != '' and '$(_CleaningWithoutRebuilding)' != 'true') was evaluated as ('' != '' and '' != 'true').
       Target "ResolvePackageAssets" skipped. Previously built successfully.
   2:6>Target "IncludeTransitiveProjectReferences" in file "/usr/lib/dotnet/sdk/8.0.116/Sdks/Microsoft.NET.Sdk/targets/Microsoft.PackageDependencyResolution.targets" from project "/app/Prism.PubSubEvents/Microsoft.Practices.Prism.PubSubEvents.csproj" (target "ResolvePackageDependenciesForBuild" depends on it):
   2:6>Done building target "IncludeTransitiveProjectReferences" in project "Microsoft.Practices.Prism.PubSubEvents.csproj".
   2:6>Target "ResolvePackageDependenciesForBuild" in file "/usr/lib/dotnet/sdk/8.0.116/Sdks/Microsoft.NET.Sdk/targets/Microsoft.PackageDependencyResolution.targets" from project "/app/Prism.PubSubEvents/Microsoft.Practices.Prism.PubSubEvents.csproj" (target "AssignProjectConfiguration" depends on it):
   2:6>Done building target "ResolvePackageDependenciesForBuild" in project "Microsoft.Practices.Prism.PubSubEvents.csproj".
       Target "AssignProjectConfiguration" skipped, due to false condition; ('$(CurrentSolutionConfigurationContents)' != '' or '@(ProjectReference)'!='') was evaluated as ('' != '' or ''!='').
   2:6>Target "_SplitProjectReferencesByFileExistence" in file "/usr/lib/dotnet/sdk/8.0.116/Microsoft.Common.CurrentVersion.targets" from project "/app/Prism.PubSubEvents/Microsoft.Practices.Prism.PubSubEvents.csproj" (target "PrepareProjectReferences" depends on it):
       Task "ResolveNonMSBuildProjectOutput" skipped, due to false condition; ('$(BuildingInsideVisualStudio)'=='true' and '@(ProjectReferenceWithConfiguration)'!='') was evaluated as (''=='true' and ''!='').
   2:6>Done building target "_SplitProjectReferencesByFileExistence" in project "Microsoft.Practices.Prism.PubSubEvents.csproj".
   2:6>Target "_AddOutputPathToGlobalPropertiesToRemove" in file "/usr/lib/dotnet/sdk/8.0.116/Microsoft.Common.CurrentVersion.targets" from project "/app/Prism.PubSubEvents/Microsoft.Practices.Prism.PubSubEvents.csproj" (target "_GetProjectReferenceTargetFrameworkProperties" depends on it):
   2:6>Done building target "_AddOutputPathToGlobalPropertiesToRemove" in project "Microsoft.Practices.Prism.PubSubEvents.csproj".
   2:6>Target "_GetProjectReferenceTargetFrameworkProperties" in file "/usr/lib/dotnet/sdk/8.0.116/Microsoft.Common.CurrentVersion.targets" from project "/app/Prism.PubSubEvents/Microsoft.Practices.Prism.PubSubEvents.csproj" (target "PrepareProjectReferences" depends on it):
       Task "MSBuild"
       Done executing task "MSBuild".
       Task "MSBuild" skipped, due to false condition; ('%(_MSBuildProjectReferenceExistent.SkipGetTargetFrameworkProperties)' != 'true' and '$(EnableDynamicPlatformResolution)' == 'true') was evaluated as ('' != 'true' and '' == 'true').
       Task "GetReferenceNearestTargetFrameworkTask" skipped, due to false condition; ('@(_ProjectReferenceTargetFrameworkPossibilities)' != '' and '$(ReferringTargetFrameworkForProjectReferences)' != ''
                                                               And '$(GetReferenceNearestTargetFrameworkTaskSupportsTargetPlatformParameter)' == 'true' and '%(_ProjectReferenceTargetFrameworkPossibilities.IsVcxOrNativeProj)' != 'true') was evaluated as ('' != '' and '.NETCoreApp,Version=v8.0' != ''
                                                               And 'true' == 'true' and '' != 'true').
       Task "GetReferenceNearestTargetFrameworkTask" skipped, due to false condition; ('@(_ProjectReferenceTargetFrameworkPossibilities)' != '' and '$(ReferringTargetFrameworkForProjectReferences)' != ''
                                                               And '$(GetReferenceNearestTargetFrameworkTaskSupportsTargetPlatformParameter)' != 'true' and '%(_ProjectReferenceTargetFrameworkPossibilities.IsVcxOrNativeProj)' != 'true') was evaluated as ('' != '' and '.NETCoreApp,Version=v8.0' != ''
                                                               And 'true' != 'true' and '' != 'true').
       Task "SetRidAgnosticValueForProjects"
       Done executing task "SetRidAgnosticValueForProjects".
   2:6>Done building target "_GetProjectReferenceTargetFrameworkProperties" in project "Microsoft.Practices.Prism.PubSubEvents.csproj".
   2:6>Target "ValidateExecutableReferences" in file "/usr/lib/dotnet/sdk/8.0.116/Sdks/Microsoft.NET.Sdk/targets/Microsoft.NET.Sdk.targets" from project "/app/Prism.PubSubEvents/Microsoft.Practices.Prism.PubSubEvents.csproj" (target "PrepareProjectReferences" depends on it):
       Using "ValidateExecutableReferences" task from assembly "/usr/lib/dotnet/sdk/8.0.116/Sdks/Microsoft.NET.Sdk/targets/../tools/net8.0/Microsoft.NET.Build.Tasks.dll".
       Task "ValidateExecutableReferences"
       Done executing task "ValidateExecutableReferences".
   2:6>Done building target "ValidateExecutableReferences" in project "Microsoft.Practices.Prism.PubSubEvents.csproj".
       Target "_GetProjectReferencePlatformProperties" skipped, due to false condition; ('$(EnableDynamicPlatformResolution)' == 'true'
                            and '@(_MSBuildProjectReferenceExistent)' != '') was evaluated as ('' == 'true'
                            and '' != '').
   2:6>Target "PrepareProjectReferences" in file "/usr/lib/dotnet/sdk/8.0.116/Microsoft.Common.CurrentVersion.targets" from project "/app/Prism.PubSubEvents/Microsoft.Practices.Prism.PubSubEvents.csproj" (target "ResolveProjectReferences" depends on it):
   2:6>Done building target "PrepareProjectReferences" in project "Microsoft.Practices.Prism.PubSubEvents.csproj".
   2:6>Target "ResolveProjectReferences" in file "/usr/lib/dotnet/sdk/8.0.116/Microsoft.Common.CurrentVersion.targets" from project "/app/Prism.PubSubEvents/Microsoft.Practices.Prism.PubSubEvents.csproj" (target "ResolveReferences" depends on it):
       Task "MSBuild" skipped, due to false condition; ('%(_MSBuildProjectReferenceExistent.BuildReference)' == 'true' and '@(ProjectReferenceWithConfiguration)' != '' and ('$(BuildingInsideVisualStudio)' == 'true' or '$(BuildProjectReferences)' != 'true') and '$(VisualStudioVersion)' != '10.0' and '@(_MSBuildProjectReferenceExistent)' != '') was evaluated as ('' == 'true' and '' != '' and ('' == 'true' or 'true' != 'true') and '17.0' != '10.0' and '' != '').
       Task "MSBuild" skipped, due to false condition; ('%(_MSBuildProjectReferenceExistent.BuildReference)' == 'true' and '@(ProjectReferenceWithConfiguration)' != '' and '$(BuildingInsideVisualStudio)' != 'true' and '$(BuildProjectReferences)' == 'true' and '@(_MSBuildProjectReferenceExistent)' != '') was evaluated as ('' == 'true' and '' != '' and '' != 'true' and 'true' == 'true' and '' != '').
       Task "MSBuild" skipped, due to false condition; ('%(_MSBuildProjectReferenceExistent.BuildReference)' == 'true' and '@(ProjectReferenceWithConfiguration)' != '' and '$(BuildingProject)' == 'true' and '@(_MSBuildProjectReferenceExistent)' != '') was evaluated as ('' == 'true' and '' != '' and 'true' == 'true' and '' != '').
       Task "Warning" skipped, due to false condition; ('@(ProjectReferenceWithConfiguration)' != '' and '@(_MSBuildProjectReferenceNonexistent)' != '') was evaluated as ('' != '' and '' != '').
   2:6>Done building target "ResolveProjectReferences" in project "Microsoft.Practices.Prism.PubSubEvents.csproj".
       Target "FindInvalidProjectReferences" skipped, due to false condition; ('$(FindInvalidProjectReferences)' == 'true') was evaluated as ('' == 'true').
       Target "ResolveNativeReferences" skipped, due to false condition; ('@(NativeReference)'!='') was evaluated as (''!='').
       Target "ResolveProjectReferences" skipped. Previously built successfully.
       Target "FindInvalidProjectReferences" skipped, due to false condition; ('$(FindInvalidProjectReferences)' == 'true') was evaluated as ('' == 'true').
       Target "GetFrameworkPaths" skipped. Previously built successfully.
       Target "GetReferenceAssemblyPaths" skipped. Previously built successfully.
       Target "PrepareForBuild" skipped. Previously built successfully.
       Target "GetInstalledSDKLocations" skipped, due to false condition; ('@(SDKReference)' != '') was evaluated as ('' != '').
   2:6>Target "ResolveSDKReferences" in file "/usr/lib/dotnet/sdk/8.0.116/Microsoft.Common.CurrentVersion.targets" from project "/app/Prism.PubSubEvents/Microsoft.Practices.Prism.PubSubEvents.csproj" (target "ResolveAssemblyReferences" depends on it):
       Task "ResolveSDKReference" skipped, due to false condition; ('@(SDKReference)'!='') was evaluated as (''!='').
   2:6>Done building target "ResolveSDKReferences" in project "Microsoft.Practices.Prism.PubSubEvents.csproj".
       Target "ResolveSDKReferences" skipped. Previously built successfully.
   2:6>Target "ExpandSDKReferences" in file "/usr/lib/dotnet/sdk/8.0.116/Microsoft.Common.CurrentVersion.targets" from project "/app/Prism.PubSubEvents/Microsoft.Practices.Prism.PubSubEvents.csproj" (target "ResolveAssemblyReferences" depends on it):
       Task "GetSDKReferenceFiles" skipped, due to false condition; ('@(ResolvedSDKReference)'!='') was evaluated as (''!='').
   2:6>Done building target "ExpandSDKReferences" in project "Microsoft.Practices.Prism.PubSubEvents.csproj".
       Target "ResolvePackageDependenciesForBuild" skipped. Previously built successfully.
       Target "GetFrameworkPaths" skipped. Previously built successfully.
       Target "GetReferenceAssemblyPaths" skipped. Previously built successfully.
       Target "ProcessFrameworkReferences" skipped. Previously built successfully.
       Target "ResolvePackageAssets" skipped. Previously built successfully.
   2:6>Target "ResolveFrameworkReferences" in file "/usr/lib/dotnet/sdk/8.0.116/Sdks/Microsoft.NET.Sdk/targets/Microsoft.NET.Sdk.FrameworkReferenceResolution.targets" from project "/app/Prism.PubSubEvents/Microsoft.Practices.Prism.PubSubEvents.csproj" (target "ResolveTargetingPackAssets" depends on it):
       Using "GetPackageDirectory" task from assembly "/usr/lib/dotnet/sdk/8.0.116/Sdks/Microsoft.NET.Sdk/targets/../tools/net8.0/Microsoft.NET.Build.Tasks.dll".
       Task "GetPackageDirectory"
       Done executing task "GetPackageDirectory".
       Task "GetPackageDirectory"
       Done executing task "GetPackageDirectory".
       Task "GetPackageDirectory"
       Done executing task "GetPackageDirectory".
       Task "GetPackageDirectory"
       Done executing task "GetPackageDirectory".
       Task "GetPackageDirectory"
       Done executing task "GetPackageDirectory".
       Task "GetPackageDirectory"
       Done executing task "GetPackageDirectory".
       Task "GetPackageDirectory"
       Done executing task "GetPackageDirectory".
       Task "GetPackageDirectory"
       Done executing task "GetPackageDirectory".
       Task "GetPackageDirectory"
       Done executing task "GetPackageDirectory".
       Task "GetPackageDirectory"
       Done executing task "GetPackageDirectory".
       Using "ResolveFrameworkReferences" task from assembly "/usr/lib/dotnet/sdk/8.0.116/Sdks/Microsoft.NET.Sdk/targets/../tools/net8.0/Microsoft.NET.Build.Tasks.dll".
       Task "ResolveFrameworkReferences"
       Done executing task "ResolveFrameworkReferences".
   2:6>Done building target "ResolveFrameworkReferences" in project "Microsoft.Practices.Prism.PubSubEvents.csproj".
   2:6>Target "ResolveTargetingPackAssets" in file "/usr/lib/dotnet/sdk/8.0.116/Sdks/Microsoft.NET.Sdk/targets/Microsoft.NET.Sdk.FrameworkReferenceResolution.targets" from project "/app/Prism.PubSubEvents/Microsoft.Practices.Prism.PubSubEvents.csproj" (target "_HandlePackageFileConflicts" depends on it):
       Using "ResolveTargetingPackAssets" task from assembly "/usr/lib/dotnet/sdk/8.0.116/Sdks/Microsoft.NET.Sdk/targets/../tools/net8.0/Microsoft.NET.Build.Tasks.dll".
       Task "ResolveTargetingPackAssets"
       Done executing task "ResolveTargetingPackAssets".
   2:6>Done building target "ResolveTargetingPackAssets" in project "Microsoft.Practices.Prism.PubSubEvents.csproj".
   2:6>Target "ResolveOffByDefaultAnalyzers" in file "/usr/lib/dotnet/sdk/8.0.116/Sdks/Microsoft.NET.Sdk/targets/Microsoft.NET.Sdk.FrameworkReferenceResolution.targets" from project "/app/Prism.PubSubEvents/Microsoft.Practices.Prism.PubSubEvents.csproj" (target "_HandlePackageFileConflicts" depends on it):
   2:6>Done building target "ResolveOffByDefaultAnalyzers" in project "Microsoft.Practices.Prism.PubSubEvents.csproj".
   2:6>Target "_HandlePackageFileConflicts" in file "/usr/lib/dotnet/sdk/8.0.116/Sdks/Microsoft.NET.Sdk/targets/Microsoft.NET.ConflictResolution.targets" from project "/app/Prism.PubSubEvents/Microsoft.Practices.Prism.PubSubEvents.csproj" (target "ResolveAssemblyReferences" depends on it):
       Using "ResolvePackageFileConflicts" task from assembly "/usr/lib/dotnet/sdk/8.0.116/Sdks/Microsoft.NET.Sdk/targets/../tools/net8.0/Microsoft.NET.Build.Tasks.dll".
       Task "ResolvePackageFileConflicts"
         Encountered conflict between 'Platform:mscorlib.dll' and 'Platform:mscorlib.dll'. Could not determine winner due to equal file and assembly versions.
         Encountered conflict between 'Platform:Microsoft.VisualBasic.dll' and 'Platform:Microsoft.VisualBasic.dll'. Could not determine winner due to equal file and assembly versions.
         Encountered conflict between 'Platform:System.dll' and 'Platform:System.dll'. Could not determine winner due to equal file and assembly versions.
         Encountered conflict between 'Platform:System.ComponentModel.DataAnnotations.dll' and 'Platform:System.ComponentModel.DataAnnotations.dll'. Could not determine winner due to equal file and assembly versions.
         Encountered conflict between 'Platform:System.Configuration.dll' and 'Platform:System.Configuration.dll'. Could not determine winner due to equal file and assembly versions.
         Encountered conflict between 'Platform:System.Core.dll' and 'Platform:System.Core.dll'. Could not determine winner due to equal file and assembly versions.
         Encountered conflict between 'Platform:System.Data.dll' and 'Platform:System.Data.dll'. Could not determine winner due to equal file and assembly versions.
         Encountered conflict between 'Platform:System.Drawing.dll' and 'Platform:System.Drawing.dll'. Could not determine winner due to equal file and assembly versions.
         Encountered conflict between 'Platform:System.IO.Compression.FileSystem.dll' and 'Platform:System.IO.Compression.FileSystem.dll'. Could not determine winner due to equal file and assembly versions.
         Encountered conflict between 'Platform:System.Net.dll' and 'Platform:System.Net.dll'. Could not determine winner due to equal file and assembly versions.
         Encountered conflict between 'Platform:System.Numerics.dll' and 'Platform:System.Numerics.dll'. Could not determine winner due to equal file and assembly versions.
         Encountered conflict between 'Platform:System.Runtime.Serialization.dll' and 'Platform:System.Runtime.Serialization.dll'. Could not determine winner due to equal file and assembly versions.
         Encountered conflict between 'Platform:System.Security.dll' and 'Platform:System.Security.dll'. Could not determine winner due to equal file and assembly versions.
         Encountered conflict between 'Platform:System.ServiceProcess.dll' and 'Platform:System.ServiceProcess.dll'. Could not determine winner due to equal file and assembly versions.
         Encountered conflict between 'Platform:System.ServiceModel.Web.dll' and 'Platform:System.ServiceModel.Web.dll'. Could not determine winner due to equal file and assembly versions.
         Encountered conflict between 'Platform:System.Transactions.dll' and 'Platform:System.Transactions.dll'. Could not determine winner due to equal file and assembly versions.
         Encountered conflict between 'Platform:System.Web.dll' and 'Platform:System.Web.dll'. Could not determine winner due to equal file and assembly versions.
         Encountered conflict between 'Platform:System.Windows.dll' and 'Platform:System.Windows.dll'. Could not determine winner due to equal file and assembly versions.
         Encountered conflict between 'Platform:System.Xml.dll' and 'Platform:System.Xml.dll'. Could not determine winner due to equal file and assembly versions.
         Encountered conflict between 'Platform:System.Xml.Serialization.dll' and 'Platform:System.Xml.Serialization.dll'. Could not determine winner due to equal file and assembly versions.
         Encountered conflict between 'Platform:System.Xml.Linq.dll' and 'Platform:System.Xml.Linq.dll'. Could not determine winner due to equal file and assembly versions.
         Encountered conflict between 'Platform:WindowsBase.dll' and 'Platform:WindowsBase.dll'. Could not determine winner due to equal file and assembly versions.
         Encountered conflict between 'Platform:netstandard.dll' and 'Platform:netstandard.dll'. Could not determine winner due to equal file and assembly versions.
         Encountered conflict between 'Platform:System.Private.CoreLib.dll' and 'Platform:System.Private.CoreLib.dll'. Could not determine winner due to equal file and assembly versions.
         Encountered conflict between 'Platform:System.Private.DataContractSerialization.dll' and 'Platform:System.Private.DataContractSerialization.dll'. Could not determine winner due to equal file and assembly versions.
         Encountered conflict between 'Platform:System.Private.Uri.dll' and 'Platform:System.Private.Uri.dll'. Could not determine winner due to equal file and assembly versions.
         Encountered conflict between 'Platform:System.Private.Xml.dll' and 'Platform:System.Private.Xml.dll'. Could not determine winner due to equal file and assembly versions.
         Encountered conflict between 'Platform:System.Private.Xml.Linq.dll' and 'Platform:System.Private.Xml.Linq.dll'. Could not determine winner due to equal file and assembly versions.
         Encountered conflict between 'Platform:mscordaccore_amd64_amd64_8.0.1625.21506.dll' and 'Platform:mscordaccore_amd64_amd64_8.0.1625.21506.dll'. Could not determine winner due to equal file and assembly versions.
       Done executing task "ResolvePackageFileConflicts".
   2:6>Done building target "_HandlePackageFileConflicts" in project "Microsoft.Practices.Prism.PubSubEvents.csproj".
       Target "ResolveTargetingPackAssets" skipped. Previously built successfully.
   2:6>Target "ResolveAssemblyReferences" in file "/usr/lib/dotnet/sdk/8.0.116/Microsoft.Common.CurrentVersion.targets" from project "/app/Prism.PubSubEvents/Microsoft.Practices.Prism.PubSubEvents.csproj" (target "ResolveReferences" depends on it):
       Using "ResolveAssemblyReference" task from assembly "Microsoft.Build.Tasks.Core, Version=15.1.0.0, Culture=neutral, PublicKeyToken=b03f5f7f11d50a3a".
       Task "ResolveAssemblyReference"
         TargetFrameworkMoniker:
             .NETCoreApp,Version=v8.0
         TargetFrameworkMonikerDisplayName:
             .NET 8.0
         TargetedRuntimeVersion:

         Assemblies:
             /usr/lib/dotnet/packs/Microsoft.NETCore.App.Ref/8.0.16/ref/net8.0/Microsoft.CSharp.dll
                 Private = 'false'
             /usr/lib/dotnet/packs/Microsoft.NETCore.App.Ref/8.0.16/ref/net8.0/Microsoft.VisualBasic.Core.dll
                 Private = 'false'
             /usr/lib/dotnet/packs/Microsoft.NETCore.App.Ref/8.0.16/ref/net8.0/Microsoft.VisualBasic.dll
                 Private = 'false'
             /usr/lib/dotnet/packs/Microsoft.NETCore.App.Ref/8.0.16/ref/net8.0/Microsoft.Win32.Primitives.dll
                 Private = 'false'
             /usr/lib/dotnet/packs/Microsoft.NETCore.App.Ref/8.0.16/ref/net8.0/Microsoft.Win32.Registry.dll
                 Private = 'false'
             /usr/lib/dotnet/packs/Microsoft.NETCore.App.Ref/8.0.16/ref/net8.0/System.AppContext.dll
                 Private = 'false'
             /usr/lib/dotnet/packs/Microsoft.NETCore.App.Ref/8.0.16/ref/net8.0/System.Buffers.dll
                 Private = 'false'
             /usr/lib/dotnet/packs/Microsoft.NETCore.App.Ref/8.0.16/ref/net8.0/System.Collections.Concurrent.dll
                 Private = 'false'
             /usr/lib/dotnet/packs/Microsoft.NETCore.App.Ref/8.0.16/ref/net8.0/System.Collections.Immutable.dll
                 Private = 'false'
             /usr/lib/dotnet/packs/Microsoft.NETCore.App.Ref/8.0.16/ref/net8.0/System.Collections.NonGeneric.dll
                 Private = 'false'
             /usr/lib/dotnet/packs/Microsoft.NETCore.App.Ref/8.0.16/ref/net8.0/System.Collections.Specialized.dll
                 Private = 'false'
             /usr/lib/dotnet/packs/Microsoft.NETCore.App.Ref/8.0.16/ref/net8.0/System.Collections.dll
                 Private = 'false'
             /usr/lib/dotnet/packs/Microsoft.NETCore.App.Ref/8.0.16/ref/net8.0/System.ComponentModel.Annotations.dll
                 Private = 'false'
             /usr/lib/dotnet/packs/Microsoft.NETCore.App.Ref/8.0.16/ref/net8.0/System.ComponentModel.DataAnnotations.dll
                 Private = 'false'
             /usr/lib/dotnet/packs/Microsoft.NETCore.App.Ref/8.0.16/ref/net8.0/System.ComponentModel.EventBasedAsync.dll
                 Private = 'false'
             /usr/lib/dotnet/packs/Microsoft.NETCore.App.Ref/8.0.16/ref/net8.0/System.ComponentModel.Primitives.dll
                 Private = 'false'
             /usr/lib/dotnet/packs/Microsoft.NETCore.App.Ref/8.0.16/ref/net8.0/System.ComponentModel.TypeConverter.dll
                 Private = 'false'
             /usr/lib/dotnet/packs/Microsoft.NETCore.App.Ref/8.0.16/ref/net8.0/System.ComponentModel.dll
                 Private = 'false'
             /usr/lib/dotnet/packs/Microsoft.NETCore.App.Ref/8.0.16/ref/net8.0/System.Configuration.dll
                 Private = 'false'
             /usr/lib/dotnet/packs/Microsoft.NETCore.App.Ref/8.0.16/ref/net8.0/System.Console.dll
                 Private = 'false'
             /usr/lib/dotnet/packs/Microsoft.NETCore.App.Ref/8.0.16/ref/net8.0/System.Core.dll
                 Private = 'false'
             /usr/lib/dotnet/packs/Microsoft.NETCore.App.Ref/8.0.16/ref/net8.0/System.Data.Common.dll
                 Private = 'false'
             /usr/lib/dotnet/packs/Microsoft.NETCore.App.Ref/8.0.16/ref/net8.0/System.Data.DataSetExtensions.dll
                 Private = 'false'
             /usr/lib/dotnet/packs/Microsoft.NETCore.App.Ref/8.0.16/ref/net8.0/System.Data.dll
                 Private = 'false'
             /usr/lib/dotnet/packs/Microsoft.NETCore.App.Ref/8.0.16/ref/net8.0/System.Diagnostics.Contracts.dll
                 Private = 'false'
             /usr/lib/dotnet/packs/Microsoft.NETCore.App.Ref/8.0.16/ref/net8.0/System.Diagnostics.Debug.dll
                 Private = 'false'
             /usr/lib/dotnet/packs/Microsoft.NETCore.App.Ref/8.0.16/ref/net8.0/System.Diagnostics.DiagnosticSource.dll
                 Private = 'false'
             /usr/lib/dotnet/packs/Microsoft.NETCore.App.Ref/8.0.16/ref/net8.0/System.Diagnostics.FileVersionInfo.dll
                 Private = 'false'
             /usr/lib/dotnet/packs/Microsoft.NETCore.App.Ref/8.0.16/ref/net8.0/System.Diagnostics.Process.dll
                 Private = 'false'
             /usr/lib/dotnet/packs/Microsoft.NETCore.App.Ref/8.0.16/ref/net8.0/System.Diagnostics.StackTrace.dll
                 Private = 'false'
             /usr/lib/dotnet/packs/Microsoft.NETCore.App.Ref/8.0.16/ref/net8.0/System.Diagnostics.TextWriterTraceListener.dll
                 Private = 'false'
             /usr/lib/dotnet/packs/Microsoft.NETCore.App.Ref/8.0.16/ref/net8.0/System.Diagnostics.Tools.dll
                 Private = 'false'
             /usr/lib/dotnet/packs/Microsoft.NETCore.App.Ref/8.0.16/ref/net8.0/System.Diagnostics.TraceSource.dll
                 Private = 'false'
             /usr/lib/dotnet/packs/Microsoft.NETCore.App.Ref/8.0.16/ref/net8.0/System.Diagnostics.Tracing.dll
                 Private = 'false'
             /usr/lib/dotnet/packs/Microsoft.NETCore.App.Ref/8.0.16/ref/net8.0/System.Drawing.Primitives.dll
                 Private = 'false'
             /usr/lib/dotnet/packs/Microsoft.NETCore.App.Ref/8.0.16/ref/net8.0/System.Drawing.dll
                 Private = 'false'
             /usr/lib/dotnet/packs/Microsoft.NETCore.App.Ref/8.0.16/ref/net8.0/System.Dynamic.Runtime.dll
                 Private = 'false'
             /usr/lib/dotnet/packs/Microsoft.NETCore.App.Ref/8.0.16/ref/net8.0/System.Formats.Asn1.dll
                 Private = 'false'
             /usr/lib/dotnet/packs/Microsoft.NETCore.App.Ref/8.0.16/ref/net8.0/System.Formats.Tar.dll
                 Private = 'false'
             /usr/lib/dotnet/packs/Microsoft.NETCore.App.Ref/8.0.16/ref/net8.0/System.Globalization.Calendars.dll
                 Private = 'false'
             /usr/lib/dotnet/packs/Microsoft.NETCore.App.Ref/8.0.16/ref/net8.0/System.Globalization.Extensions.dll
                 Private = 'false'
             /usr/lib/dotnet/packs/Microsoft.NETCore.App.Ref/8.0.16/ref/net8.0/System.Globalization.dll
                 Private = 'false'
             /usr/lib/dotnet/packs/Microsoft.NETCore.App.Ref/8.0.16/ref/net8.0/System.IO.Compression.Brotli.dll
                 Private = 'false'
             /usr/lib/dotnet/packs/Microsoft.NETCore.App.Ref/8.0.16/ref/net8.0/System.IO.Compression.FileSystem.dll
                 Private = 'false'
             /usr/lib/dotnet/packs/Microsoft.NETCore.App.Ref/8.0.16/ref/net8.0/System.IO.Compression.ZipFile.dll
                 Private = 'false'
             /usr/lib/dotnet/packs/Microsoft.NETCore.App.Ref/8.0.16/ref/net8.0/System.IO.Compression.dll
                 Private = 'false'
             /usr/lib/dotnet/packs/Microsoft.NETCore.App.Ref/8.0.16/ref/net8.0/System.IO.FileSystem.AccessControl.dll
                 Private = 'false'
             /usr/lib/dotnet/packs/Microsoft.NETCore.App.Ref/8.0.16/ref/net8.0/System.IO.FileSystem.DriveInfo.dll
                 Private = 'false'
             /usr/lib/dotnet/packs/Microsoft.NETCore.App.Ref/8.0.16/ref/net8.0/System.IO.FileSystem.Primitives.dll
                 Private = 'false'
             /usr/lib/dotnet/packs/Microsoft.NETCore.App.Ref/8.0.16/ref/net8.0/System.IO.FileSystem.Watcher.dll
                 Private = 'false'
             /usr/lib/dotnet/packs/Microsoft.NETCore.App.Ref/8.0.16/ref/net8.0/System.IO.FileSystem.dll
                 Private = 'false'
             /usr/lib/dotnet/packs/Microsoft.NETCore.App.Ref/8.0.16/ref/net8.0/System.IO.IsolatedStorage.dll
                 Private = 'false'
             /usr/lib/dotnet/packs/Microsoft.NETCore.App.Ref/8.0.16/ref/net8.0/System.IO.MemoryMappedFiles.dll
                 Private = 'false'
             /usr/lib/dotnet/packs/Microsoft.NETCore.App.Ref/8.0.16/ref/net8.0/System.IO.Pipes.AccessControl.dll
                 Private = 'false'
             /usr/lib/dotnet/packs/Microsoft.NETCore.App.Ref/8.0.16/ref/net8.0/System.IO.Pipes.dll
                 Private = 'false'
             /usr/lib/dotnet/packs/Microsoft.NETCore.App.Ref/8.0.16/ref/net8.0/System.IO.UnmanagedMemoryStream.dll
                 Private = 'false'
             /usr/lib/dotnet/packs/Microsoft.NETCore.App.Ref/8.0.16/ref/net8.0/System.IO.dll
                 Private = 'false'
             /usr/lib/dotnet/packs/Microsoft.NETCore.App.Ref/8.0.16/ref/net8.0/System.Linq.Expressions.dll
                 Private = 'false'
             /usr/lib/dotnet/packs/Microsoft.NETCore.App.Ref/8.0.16/ref/net8.0/System.Linq.Parallel.dll
                 Private = 'false'
             /usr/lib/dotnet/packs/Microsoft.NETCore.App.Ref/8.0.16/ref/net8.0/System.Linq.Queryable.dll
                 Private = 'false'
             /usr/lib/dotnet/packs/Microsoft.NETCore.App.Ref/8.0.16/ref/net8.0/System.Linq.dll
                 Private = 'false'
             /usr/lib/dotnet/packs/Microsoft.NETCore.App.Ref/8.0.16/ref/net8.0/System.Memory.dll
                 Private = 'false'
             /usr/lib/dotnet/packs/Microsoft.NETCore.App.Ref/8.0.16/ref/net8.0/System.Net.Http.Json.dll
                 Private = 'false'
             /usr/lib/dotnet/packs/Microsoft.NETCore.App.Ref/8.0.16/ref/net8.0/System.Net.Http.dll
                 Private = 'false'
             /usr/lib/dotnet/packs/Microsoft.NETCore.App.Ref/8.0.16/ref/net8.0/System.Net.HttpListener.dll
                 Private = 'false'
             /usr/lib/dotnet/packs/Microsoft.NETCore.App.Ref/8.0.16/ref/net8.0/System.Net.Mail.dll
                 Private = 'false'
             /usr/lib/dotnet/packs/Microsoft.NETCore.App.Ref/8.0.16/ref/net8.0/System.Net.NameResolution.dll
                 Private = 'false'
             /usr/lib/dotnet/packs/Microsoft.NETCore.App.Ref/8.0.16/ref/net8.0/System.Net.NetworkInformation.dll
                 Private = 'false'
             /usr/lib/dotnet/packs/Microsoft.NETCore.App.Ref/8.0.16/ref/net8.0/System.Net.Ping.dll
                 Private = 'false'
             /usr/lib/dotnet/packs/Microsoft.NETCore.App.Ref/8.0.16/ref/net8.0/System.Net.Primitives.dll
                 Private = 'false'
             /usr/lib/dotnet/packs/Microsoft.NETCore.App.Ref/8.0.16/ref/net8.0/System.Net.Quic.dll
                 Private = 'false'
             /usr/lib/dotnet/packs/Microsoft.NETCore.App.Ref/8.0.16/ref/net8.0/System.Net.Requests.dll
                 Private = 'false'
             /usr/lib/dotnet/packs/Microsoft.NETCore.App.Ref/8.0.16/ref/net8.0/System.Net.Security.dll
                 Private = 'false'
             /usr/lib/dotnet/packs/Microsoft.NETCore.App.Ref/8.0.16/ref/net8.0/System.Net.ServicePoint.dll
                 Private = 'false'
             /usr/lib/dotnet/packs/Microsoft.NETCore.App.Ref/8.0.16/ref/net8.0/System.Net.Sockets.dll
                 Private = 'false'
             /usr/lib/dotnet/packs/Microsoft.NETCore.App.Ref/8.0.16/ref/net8.0/System.Net.WebClient.dll
                 Private = 'false'
             /usr/lib/dotnet/packs/Microsoft.NETCore.App.Ref/8.0.16/ref/net8.0/System.Net.WebHeaderCollection.dll
                 Private = 'false'
             /usr/lib/dotnet/packs/Microsoft.NETCore.App.Ref/8.0.16/ref/net8.0/System.Net.WebProxy.dll
                 Private = 'false'
             /usr/lib/dotnet/packs/Microsoft.NETCore.App.Ref/8.0.16/ref/net8.0/System.Net.WebSockets.Client.dll
                 Private = 'false'
             /usr/lib/dotnet/packs/Microsoft.NETCore.App.Ref/8.0.16/ref/net8.0/System.Net.WebSockets.dll
                 Private = 'false'
             /usr/lib/dotnet/packs/Microsoft.NETCore.App.Ref/8.0.16/ref/net8.0/System.Net.dll
                 Private = 'false'
             /usr/lib/dotnet/packs/Microsoft.NETCore.App.Ref/8.0.16/ref/net8.0/System.Numerics.Vectors.dll
                 Private = 'false'
             /usr/lib/dotnet/packs/Microsoft.NETCore.App.Ref/8.0.16/ref/net8.0/System.Numerics.dll
                 Private = 'false'
             /usr/lib/dotnet/packs/Microsoft.NETCore.App.Ref/8.0.16/ref/net8.0/System.ObjectModel.dll
                 Private = 'false'
             /usr/lib/dotnet/packs/Microsoft.NETCore.App.Ref/8.0.16/ref/net8.0/System.Reflection.DispatchProxy.dll
                 Private = 'false'
             /usr/lib/dotnet/packs/Microsoft.NETCore.App.Ref/8.0.16/ref/net8.0/System.Reflection.Emit.ILGeneration.dll
                 Private = 'false'
             /usr/lib/dotnet/packs/Microsoft.NETCore.App.Ref/8.0.16/ref/net8.0/System.Reflection.Emit.Lightweight.dll
                 Private = 'false'
             /usr/lib/dotnet/packs/Microsoft.NETCore.App.Ref/8.0.16/ref/net8.0/System.Reflection.Emit.dll
                 Private = 'false'
             /usr/lib/dotnet/packs/Microsoft.NETCore.App.Ref/8.0.16/ref/net8.0/System.Reflection.Extensions.dll
                 Private = 'false'
             /usr/lib/dotnet/packs/Microsoft.NETCore.App.Ref/8.0.16/ref/net8.0/System.Reflection.Metadata.dll
                 Private = 'false'
             /usr/lib/dotnet/packs/Microsoft.NETCore.App.Ref/8.0.16/ref/net8.0/System.Reflection.Primitives.dll
                 Private = 'false'
             /usr/lib/dotnet/packs/Microsoft.NETCore.App.Ref/8.0.16/ref/net8.0/System.Reflection.TypeExtensions.dll
                 Private = 'false'
             /usr/lib/dotnet/packs/Microsoft.NETCore.App.Ref/8.0.16/ref/net8.0/System.Reflection.dll
                 Private = 'false'
             /usr/lib/dotnet/packs/Microsoft.NETCore.App.Ref/8.0.16/ref/net8.0/System.Resources.Reader.dll
                 Private = 'false'
             /usr/lib/dotnet/packs/Microsoft.NETCore.App.Ref/8.0.16/ref/net8.0/System.Resources.ResourceManager.dll
                 Private = 'false'
             /usr/lib/dotnet/packs/Microsoft.NETCore.App.Ref/8.0.16/ref/net8.0/System.Resources.Writer.dll
                 Private = 'false'
             /usr/lib/dotnet/packs/Microsoft.NETCore.App.Ref/8.0.16/ref/net8.0/System.Runtime.CompilerServices.Unsafe.dll
                 Private = 'false'
             /usr/lib/dotnet/packs/Microsoft.NETCore.App.Ref/8.0.16/ref/net8.0/System.Runtime.CompilerServices.VisualC.dll
                 Private = 'false'
             /usr/lib/dotnet/packs/Microsoft.NETCore.App.Ref/8.0.16/ref/net8.0/System.Runtime.Extensions.dll
                 Private = 'false'
             /usr/lib/dotnet/packs/Microsoft.NETCore.App.Ref/8.0.16/ref/net8.0/System.Runtime.Handles.dll
                 Private = 'false'
             /usr/lib/dotnet/packs/Microsoft.NETCore.App.Ref/8.0.16/ref/net8.0/System.Runtime.InteropServices.JavaScript.dll
                 Private = 'false'
             /usr/lib/dotnet/packs/Microsoft.NETCore.App.Ref/8.0.16/ref/net8.0/System.Runtime.InteropServices.RuntimeInformation.dll
                 Private = 'false'
             /usr/lib/dotnet/packs/Microsoft.NETCore.App.Ref/8.0.16/ref/net8.0/System.Runtime.InteropServices.dll
                 Private = 'false'
             /usr/lib/dotnet/packs/Microsoft.NETCore.App.Ref/8.0.16/ref/net8.0/System.Runtime.Intrinsics.dll
                 Private = 'false'
             /usr/lib/dotnet/packs/Microsoft.NETCore.App.Ref/8.0.16/ref/net8.0/System.Runtime.Loader.dll
                 Private = 'false'
             /usr/lib/dotnet/packs/Microsoft.NETCore.App.Ref/8.0.16/ref/net8.0/System.Runtime.Numerics.dll
                 Private = 'false'
             /usr/lib/dotnet/packs/Microsoft.NETCore.App.Ref/8.0.16/ref/net8.0/System.Runtime.Serialization.Formatters.dll
                 Private = 'false'
             /usr/lib/dotnet/packs/Microsoft.NETCore.App.Ref/8.0.16/ref/net8.0/System.Runtime.Serialization.Json.dll
                 Private = 'false'
             /usr/lib/dotnet/packs/Microsoft.NETCore.App.Ref/8.0.16/ref/net8.0/System.Runtime.Serialization.Primitives.dll
                 Private = 'false'
             /usr/lib/dotnet/packs/Microsoft.NETCore.App.Ref/8.0.16/ref/net8.0/System.Runtime.Serialization.Xml.dll
                 Private = 'false'
             /usr/lib/dotnet/packs/Microsoft.NETCore.App.Ref/8.0.16/ref/net8.0/System.Runtime.Serialization.dll
                 Private = 'false'
             /usr/lib/dotnet/packs/Microsoft.NETCore.App.Ref/8.0.16/ref/net8.0/System.Runtime.dll
                 Private = 'false'
             /usr/lib/dotnet/packs/Microsoft.NETCore.App.Ref/8.0.16/ref/net8.0/System.Security.AccessControl.dll
                 Private = 'false'
             /usr/lib/dotnet/packs/Microsoft.NETCore.App.Ref/8.0.16/ref/net8.0/System.Security.Claims.dll
                 Private = 'false'
             /usr/lib/dotnet/packs/Microsoft.NETCore.App.Ref/8.0.16/ref/net8.0/System.Security.Cryptography.Algorithms.dll
                 Private = 'false'
             /usr/lib/dotnet/packs/Microsoft.NETCore.App.Ref/8.0.16/ref/net8.0/System.Security.Cryptography.Cng.dll
                 Private = 'false'
             /usr/lib/dotnet/packs/Microsoft.NETCore.App.Ref/8.0.16/ref/net8.0/System.Security.Cryptography.Csp.dll
                 Private = 'false'
             /usr/lib/dotnet/packs/Microsoft.NETCore.App.Ref/8.0.16/ref/net8.0/System.Security.Cryptography.Encoding.dll
                 Private = 'false'
             /usr/lib/dotnet/packs/Microsoft.NETCore.App.Ref/8.0.16/ref/net8.0/System.Security.Cryptography.OpenSsl.dll
                 Private = 'false'
             /usr/lib/dotnet/packs/Microsoft.NETCore.App.Ref/8.0.16/ref/net8.0/System.Security.Cryptography.Primitives.dll
                 Private = 'false'
             /usr/lib/dotnet/packs/Microsoft.NETCore.App.Ref/8.0.16/ref/net8.0/System.Security.Cryptography.X509Certificates.dll
                 Private = 'false'
             /usr/lib/dotnet/packs/Microsoft.NETCore.App.Ref/8.0.16/ref/net8.0/System.Security.Cryptography.dll
                 Private = 'false'
             /usr/lib/dotnet/packs/Microsoft.NETCore.App.Ref/8.0.16/ref/net8.0/System.Security.Principal.Windows.dll
                 Private = 'false'
             /usr/lib/dotnet/packs/Microsoft.NETCore.App.Ref/8.0.16/ref/net8.0/System.Security.Principal.dll
                 Private = 'false'
             /usr/lib/dotnet/packs/Microsoft.NETCore.App.Ref/8.0.16/ref/net8.0/System.Security.SecureString.dll
                 Private = 'false'
             /usr/lib/dotnet/packs/Microsoft.NETCore.App.Ref/8.0.16/ref/net8.0/System.Security.dll
                 Private = 'false'
             /usr/lib/dotnet/packs/Microsoft.NETCore.App.Ref/8.0.16/ref/net8.0/System.ServiceModel.Web.dll
                 Private = 'false'
             /usr/lib/dotnet/packs/Microsoft.NETCore.App.Ref/8.0.16/ref/net8.0/System.ServiceProcess.dll
                 Private = 'false'
             /usr/lib/dotnet/packs/Microsoft.NETCore.App.Ref/8.0.16/ref/net8.0/System.Text.Encoding.CodePages.dll
                 Private = 'false'
             /usr/lib/dotnet/packs/Microsoft.NETCore.App.Ref/8.0.16/ref/net8.0/System.Text.Encoding.Extensions.dll
                 Private = 'false'
             /usr/lib/dotnet/packs/Microsoft.NETCore.App.Ref/8.0.16/ref/net8.0/System.Text.Encoding.dll
                 Private = 'false'
             /usr/lib/dotnet/packs/Microsoft.NETCore.App.Ref/8.0.16/ref/net8.0/System.Text.Encodings.Web.dll
                 Private = 'false'
             /usr/lib/dotnet/packs/Microsoft.NETCore.App.Ref/8.0.16/ref/net8.0/System.Text.Json.dll
                 Private = 'false'
             /usr/lib/dotnet/packs/Microsoft.NETCore.App.Ref/8.0.16/ref/net8.0/System.Text.RegularExpressions.dll
                 Private = 'false'
             /usr/lib/dotnet/packs/Microsoft.NETCore.App.Ref/8.0.16/ref/net8.0/System.Threading.Channels.dll
                 Private = 'false'
             /usr/lib/dotnet/packs/Microsoft.NETCore.App.Ref/8.0.16/ref/net8.0/System.Threading.Overlapped.dll
                 Private = 'false'
             /usr/lib/dotnet/packs/Microsoft.NETCore.App.Ref/8.0.16/ref/net8.0/System.Threading.Tasks.Dataflow.dll
                 Private = 'false'
             /usr/lib/dotnet/packs/Microsoft.NETCore.App.Ref/8.0.16/ref/net8.0/System.Threading.Tasks.Extensions.dll
                 Private = 'false'
             /usr/lib/dotnet/packs/Microsoft.NETCore.App.Ref/8.0.16/ref/net8.0/System.Threading.Tasks.Parallel.dll
                 Private = 'false'
             /usr/lib/dotnet/packs/Microsoft.NETCore.App.Ref/8.0.16/ref/net8.0/System.Threading.Tasks.dll
                 Private = 'false'
             /usr/lib/dotnet/packs/Microsoft.NETCore.App.Ref/8.0.16/ref/net8.0/System.Threading.Thread.dll
                 Private = 'false'
             /usr/lib/dotnet/packs/Microsoft.NETCore.App.Ref/8.0.16/ref/net8.0/System.Threading.ThreadPool.dll
                 Private = 'false'
             /usr/lib/dotnet/packs/Microsoft.NETCore.App.Ref/8.0.16/ref/net8.0/System.Threading.Timer.dll
                 Private = 'false'
             /usr/lib/dotnet/packs/Microsoft.NETCore.App.Ref/8.0.16/ref/net8.0/System.Threading.dll
                 Private = 'false'
             /usr/lib/dotnet/packs/Microsoft.NETCore.App.Ref/8.0.16/ref/net8.0/System.Transactions.Local.dll
                 Private = 'false'
             /usr/lib/dotnet/packs/Microsoft.NETCore.App.Ref/8.0.16/ref/net8.0/System.Transactions.dll
                 Private = 'false'
             /usr/lib/dotnet/packs/Microsoft.NETCore.App.Ref/8.0.16/ref/net8.0/System.ValueTuple.dll
                 Private = 'false'
             /usr/lib/dotnet/packs/Microsoft.NETCore.App.Ref/8.0.16/ref/net8.0/System.Web.HttpUtility.dll
                 Private = 'false'
             /usr/lib/dotnet/packs/Microsoft.NETCore.App.Ref/8.0.16/ref/net8.0/System.Web.dll
                 Private = 'false'
             /usr/lib/dotnet/packs/Microsoft.NETCore.App.Ref/8.0.16/ref/net8.0/System.Windows.dll
                 Private = 'false'
             /usr/lib/dotnet/packs/Microsoft.NETCore.App.Ref/8.0.16/ref/net8.0/System.Xml.Linq.dll
                 Private = 'false'
             /usr/lib/dotnet/packs/Microsoft.NETCore.App.Ref/8.0.16/ref/net8.0/System.Xml.ReaderWriter.dll
                 Private = 'false'
             /usr/lib/dotnet/packs/Microsoft.NETCore.App.Ref/8.0.16/ref/net8.0/System.Xml.Serialization.dll
                 Private = 'false'
             /usr/lib/dotnet/packs/Microsoft.NETCore.App.Ref/8.0.16/ref/net8.0/System.Xml.XDocument.dll
                 Private = 'false'
             /usr/lib/dotnet/packs/Microsoft.NETCore.App.Ref/8.0.16/ref/net8.0/System.Xml.XPath.XDocument.dll
                 Private = 'false'
             /usr/lib/dotnet/packs/Microsoft.NETCore.App.Ref/8.0.16/ref/net8.0/System.Xml.XPath.dll
                 Private = 'false'
             /usr/lib/dotnet/packs/Microsoft.NETCore.App.Ref/8.0.16/ref/net8.0/System.Xml.XmlDocument.dll
                 Private = 'false'
             /usr/lib/dotnet/packs/Microsoft.NETCore.App.Ref/8.0.16/ref/net8.0/System.Xml.XmlSerializer.dll
                 Private = 'false'
             /usr/lib/dotnet/packs/Microsoft.NETCore.App.Ref/8.0.16/ref/net8.0/System.Xml.dll
                 Private = 'false'
             /usr/lib/dotnet/packs/Microsoft.NETCore.App.Ref/8.0.16/ref/net8.0/System.dll
                 Private = 'false'
             /usr/lib/dotnet/packs/Microsoft.NETCore.App.Ref/8.0.16/ref/net8.0/WindowsBase.dll
                 Private = 'false'
             /usr/lib/dotnet/packs/Microsoft.NETCore.App.Ref/8.0.16/ref/net8.0/mscorlib.dll
                 Private = 'false'
             /usr/lib/dotnet/packs/Microsoft.NETCore.App.Ref/8.0.16/ref/net8.0/netstandard.dll
                 Private = 'false'
         AssemblyFiles:
         CandidateAssemblyFiles:
         TargetFrameworkDirectories:

         InstalledAssemblyTables:
         IgnoreInstalledAssemblyTable:
             False
         SearchPaths:
             {CandidateAssemblyFiles}
             {HintPathFromItem}
             {TargetFrameworkDirectory}
             {RawFileName}
         AllowedAssemblyExtensions:
             .winmd
             .dll
             .exe
         AllowedRelatedFileExtensions:
             .pdb
             .xml
             .pri
             .dll.config
             .exe.config
         AppConfigFile:

         AutoUnify:
             True
         CopyLocalDependenciesWhenParentReferenceInGac:
             True
         FindDependencies:
             True
         TargetProcessorArchitecture:
             msil
         StateFile:
             obj/Debug/net8.0/Microsoft.Practices.Prism.PubSubEvents.csproj.AssemblyReference.cache
         InstalledAssemblySubsetTables:
         IgnoreInstalledAssemblySubsetTable:
             False
         TargetFrameworkSubsets:
         FullTargetFrameworkSubsetNames:
             Full
         ProfileName:

         FullFrameworkFolders:
         LatestTargetFrameworkDirectories:
         ProfileTablesLocation:
         Primary reference "Microsoft.CSharp, Version=8.0.0.0, Culture=neutral, PublicKeyToken=b03f5f7f11d50a3a".
             Resolved file path is "/usr/lib/dotnet/packs/Microsoft.NETCore.App.Ref/8.0.16/ref/net8.0/Microsoft.CSharp.dll".
             Reference found at search path location "{RawFileName}".
             This reference is not "CopyLocal" because at least one source item had "Private" set to "false" and no source items had "Private" set to "true".
             The ImageRuntimeVersion for this reference is "".
         Primary reference "Microsoft.VisualBasic.Core, Version=13.0.0.0, Culture=neutral, PublicKeyToken=b03f5f7f11d50a3a".
             Resolved file path is "/usr/lib/dotnet/packs/Microsoft.NETCore.App.Ref/8.0.16/ref/net8.0/Microsoft.VisualBasic.Core.dll".
             Reference found at search path location "{RawFileName}".
             This reference is not "CopyLocal" because at least one source item had "Private" set to "false" and no source items had "Private" set to "true".
             The ImageRuntimeVersion for this reference is "".
         Primary reference "Microsoft.VisualBasic, Version=10.0.0.0, Culture=neutral, PublicKeyToken=b03f5f7f11d50a3a".
             Resolved file path is "/usr/lib/dotnet/packs/Microsoft.NETCore.App.Ref/8.0.16/ref/net8.0/Microsoft.VisualBasic.dll".
             Reference found at search path location "{RawFileName}".
             This reference is not "CopyLocal" because at least one source item had "Private" set to "false" and no source items had "Private" set to "true".
             The ImageRuntimeVersion for this reference is "".
         Primary reference "Microsoft.Win32.Primitives, Version=8.0.0.0, Culture=neutral, PublicKeyToken=b03f5f7f11d50a3a".
             Resolved file path is "/usr/lib/dotnet/packs/Microsoft.NETCore.App.Ref/8.0.16/ref/net8.0/Microsoft.Win32.Primitives.dll".
             Reference found at search path location "{RawFileName}".
             This reference is not "CopyLocal" because at least one source item had "Private" set to "false" and no source items had "Private" set to "true".
             The ImageRuntimeVersion for this reference is "".
         Primary reference "Microsoft.Win32.Registry, Version=8.0.0.0, Culture=neutral, PublicKeyToken=b03f5f7f11d50a3a".
             Resolved file path is "/usr/lib/dotnet/packs/Microsoft.NETCore.App.Ref/8.0.16/ref/net8.0/Microsoft.Win32.Registry.dll".
             Reference found at search path location "{RawFileName}".
             This reference is not "CopyLocal" because at least one source item had "Private" set to "false" and no source items had "Private" set to "true".
             The ImageRuntimeVersion for this reference is "".
         Primary reference "System.AppContext, Version=8.0.0.0, Culture=neutral, PublicKeyToken=b03f5f7f11d50a3a".
             Resolved file path is "/usr/lib/dotnet/packs/Microsoft.NETCore.App.Ref/8.0.16/ref/net8.0/System.AppContext.dll".
             Reference found at search path location "{RawFileName}".
             This reference is not "CopyLocal" because at least one source item had "Private" set to "false" and no source items had "Private" set to "true".
             The ImageRuntimeVersion for this reference is "".
         Primary reference "System.Buffers, Version=8.0.0.0, Culture=neutral, PublicKeyToken=cc7b13ffcd2ddd51".
             Resolved file path is "/usr/lib/dotnet/packs/Microsoft.NETCore.App.Ref/8.0.16/ref/net8.0/System.Buffers.dll".
             Reference found at search path location "{RawFileName}".
             This reference is not "CopyLocal" because at least one source item had "Private" set to "false" and no source items had "Private" set to "true".
             The ImageRuntimeVersion for this reference is "".
         Primary reference "System.Collections.Concurrent, Version=8.0.0.0, Culture=neutral, PublicKeyToken=b03f5f7f11d50a3a".
             Resolved file path is "/usr/lib/dotnet/packs/Microsoft.NETCore.App.Ref/8.0.16/ref/net8.0/System.Collections.Concurrent.dll".
             Reference found at search path location "{RawFileName}".
             This reference is not "CopyLocal" because at least one source item had "Private" set to "false" and no source items had "Private" set to "true".
             The ImageRuntimeVersion for this reference is "".
         Primary reference "System.Collections.Immutable, Version=8.0.0.0, Culture=neutral, PublicKeyToken=b03f5f7f11d50a3a".
             Resolved file path is "/usr/lib/dotnet/packs/Microsoft.NETCore.App.Ref/8.0.16/ref/net8.0/System.Collections.Immutable.dll".
             Reference found at search path location "{RawFileName}".
             This reference is not "CopyLocal" because at least one source item had "Private" set to "false" and no source items had "Private" set to "true".
             The ImageRuntimeVersion for this reference is "".
         Primary reference "System.Collections.NonGeneric, Version=8.0.0.0, Culture=neutral, PublicKeyToken=b03f5f7f11d50a3a".
             Resolved file path is "/usr/lib/dotnet/packs/Microsoft.NETCore.App.Ref/8.0.16/ref/net8.0/System.Collections.NonGeneric.dll".
             Reference found at search path location "{RawFileName}".
             This reference is not "CopyLocal" because at least one source item had "Private" set to "false" and no source items had "Private" set to "true".
             The ImageRuntimeVersion for this reference is "".
         Primary reference "System.Collections.Specialized, Version=8.0.0.0, Culture=neutral, PublicKeyToken=b03f5f7f11d50a3a".
             Resolved file path is "/usr/lib/dotnet/packs/Microsoft.NETCore.App.Ref/8.0.16/ref/net8.0/System.Collections.Specialized.dll".
             Reference found at search path location "{RawFileName}".
             This reference is not "CopyLocal" because at least one source item had "Private" set to "false" and no source items had "Private" set to "true".
             The ImageRuntimeVersion for this reference is "".
         Primary reference "System.Collections, Version=8.0.0.0, Culture=neutral, PublicKeyToken=b03f5f7f11d50a3a".
             Resolved file path is "/usr/lib/dotnet/packs/Microsoft.NETCore.App.Ref/8.0.16/ref/net8.0/System.Collections.dll".
             Reference found at search path location "{RawFileName}".
             This reference is not "CopyLocal" because at least one source item had "Private" set to "false" and no source items had "Private" set to "true".
             The ImageRuntimeVersion for this reference is "".
         Primary reference "System.ComponentModel.Annotations, Version=8.0.0.0, Culture=neutral, PublicKeyToken=b03f5f7f11d50a3a".
             Resolved file path is "/usr/lib/dotnet/packs/Microsoft.NETCore.App.Ref/8.0.16/ref/net8.0/System.ComponentModel.Annotations.dll".
             Reference found at search path location "{RawFileName}".
             This reference is not "CopyLocal" because at least one source item had "Private" set to "false" and no source items had "Private" set to "true".
             The ImageRuntimeVersion for this reference is "".
         Primary reference "System.ComponentModel.DataAnnotations, Version=4.0.0.0, Culture=neutral, PublicKeyToken=31bf3856ad364e35".
             Resolved file path is "/usr/lib/dotnet/packs/Microsoft.NETCore.App.Ref/8.0.16/ref/net8.0/System.ComponentModel.DataAnnotations.dll".
             Reference found at search path location "{RawFileName}".
             This reference is not "CopyLocal" because at least one source item had "Private" set to "false" and no source items had "Private" set to "true".
             The ImageRuntimeVersion for this reference is "".
         Primary reference "System.ComponentModel.EventBasedAsync, Version=8.0.0.0, Culture=neutral, PublicKeyToken=b03f5f7f11d50a3a".
             Resolved file path is "/usr/lib/dotnet/packs/Microsoft.NETCore.App.Ref/8.0.16/ref/net8.0/System.ComponentModel.EventBasedAsync.dll".
             Reference found at search path location "{RawFileName}".
             This reference is not "CopyLocal" because at least one source item had "Private" set to "false" and no source items had "Private" set to "true".
             The ImageRuntimeVersion for this reference is "".
         Primary reference "System.ComponentModel.Primitives, Version=8.0.0.0, Culture=neutral, PublicKeyToken=b03f5f7f11d50a3a".
             Resolved file path is "/usr/lib/dotnet/packs/Microsoft.NETCore.App.Ref/8.0.16/ref/net8.0/System.ComponentModel.Primitives.dll".
             Reference found at search path location "{RawFileName}".
             This reference is not "CopyLocal" because at least one source item had "Private" set to "false" and no source items had "Private" set to "true".
             The ImageRuntimeVersion for this reference is "".
         Primary reference "System.ComponentModel.TypeConverter, Version=8.0.0.0, Culture=neutral, PublicKeyToken=b03f5f7f11d50a3a".
             Resolved file path is "/usr/lib/dotnet/packs/Microsoft.NETCore.App.Ref/8.0.16/ref/net8.0/System.ComponentModel.TypeConverter.dll".
             Reference found at search path location "{RawFileName}".
             This reference is not "CopyLocal" because at least one source item had "Private" set to "false" and no source items had "Private" set to "true".
             The ImageRuntimeVersion for this reference is "".
         Primary reference "System.ComponentModel, Version=8.0.0.0, Culture=neutral, PublicKeyToken=b03f5f7f11d50a3a".
             Resolved file path is "/usr/lib/dotnet/packs/Microsoft.NETCore.App.Ref/8.0.16/ref/net8.0/System.ComponentModel.dll".
             Reference found at search path location "{RawFileName}".
             This reference is not "CopyLocal" because at least one source item had "Private" set to "false" and no source items had "Private" set to "true".
             The ImageRuntimeVersion for this reference is "".
         Primary reference "System.Configuration, Version=4.0.0.0, Culture=neutral, PublicKeyToken=b03f5f7f11d50a3a".
             Resolved file path is "/usr/lib/dotnet/packs/Microsoft.NETCore.App.Ref/8.0.16/ref/net8.0/System.Configuration.dll".
             Reference found at search path location "{RawFileName}".
             This reference is not "CopyLocal" because at least one source item had "Private" set to "false" and no source items had "Private" set to "true".
             The ImageRuntimeVersion for this reference is "".
         Primary reference "System.Console, Version=8.0.0.0, Culture=neutral, PublicKeyToken=b03f5f7f11d50a3a".
             Resolved file path is "/usr/lib/dotnet/packs/Microsoft.NETCore.App.Ref/8.0.16/ref/net8.0/System.Console.dll".
             Reference found at search path location "{RawFileName}".
             This reference is not "CopyLocal" because at least one source item had "Private" set to "false" and no source items had "Private" set to "true".
             The ImageRuntimeVersion for this reference is "".
         Primary reference "System.Core, Version=4.0.0.0, Culture=neutral, PublicKeyToken=b77a5c561934e089".
             Resolved file path is "/usr/lib/dotnet/packs/Microsoft.NETCore.App.Ref/8.0.16/ref/net8.0/System.Core.dll".
             Reference found at search path location "{RawFileName}".
             This reference is not "CopyLocal" because at least one source item had "Private" set to "false" and no source items had "Private" set to "true".
             The ImageRuntimeVersion for this reference is "".
         Primary reference "System.Data.Common, Version=8.0.0.0, Culture=neutral, PublicKeyToken=b03f5f7f11d50a3a".
             Resolved file path is "/usr/lib/dotnet/packs/Microsoft.NETCore.App.Ref/8.0.16/ref/net8.0/System.Data.Common.dll".
             Reference found at search path location "{RawFileName}".
             This reference is not "CopyLocal" because at least one source item had "Private" set to "false" and no source items had "Private" set to "true".
             The ImageRuntimeVersion for this reference is "".
         Primary reference "System.Data.DataSetExtensions, Version=8.0.0.0, Culture=neutral, PublicKeyToken=b77a5c561934e089".
             Resolved file path is "/usr/lib/dotnet/packs/Microsoft.NETCore.App.Ref/8.0.16/ref/net8.0/System.Data.DataSetExtensions.dll".
             Reference found at search path location "{RawFileName}".
             This reference is not "CopyLocal" because at least one source item had "Private" set to "false" and no source items had "Private" set to "true".
             The ImageRuntimeVersion for this reference is "".
         Primary reference "System.Data, Version=4.0.0.0, Culture=neutral, PublicKeyToken=b77a5c561934e089".
             Resolved file path is "/usr/lib/dotnet/packs/Microsoft.NETCore.App.Ref/8.0.16/ref/net8.0/System.Data.dll".
             Reference found at search path location "{RawFileName}".
             This reference is not "CopyLocal" because at least one source item had "Private" set to "false" and no source items had "Private" set to "true".
             The ImageRuntimeVersion for this reference is "".
         Primary reference "System.Diagnostics.Contracts, Version=8.0.0.0, Culture=neutral, PublicKeyToken=b03f5f7f11d50a3a".
             Resolved file path is "/usr/lib/dotnet/packs/Microsoft.NETCore.App.Ref/8.0.16/ref/net8.0/System.Diagnostics.Contracts.dll".
             Reference found at search path location "{RawFileName}".
             This reference is not "CopyLocal" because at least one source item had "Private" set to "false" and no source items had "Private" set to "true".
             The ImageRuntimeVersion for this reference is "".
         Primary reference "System.Diagnostics.Debug, Version=8.0.0.0, Culture=neutral, PublicKeyToken=b03f5f7f11d50a3a".
             Resolved file path is "/usr/lib/dotnet/packs/Microsoft.NETCore.App.Ref/8.0.16/ref/net8.0/System.Diagnostics.Debug.dll".
             Reference found at search path location "{RawFileName}".
             This reference is not "CopyLocal" because at least one source item had "Private" set to "false" and no source items had "Private" set to "true".
             The ImageRuntimeVersion for this reference is "".
         Primary reference "System.Diagnostics.DiagnosticSource, Version=8.0.0.0, Culture=neutral, PublicKeyToken=cc7b13ffcd2ddd51".
             Resolved file path is "/usr/lib/dotnet/packs/Microsoft.NETCore.App.Ref/8.0.16/ref/net8.0/System.Diagnostics.DiagnosticSource.dll".
             Reference found at search path location "{RawFileName}".
             This reference is not "CopyLocal" because at least one source item had "Private" set to "false" and no source items had "Private" set to "true".
             The ImageRuntimeVersion for this reference is "".
         Primary reference "System.Diagnostics.FileVersionInfo, Version=8.0.0.0, Culture=neutral, PublicKeyToken=b03f5f7f11d50a3a".
             Resolved file path is "/usr/lib/dotnet/packs/Microsoft.NETCore.App.Ref/8.0.16/ref/net8.0/System.Diagnostics.FileVersionInfo.dll".
             Reference found at search path location "{RawFileName}".
             This reference is not "CopyLocal" because at least one source item had "Private" set to "false" and no source items had "Private" set to "true".
             The ImageRuntimeVersion for this reference is "".
         Primary reference "System.Diagnostics.Process, Version=8.0.0.0, Culture=neutral, PublicKeyToken=b03f5f7f11d50a3a".
             Resolved file path is "/usr/lib/dotnet/packs/Microsoft.NETCore.App.Ref/8.0.16/ref/net8.0/System.Diagnostics.Process.dll".
             Reference found at search path location "{RawFileName}".
             This reference is not "CopyLocal" because at least one source item had "Private" set to "false" and no source items had "Private" set to "true".
             The ImageRuntimeVersion for this reference is "".
         Primary reference "System.Diagnostics.StackTrace, Version=8.0.0.0, Culture=neutral, PublicKeyToken=b03f5f7f11d50a3a".
             Resolved file path is "/usr/lib/dotnet/packs/Microsoft.NETCore.App.Ref/8.0.16/ref/net8.0/System.Diagnostics.StackTrace.dll".
             Reference found at search path location "{RawFileName}".
             This reference is not "CopyLocal" because at least one source item had "Private" set to "false" and no source items had "Private" set to "true".
             The ImageRuntimeVersion for this reference is "".
         Primary reference "System.Diagnostics.TextWriterTraceListener, Version=8.0.0.0, Culture=neutral, PublicKeyToken=b03f5f7f11d50a3a".
             Resolved file path is "/usr/lib/dotnet/packs/Microsoft.NETCore.App.Ref/8.0.16/ref/net8.0/System.Diagnostics.TextWriterTraceListener.dll".
             Reference found at search path location "{RawFileName}".
             This reference is not "CopyLocal" because at least one source item had "Private" set to "false" and no source items had "Private" set to "true".
             The ImageRuntimeVersion for this reference is "".
         Primary reference "System.Diagnostics.Tools, Version=8.0.0.0, Culture=neutral, PublicKeyToken=b03f5f7f11d50a3a".
             Resolved file path is "/usr/lib/dotnet/packs/Microsoft.NETCore.App.Ref/8.0.16/ref/net8.0/System.Diagnostics.Tools.dll".
             Reference found at search path location "{RawFileName}".
             This reference is not "CopyLocal" because at least one source item had "Private" set to "false" and no source items had "Private" set to "true".
             The ImageRuntimeVersion for this reference is "".
         Primary reference "System.Diagnostics.TraceSource, Version=8.0.0.0, Culture=neutral, PublicKeyToken=b03f5f7f11d50a3a".
             Resolved file path is "/usr/lib/dotnet/packs/Microsoft.NETCore.App.Ref/8.0.16/ref/net8.0/System.Diagnostics.TraceSource.dll".
             Reference found at search path location "{RawFileName}".
             This reference is not "CopyLocal" because at least one source item had "Private" set to "false" and no source items had "Private" set to "true".
             The ImageRuntimeVersion for this reference is "".
         Primary reference "System.Diagnostics.Tracing, Version=8.0.0.0, Culture=neutral, PublicKeyToken=b03f5f7f11d50a3a".
             Resolved file path is "/usr/lib/dotnet/packs/Microsoft.NETCore.App.Ref/8.0.16/ref/net8.0/System.Diagnostics.Tracing.dll".
             Reference found at search path location "{RawFileName}".
             This reference is not "CopyLocal" because at least one source item had "Private" set to "false" and no source items had "Private" set to "true".
             The ImageRuntimeVersion for this reference is "".
         Primary reference "System.Drawing.Primitives, Version=8.0.0.0, Culture=neutral, PublicKeyToken=b03f5f7f11d50a3a".
             Resolved file path is "/usr/lib/dotnet/packs/Microsoft.NETCore.App.Ref/8.0.16/ref/net8.0/System.Drawing.Primitives.dll".
             Reference found at search path location "{RawFileName}".
             This reference is not "CopyLocal" because at least one source item had "Private" set to "false" and no source items had "Private" set to "true".
             The ImageRuntimeVersion for this reference is "".
         Primary reference "System.Drawing, Version=4.0.0.0, Culture=neutral, PublicKeyToken=b03f5f7f11d50a3a".
             Resolved file path is "/usr/lib/dotnet/packs/Microsoft.NETCore.App.Ref/8.0.16/ref/net8.0/System.Drawing.dll".
             Reference found at search path location "{RawFileName}".
             This reference is not "CopyLocal" because at least one source item had "Private" set to "false" and no source items had "Private" set to "true".
             The ImageRuntimeVersion for this reference is "".
         Primary reference "System.Dynamic.Runtime, Version=8.0.0.0, Culture=neutral, PublicKeyToken=b03f5f7f11d50a3a".
             Resolved file path is "/usr/lib/dotnet/packs/Microsoft.NETCore.App.Ref/8.0.16/ref/net8.0/System.Dynamic.Runtime.dll".
             Reference found at search path location "{RawFileName}".
             This reference is not "CopyLocal" because at least one source item had "Private" set to "false" and no source items had "Private" set to "true".
             The ImageRuntimeVersion for this reference is "".
         Primary reference "System.Formats.Asn1, Version=8.0.0.0, Culture=neutral, PublicKeyToken=cc7b13ffcd2ddd51".
             Resolved file path is "/usr/lib/dotnet/packs/Microsoft.NETCore.App.Ref/8.0.16/ref/net8.0/System.Formats.Asn1.dll".
             Reference found at search path location "{RawFileName}".
             This reference is not "CopyLocal" because at least one source item had "Private" set to "false" and no source items had "Private" set to "true".
             The ImageRuntimeVersion for this reference is "".
         Primary reference "System.Formats.Tar, Version=8.0.0.0, Culture=neutral, PublicKeyToken=cc7b13ffcd2ddd51".
             Resolved file path is "/usr/lib/dotnet/packs/Microsoft.NETCore.App.Ref/8.0.16/ref/net8.0/System.Formats.Tar.dll".
             Reference found at search path location "{RawFileName}".
             This reference is not "CopyLocal" because at least one source item had "Private" set to "false" and no source items had "Private" set to "true".
             The ImageRuntimeVersion for this reference is "".
         Primary reference "System.Globalization.Calendars, Version=8.0.0.0, Culture=neutral, PublicKeyToken=b03f5f7f11d50a3a".
             Resolved file path is "/usr/lib/dotnet/packs/Microsoft.NETCore.App.Ref/8.0.16/ref/net8.0/System.Globalization.Calendars.dll".
             Reference found at search path location "{RawFileName}".
             This reference is not "CopyLocal" because at least one source item had "Private" set to "false" and no source items had "Private" set to "true".
             The ImageRuntimeVersion for this reference is "".
         Primary reference "System.Globalization.Extensions, Version=8.0.0.0, Culture=neutral, PublicKeyToken=b03f5f7f11d50a3a".
             Resolved file path is "/usr/lib/dotnet/packs/Microsoft.NETCore.App.Ref/8.0.16/ref/net8.0/System.Globalization.Extensions.dll".
             Reference found at search path location "{RawFileName}".
             This reference is not "CopyLocal" because at least one source item had "Private" set to "false" and no source items had "Private" set to "true".
             The ImageRuntimeVersion for this reference is "".
         Primary reference "System.Globalization, Version=8.0.0.0, Culture=neutral, PublicKeyToken=b03f5f7f11d50a3a".
             Resolved file path is "/usr/lib/dotnet/packs/Microsoft.NETCore.App.Ref/8.0.16/ref/net8.0/System.Globalization.dll".
             Reference found at search path location "{RawFileName}".
             This reference is not "CopyLocal" because at least one source item had "Private" set to "false" and no source items had "Private" set to "true".
             The ImageRuntimeVersion for this reference is "".
         Primary reference "System.IO.Compression.Brotli, Version=8.0.0.0, Culture=neutral, PublicKeyToken=b77a5c561934e089".
             Resolved file path is "/usr/lib/dotnet/packs/Microsoft.NETCore.App.Ref/8.0.16/ref/net8.0/System.IO.Compression.Brotli.dll".
             Reference found at search path location "{RawFileName}".
             This reference is not "CopyLocal" because at least one source item had "Private" set to "false" and no source items had "Private" set to "true".
             The ImageRuntimeVersion for this reference is "".
         Primary reference "System.IO.Compression.FileSystem, Version=4.0.0.0, Culture=neutral, PublicKeyToken=b77a5c561934e089".
             Resolved file path is "/usr/lib/dotnet/packs/Microsoft.NETCore.App.Ref/8.0.16/ref/net8.0/System.IO.Compression.FileSystem.dll".
             Reference found at search path location "{RawFileName}".
             This reference is not "CopyLocal" because at least one source item had "Private" set to "false" and no source items had "Private" set to "true".
             The ImageRuntimeVersion for this reference is "".
         Primary reference "System.IO.Compression.ZipFile, Version=8.0.0.0, Culture=neutral, PublicKeyToken=b77a5c561934e089".
             Resolved file path is "/usr/lib/dotnet/packs/Microsoft.NETCore.App.Ref/8.0.16/ref/net8.0/System.IO.Compression.ZipFile.dll".
             Reference found at search path location "{RawFileName}".
             This reference is not "CopyLocal" because at least one source item had "Private" set to "false" and no source items had "Private" set to "true".
             The ImageRuntimeVersion for this reference is "".
         Primary reference "System.IO.Compression, Version=8.0.0.0, Culture=neutral, PublicKeyToken=b77a5c561934e089".
             Resolved file path is "/usr/lib/dotnet/packs/Microsoft.NETCore.App.Ref/8.0.16/ref/net8.0/System.IO.Compression.dll".
             Reference found at search path location "{RawFileName}".
             This reference is not "CopyLocal" because at least one source item had "Private" set to "false" and no source items had "Private" set to "true".
             The ImageRuntimeVersion for this reference is "".
         Primary reference "System.IO.FileSystem.AccessControl, Version=8.0.0.0, Culture=neutral, PublicKeyToken=b03f5f7f11d50a3a".
             Resolved file path is "/usr/lib/dotnet/packs/Microsoft.NETCore.App.Ref/8.0.16/ref/net8.0/System.IO.FileSystem.AccessControl.dll".
             Reference found at search path location "{RawFileName}".
             This reference is not "CopyLocal" because at least one source item had "Private" set to "false" and no source items had "Private" set to "true".
             The ImageRuntimeVersion for this reference is "".
         Primary reference "System.IO.FileSystem.DriveInfo, Version=8.0.0.0, Culture=neutral, PublicKeyToken=b03f5f7f11d50a3a".
             Resolved file path is "/usr/lib/dotnet/packs/Microsoft.NETCore.App.Ref/8.0.16/ref/net8.0/System.IO.FileSystem.DriveInfo.dll".
             Reference found at search path location "{RawFileName}".
             This reference is not "CopyLocal" because at least one source item had "Private" set to "false" and no source items had "Private" set to "true".
             The ImageRuntimeVersion for this reference is "".
         Primary reference "System.IO.FileSystem.Primitives, Version=8.0.0.0, Culture=neutral, PublicKeyToken=b03f5f7f11d50a3a".
             Resolved file path is "/usr/lib/dotnet/packs/Microsoft.NETCore.App.Ref/8.0.16/ref/net8.0/System.IO.FileSystem.Primitives.dll".
             Reference found at search path location "{RawFileName}".
             This reference is not "CopyLocal" because at least one source item had "Private" set to "false" and no source items had "Private" set to "true".
             The ImageRuntimeVersion for this reference is "".
         Primary reference "System.IO.FileSystem.Watcher, Version=8.0.0.0, Culture=neutral, PublicKeyToken=b03f5f7f11d50a3a".
             Resolved file path is "/usr/lib/dotnet/packs/Microsoft.NETCore.App.Ref/8.0.16/ref/net8.0/System.IO.FileSystem.Watcher.dll".
             Reference found at search path location "{RawFileName}".
             This reference is not "CopyLocal" because at least one source item had "Private" set to "false" and no source items had "Private" set to "true".
             The ImageRuntimeVersion for this reference is "".
         Primary reference "System.IO.FileSystem, Version=8.0.0.0, Culture=neutral, PublicKeyToken=b03f5f7f11d50a3a".
             Resolved file path is "/usr/lib/dotnet/packs/Microsoft.NETCore.App.Ref/8.0.16/ref/net8.0/System.IO.FileSystem.dll".
             Reference found at search path location "{RawFileName}".
             This reference is not "CopyLocal" because at least one source item had "Private" set to "false" and no source items had "Private" set to "true".
             The ImageRuntimeVersion for this reference is "".
         Primary reference "System.IO.IsolatedStorage, Version=8.0.0.0, Culture=neutral, PublicKeyToken=b03f5f7f11d50a3a".
             Resolved file path is "/usr/lib/dotnet/packs/Microsoft.NETCore.App.Ref/8.0.16/ref/net8.0/System.IO.IsolatedStorage.dll".
             Reference found at search path location "{RawFileName}".
             This reference is not "CopyLocal" because at least one source item had "Private" set to "false" and no source items had "Private" set to "true".
             The ImageRuntimeVersion for this reference is "".
         Primary reference "System.IO.MemoryMappedFiles, Version=8.0.0.0, Culture=neutral, PublicKeyToken=b03f5f7f11d50a3a".
             Resolved file path is "/usr/lib/dotnet/packs/Microsoft.NETCore.App.Ref/8.0.16/ref/net8.0/System.IO.MemoryMappedFiles.dll".
             Reference found at search path location "{RawFileName}".
             This reference is not "CopyLocal" because at least one source item had "Private" set to "false" and no source items had "Private" set to "true".
             The ImageRuntimeVersion for this reference is "".
         Primary reference "System.IO.Pipes.AccessControl, Version=8.0.0.0, Culture=neutral, PublicKeyToken=b03f5f7f11d50a3a".
             Resolved file path is "/usr/lib/dotnet/packs/Microsoft.NETCore.App.Ref/8.0.16/ref/net8.0/System.IO.Pipes.AccessControl.dll".
             Reference found at search path location "{RawFileName}".
             This reference is not "CopyLocal" because at least one source item had "Private" set to "false" and no source items had "Private" set to "true".
             The ImageRuntimeVersion for this reference is "".
         Primary reference "System.IO.Pipes, Version=8.0.0.0, Culture=neutral, PublicKeyToken=b03f5f7f11d50a3a".
             Resolved file path is "/usr/lib/dotnet/packs/Microsoft.NETCore.App.Ref/8.0.16/ref/net8.0/System.IO.Pipes.dll".
             Reference found at search path location "{RawFileName}".
             This reference is not "CopyLocal" because at least one source item had "Private" set to "false" and no source items had "Private" set to "true".
             The ImageRuntimeVersion for this reference is "".
         Primary reference "System.IO.UnmanagedMemoryStream, Version=8.0.0.0, Culture=neutral, PublicKeyToken=b03f5f7f11d50a3a".
             Resolved file path is "/usr/lib/dotnet/packs/Microsoft.NETCore.App.Ref/8.0.16/ref/net8.0/System.IO.UnmanagedMemoryStream.dll".
             Reference found at search path location "{RawFileName}".
             This reference is not "CopyLocal" because at least one source item had "Private" set to "false" and no source items had "Private" set to "true".
             The ImageRuntimeVersion for this reference is "".
         Primary reference "System.IO, Version=8.0.0.0, Culture=neutral, PublicKeyToken=b03f5f7f11d50a3a".
             Resolved file path is "/usr/lib/dotnet/packs/Microsoft.NETCore.App.Ref/8.0.16/ref/net8.0/System.IO.dll".
             Reference found at search path location "{RawFileName}".
             This reference is not "CopyLocal" because at least one source item had "Private" set to "false" and no source items had "Private" set to "true".
             The ImageRuntimeVersion for this reference is "".
         Primary reference "System.Linq.Expressions, Version=8.0.0.0, Culture=neutral, PublicKeyToken=b03f5f7f11d50a3a".
             Resolved file path is "/usr/lib/dotnet/packs/Microsoft.NETCore.App.Ref/8.0.16/ref/net8.0/System.Linq.Expressions.dll".
             Reference found at search path location "{RawFileName}".
             This reference is not "CopyLocal" because at least one source item had "Private" set to "false" and no source items had "Private" set to "true".
             The ImageRuntimeVersion for this reference is "".
         Primary reference "System.Linq.Parallel, Version=8.0.0.0, Culture=neutral, PublicKeyToken=b03f5f7f11d50a3a".
             Resolved file path is "/usr/lib/dotnet/packs/Microsoft.NETCore.App.Ref/8.0.16/ref/net8.0/System.Linq.Parallel.dll".
             Reference found at search path location "{RawFileName}".
             This reference is not "CopyLocal" because at least one source item had "Private" set to "false" and no source items had "Private" set to "true".
             The ImageRuntimeVersion for this reference is "".
         Primary reference "System.Linq.Queryable, Version=8.0.0.0, Culture=neutral, PublicKeyToken=b03f5f7f11d50a3a".
             Resolved file path is "/usr/lib/dotnet/packs/Microsoft.NETCore.App.Ref/8.0.16/ref/net8.0/System.Linq.Queryable.dll".
             Reference found at search path location "{RawFileName}".
             This reference is not "CopyLocal" because at least one source item had "Private" set to "false" and no source items had "Private" set to "true".
             The ImageRuntimeVersion for this reference is "".
         Primary reference "System.Linq, Version=8.0.0.0, Culture=neutral, PublicKeyToken=b03f5f7f11d50a3a".
             Resolved file path is "/usr/lib/dotnet/packs/Microsoft.NETCore.App.Ref/8.0.16/ref/net8.0/System.Linq.dll".
             Reference found at search path location "{RawFileName}".
             This reference is not "CopyLocal" because at least one source item had "Private" set to "false" and no source items had "Private" set to "true".
             The ImageRuntimeVersion for this reference is "".
         Primary reference "System.Memory, Version=8.0.0.0, Culture=neutral, PublicKeyToken=cc7b13ffcd2ddd51".
             Resolved file path is "/usr/lib/dotnet/packs/Microsoft.NETCore.App.Ref/8.0.16/ref/net8.0/System.Memory.dll".
             Reference found at search path location "{RawFileName}".
             This reference is not "CopyLocal" because at least one source item had "Private" set to "false" and no source items had "Private" set to "true".
             The ImageRuntimeVersion for this reference is "".
         Primary reference "System.Net.Http.Json, Version=8.0.0.0, Culture=neutral, PublicKeyToken=cc7b13ffcd2ddd51".
             Resolved file path is "/usr/lib/dotnet/packs/Microsoft.NETCore.App.Ref/8.0.16/ref/net8.0/System.Net.Http.Json.dll".
             Reference found at search path location "{RawFileName}".
             This reference is not "CopyLocal" because at least one source item had "Private" set to "false" and no source items had "Private" set to "true".
             The ImageRuntimeVersion for this reference is "".
         Primary reference "System.Net.Http, Version=8.0.0.0, Culture=neutral, PublicKeyToken=b03f5f7f11d50a3a".
             Resolved file path is "/usr/lib/dotnet/packs/Microsoft.NETCore.App.Ref/8.0.16/ref/net8.0/System.Net.Http.dll".
             Reference found at search path location "{RawFileName}".
             This reference is not "CopyLocal" because at least one source item had "Private" set to "false" and no source items had "Private" set to "true".
             The ImageRuntimeVersion for this reference is "".
         Primary reference "System.Net.HttpListener, Version=8.0.0.0, Culture=neutral, PublicKeyToken=cc7b13ffcd2ddd51".
             Resolved file path is "/usr/lib/dotnet/packs/Microsoft.NETCore.App.Ref/8.0.16/ref/net8.0/System.Net.HttpListener.dll".
             Reference found at search path location "{RawFileName}".
             This reference is not "CopyLocal" because at least one source item had "Private" set to "false" and no source items had "Private" set to "true".
             The ImageRuntimeVersion for this reference is "".
         Primary reference "System.Net.Mail, Version=8.0.0.0, Culture=neutral, PublicKeyToken=cc7b13ffcd2ddd51".
             Resolved file path is "/usr/lib/dotnet/packs/Microsoft.NETCore.App.Ref/8.0.16/ref/net8.0/System.Net.Mail.dll".
             Reference found at search path location "{RawFileName}".
             This reference is not "CopyLocal" because at least one source item had "Private" set to "false" and no source items had "Private" set to "true".
             The ImageRuntimeVersion for this reference is "".
         Primary reference "System.Net.NameResolution, Version=8.0.0.0, Culture=neutral, PublicKeyToken=b03f5f7f11d50a3a".
             Resolved file path is "/usr/lib/dotnet/packs/Microsoft.NETCore.App.Ref/8.0.16/ref/net8.0/System.Net.NameResolution.dll".
             Reference found at search path location "{RawFileName}".
             This reference is not "CopyLocal" because at least one source item had "Private" set to "false" and no source items had "Private" set to "true".
             The ImageRuntimeVersion for this reference is "".
         Primary reference "System.Net.NetworkInformation, Version=8.0.0.0, Culture=neutral, PublicKeyToken=b03f5f7f11d50a3a".
             Resolved file path is "/usr/lib/dotnet/packs/Microsoft.NETCore.App.Ref/8.0.16/ref/net8.0/System.Net.NetworkInformation.dll".
             Reference found at search path location "{RawFileName}".
             This reference is not "CopyLocal" because at least one source item had "Private" set to "false" and no source items had "Private" set to "true".
             The ImageRuntimeVersion for this reference is "".
         Primary reference "System.Net.Ping, Version=8.0.0.0, Culture=neutral, PublicKeyToken=b03f5f7f11d50a3a".
             Resolved file path is "/usr/lib/dotnet/packs/Microsoft.NETCore.App.Ref/8.0.16/ref/net8.0/System.Net.Ping.dll".
             Reference found at search path location "{RawFileName}".
             This reference is not "CopyLocal" because at least one source item had "Private" set to "false" and no source items had "Private" set to "true".
             The ImageRuntimeVersion for this reference is "".
         Primary reference "System.Net.Primitives, Version=8.0.0.0, Culture=neutral, PublicKeyToken=b03f5f7f11d50a3a".
             Resolved file path is "/usr/lib/dotnet/packs/Microsoft.NETCore.App.Ref/8.0.16/ref/net8.0/System.Net.Primitives.dll".
             Reference found at search path location "{RawFileName}".
             This reference is not "CopyLocal" because at least one source item had "Private" set to "false" and no source items had "Private" set to "true".
             The ImageRuntimeVersion for this reference is "".
         Primary reference "System.Net.Quic, Version=8.0.0.0, Culture=neutral, PublicKeyToken=b03f5f7f11d50a3a".
             Resolved file path is "/usr/lib/dotnet/packs/Microsoft.NETCore.App.Ref/8.0.16/ref/net8.0/System.Net.Quic.dll".
             Reference found at search path location "{RawFileName}".
             This reference is not "CopyLocal" because at least one source item had "Private" set to "false" and no source items had "Private" set to "true".
             The ImageRuntimeVersion for this reference is "".
         Primary reference "System.Net.Requests, Version=8.0.0.0, Culture=neutral, PublicKeyToken=b03f5f7f11d50a3a".
             Resolved file path is "/usr/lib/dotnet/packs/Microsoft.NETCore.App.Ref/8.0.16/ref/net8.0/System.Net.Requests.dll".
             Reference found at search path location "{RawFileName}".
             This reference is not "CopyLocal" because at least one source item had "Private" set to "false" and no source items had "Private" set to "true".
             The ImageRuntimeVersion for this reference is "".
         Primary reference "System.Net.Security, Version=8.0.0.0, Culture=neutral, PublicKeyToken=b03f5f7f11d50a3a".
             Resolved file path is "/usr/lib/dotnet/packs/Microsoft.NETCore.App.Ref/8.0.16/ref/net8.0/System.Net.Security.dll".
             Reference found at search path location "{RawFileName}".
             This reference is not "CopyLocal" because at least one source item had "Private" set to "false" and no source items had "Private" set to "true".
             The ImageRuntimeVersion for this reference is "".
         Primary reference "System.Net.ServicePoint, Version=8.0.0.0, Culture=neutral, PublicKeyToken=cc7b13ffcd2ddd51".
             Resolved file path is "/usr/lib/dotnet/packs/Microsoft.NETCore.App.Ref/8.0.16/ref/net8.0/System.Net.ServicePoint.dll".
             Reference found at search path location "{RawFileName}".
             This reference is not "CopyLocal" because at least one source item had "Private" set to "false" and no source items had "Private" set to "true".
             The ImageRuntimeVersion for this reference is "".
         Primary reference "System.Net.Sockets, Version=8.0.0.0, Culture=neutral, PublicKeyToken=b03f5f7f11d50a3a".
             Resolved file path is "/usr/lib/dotnet/packs/Microsoft.NETCore.App.Ref/8.0.16/ref/net8.0/System.Net.Sockets.dll".
             Reference found at search path location "{RawFileName}".
             This reference is not "CopyLocal" because at least one source item had "Private" set to "false" and no source items had "Private" set to "true".
             The ImageRuntimeVersion for this reference is "".
         Primary reference "System.Net.WebClient, Version=8.0.0.0, Culture=neutral, PublicKeyToken=cc7b13ffcd2ddd51".
             Resolved file path is "/usr/lib/dotnet/packs/Microsoft.NETCore.App.Ref/8.0.16/ref/net8.0/System.Net.WebClient.dll".
             Reference found at search path location "{RawFileName}".
             This reference is not "CopyLocal" because at least one source item had "Private" set to "false" and no source items had "Private" set to "true".
             The ImageRuntimeVersion for this reference is "".
         Primary reference "System.Net.WebHeaderCollection, Version=8.0.0.0, Culture=neutral, PublicKeyToken=b03f5f7f11d50a3a".
             Resolved file path is "/usr/lib/dotnet/packs/Microsoft.NETCore.App.Ref/8.0.16/ref/net8.0/System.Net.WebHeaderCollection.dll".
             Reference found at search path location "{RawFileName}".
             This reference is not "CopyLocal" because at least one source item had "Private" set to "false" and no source items had "Private" set to "true".
             The ImageRuntimeVersion for this reference is "".
         Primary reference "System.Net.WebProxy, Version=8.0.0.0, Culture=neutral, PublicKeyToken=cc7b13ffcd2ddd51".
             Resolved file path is "/usr/lib/dotnet/packs/Microsoft.NETCore.App.Ref/8.0.16/ref/net8.0/System.Net.WebProxy.dll".
             Reference found at search path location "{RawFileName}".
             This reference is not "CopyLocal" because at least one source item had "Private" set to "false" and no source items had "Private" set to "true".
             The ImageRuntimeVersion for this reference is "".
         Primary reference "System.Net.WebSockets.Client, Version=8.0.0.0, Culture=neutral, PublicKeyToken=b03f5f7f11d50a3a".
             Resolved file path is "/usr/lib/dotnet/packs/Microsoft.NETCore.App.Ref/8.0.16/ref/net8.0/System.Net.WebSockets.Client.dll".
             Reference found at search path location "{RawFileName}".
             This reference is not "CopyLocal" because at least one source item had "Private" set to "false" and no source items had "Private" set to "true".
             The ImageRuntimeVersion for this reference is "".
         Primary reference "System.Net.WebSockets, Version=8.0.0.0, Culture=neutral, PublicKeyToken=b03f5f7f11d50a3a".
             Resolved file path is "/usr/lib/dotnet/packs/Microsoft.NETCore.App.Ref/8.0.16/ref/net8.0/System.Net.WebSockets.dll".
             Reference found at search path location "{RawFileName}".
             This reference is not "CopyLocal" because at least one source item had "Private" set to "false" and no source items had "Private" set to "true".
             The ImageRuntimeVersion for this reference is "".
         Primary reference "System.Net, Version=4.0.0.0, Culture=neutral, PublicKeyToken=b03f5f7f11d50a3a".
             Resolved file path is "/usr/lib/dotnet/packs/Microsoft.NETCore.App.Ref/8.0.16/ref/net8.0/System.Net.dll".
             Reference found at search path location "{RawFileName}".
             This reference is not "CopyLocal" because at least one source item had "Private" set to "false" and no source items had "Private" set to "true".
             The ImageRuntimeVersion for this reference is "".
         Primary reference "System.Numerics.Vectors, Version=8.0.0.0, Culture=neutral, PublicKeyToken=b03f5f7f11d50a3a".
             Resolved file path is "/usr/lib/dotnet/packs/Microsoft.NETCore.App.Ref/8.0.16/ref/net8.0/System.Numerics.Vectors.dll".
             Reference found at search path location "{RawFileName}".
             This reference is not "CopyLocal" because at least one source item had "Private" set to "false" and no source items had "Private" set to "true".
             The ImageRuntimeVersion for this reference is "".
         Primary reference "System.Numerics, Version=4.0.0.0, Culture=neutral, PublicKeyToken=b77a5c561934e089".
             Resolved file path is "/usr/lib/dotnet/packs/Microsoft.NETCore.App.Ref/8.0.16/ref/net8.0/System.Numerics.dll".
             Reference found at search path location "{RawFileName}".
             This reference is not "CopyLocal" because at least one source item had "Private" set to "false" and no source items had "Private" set to "true".
             The ImageRuntimeVersion for this reference is "".
         Primary reference "System.ObjectModel, Version=8.0.0.0, Culture=neutral, PublicKeyToken=b03f5f7f11d50a3a".
             Resolved file path is "/usr/lib/dotnet/packs/Microsoft.NETCore.App.Ref/8.0.16/ref/net8.0/System.ObjectModel.dll".
             Reference found at search path location "{RawFileName}".
             This reference is not "CopyLocal" because at least one source item had "Private" set to "false" and no source items had "Private" set to "true".
             The ImageRuntimeVersion for this reference is "".
         Primary reference "System.Reflection.DispatchProxy, Version=8.0.0.0, Culture=neutral, PublicKeyToken=b03f5f7f11d50a3a".
             Resolved file path is "/usr/lib/dotnet/packs/Microsoft.NETCore.App.Ref/8.0.16/ref/net8.0/System.Reflection.DispatchProxy.dll".
             Reference found at search path location "{RawFileName}".
             This reference is not "CopyLocal" because at least one source item had "Private" set to "false" and no source items had "Private" set to "true".
             The ImageRuntimeVersion for this reference is "".
         Primary reference "System.Reflection.Emit.ILGeneration, Version=8.0.0.0, Culture=neutral, PublicKeyToken=b03f5f7f11d50a3a".
             Resolved file path is "/usr/lib/dotnet/packs/Microsoft.NETCore.App.Ref/8.0.16/ref/net8.0/System.Reflection.Emit.ILGeneration.dll".
             Reference found at search path location "{RawFileName}".
             This reference is not "CopyLocal" because at least one source item had "Private" set to "false" and no source items had "Private" set to "true".
             The ImageRuntimeVersion for this reference is "".
         Primary reference "System.Reflection.Emit.Lightweight, Version=8.0.0.0, Culture=neutral, PublicKeyToken=b03f5f7f11d50a3a".
             Resolved file path is "/usr/lib/dotnet/packs/Microsoft.NETCore.App.Ref/8.0.16/ref/net8.0/System.Reflection.Emit.Lightweight.dll".
             Reference found at search path location "{RawFileName}".
             This reference is not "CopyLocal" because at least one source item had "Private" set to "false" and no source items had "Private" set to "true".
             The ImageRuntimeVersion for this reference is "".
         Primary reference "System.Reflection.Emit, Version=8.0.0.0, Culture=neutral, PublicKeyToken=b03f5f7f11d50a3a".
             Resolved file path is "/usr/lib/dotnet/packs/Microsoft.NETCore.App.Ref/8.0.16/ref/net8.0/System.Reflection.Emit.dll".
             Reference found at search path location "{RawFileName}".
             This reference is not "CopyLocal" because at least one source item had "Private" set to "false" and no source items had "Private" set to "true".
             The ImageRuntimeVersion for this reference is "".
         Primary reference "System.Reflection.Extensions, Version=8.0.0.0, Culture=neutral, PublicKeyToken=b03f5f7f11d50a3a".
             Resolved file path is "/usr/lib/dotnet/packs/Microsoft.NETCore.App.Ref/8.0.16/ref/net8.0/System.Reflection.Extensions.dll".
             Reference found at search path location "{RawFileName}".
             This reference is not "CopyLocal" because at least one source item had "Private" set to "false" and no source items had "Private" set to "true".
             The ImageRuntimeVersion for this reference is "".
         Primary reference "System.Reflection.Metadata, Version=8.0.0.0, Culture=neutral, PublicKeyToken=b03f5f7f11d50a3a".
             Resolved file path is "/usr/lib/dotnet/packs/Microsoft.NETCore.App.Ref/8.0.16/ref/net8.0/System.Reflection.Metadata.dll".
             Reference found at search path location "{RawFileName}".
             This reference is not "CopyLocal" because at least one source item had "Private" set to "false" and no source items had "Private" set to "true".
             The ImageRuntimeVersion for this reference is "".
         Primary reference "System.Reflection.Primitives, Version=8.0.0.0, Culture=neutral, PublicKeyToken=b03f5f7f11d50a3a".
             Resolved file path is "/usr/lib/dotnet/packs/Microsoft.NETCore.App.Ref/8.0.16/ref/net8.0/System.Reflection.Primitives.dll".
             Reference found at search path location "{RawFileName}".
             This reference is not "CopyLocal" because at least one source item had "Private" set to "false" and no source items had "Private" set to "true".
             The ImageRuntimeVersion for this reference is "".
         Primary reference "System.Reflection.TypeExtensions, Version=8.0.0.0, Culture=neutral, PublicKeyToken=b03f5f7f11d50a3a".
             Resolved file path is "/usr/lib/dotnet/packs/Microsoft.NETCore.App.Ref/8.0.16/ref/net8.0/System.Reflection.TypeExtensions.dll".
             Reference found at search path location "{RawFileName}".
             This reference is not "CopyLocal" because at least one source item had "Private" set to "false" and no source items had "Private" set to "true".
             The ImageRuntimeVersion for this reference is "".
         Primary reference "System.Reflection, Version=8.0.0.0, Culture=neutral, PublicKeyToken=b03f5f7f11d50a3a".
             Resolved file path is "/usr/lib/dotnet/packs/Microsoft.NETCore.App.Ref/8.0.16/ref/net8.0/System.Reflection.dll".
             Reference found at search path location "{RawFileName}".
             This reference is not "CopyLocal" because at least one source item had "Private" set to "false" and no source items had "Private" set to "true".
             The ImageRuntimeVersion for this reference is "".
         Primary reference "System.Resources.Reader, Version=8.0.0.0, Culture=neutral, PublicKeyToken=b03f5f7f11d50a3a".
             Resolved file path is "/usr/lib/dotnet/packs/Microsoft.NETCore.App.Ref/8.0.16/ref/net8.0/System.Resources.Reader.dll".
             Reference found at search path location "{RawFileName}".
             This reference is not "CopyLocal" because at least one source item had "Private" set to "false" and no source items had "Private" set to "true".
             The ImageRuntimeVersion for this reference is "".
         Primary reference "System.Resources.ResourceManager, Version=8.0.0.0, Culture=neutral, PublicKeyToken=b03f5f7f11d50a3a".
             Resolved file path is "/usr/lib/dotnet/packs/Microsoft.NETCore.App.Ref/8.0.16/ref/net8.0/System.Resources.ResourceManager.dll".
             Reference found at search path location "{RawFileName}".
             This reference is not "CopyLocal" because at least one source item had "Private" set to "false" and no source items had "Private" set to "true".
             The ImageRuntimeVersion for this reference is "".
         Primary reference "System.Resources.Writer, Version=8.0.0.0, Culture=neutral, PublicKeyToken=b03f5f7f11d50a3a".
             Resolved file path is "/usr/lib/dotnet/packs/Microsoft.NETCore.App.Ref/8.0.16/ref/net8.0/System.Resources.Writer.dll".
             Reference found at search path location "{RawFileName}".
             This reference is not "CopyLocal" because at least one source item had "Private" set to "false" and no source items had "Private" set to "true".
             The ImageRuntimeVersion for this reference is "".
         Primary reference "System.Runtime.CompilerServices.Unsafe, Version=8.0.0.0, Culture=neutral, PublicKeyToken=b03f5f7f11d50a3a".
             Resolved file path is "/usr/lib/dotnet/packs/Microsoft.NETCore.App.Ref/8.0.16/ref/net8.0/System.Runtime.CompilerServices.Unsafe.dll".
             Reference found at search path location "{RawFileName}".
             This reference is not "CopyLocal" because at least one source item had "Private" set to "false" and no source items had "Private" set to "true".
             The ImageRuntimeVersion for this reference is "".
         Primary reference "System.Runtime.CompilerServices.VisualC, Version=8.0.0.0, Culture=neutral, PublicKeyToken=b03f5f7f11d50a3a".
             Resolved file path is "/usr/lib/dotnet/packs/Microsoft.NETCore.App.Ref/8.0.16/ref/net8.0/System.Runtime.CompilerServices.VisualC.dll".
             Reference found at search path location "{RawFileName}".
             This reference is not "CopyLocal" because at least one source item had "Private" set to "false" and no source items had "Private" set to "true".
             The ImageRuntimeVersion for this reference is "".
         Primary reference "System.Runtime.Extensions, Version=8.0.0.0, Culture=neutral, PublicKeyToken=b03f5f7f11d50a3a".
             Resolved file path is "/usr/lib/dotnet/packs/Microsoft.NETCore.App.Ref/8.0.16/ref/net8.0/System.Runtime.Extensions.dll".
             Reference found at search path location "{RawFileName}".
             This reference is not "CopyLocal" because at least one source item had "Private" set to "false" and no source items had "Private" set to "true".
             The ImageRuntimeVersion for this reference is "".
         Primary reference "System.Runtime.Handles, Version=8.0.0.0, Culture=neutral, PublicKeyToken=b03f5f7f11d50a3a".
             Resolved file path is "/usr/lib/dotnet/packs/Microsoft.NETCore.App.Ref/8.0.16/ref/net8.0/System.Runtime.Handles.dll".
             Reference found at search path location "{RawFileName}".
             This reference is not "CopyLocal" because at least one source item had "Private" set to "false" and no source items had "Private" set to "true".
             The ImageRuntimeVersion for this reference is "".
         Primary reference "System.Runtime.InteropServices.JavaScript, Version=8.0.0.0, Culture=neutral, PublicKeyToken=b03f5f7f11d50a3a".
             Resolved file path is "/usr/lib/dotnet/packs/Microsoft.NETCore.App.Ref/8.0.16/ref/net8.0/System.Runtime.InteropServices.JavaScript.dll".
             Reference found at search path location "{RawFileName}".
             This reference is not "CopyLocal" because at least one source item had "Private" set to "false" and no source items had "Private" set to "true".
             The ImageRuntimeVersion for this reference is "".
         Primary reference "System.Runtime.InteropServices.RuntimeInformation, Version=8.0.0.0, Culture=neutral, PublicKeyToken=b03f5f7f11d50a3a".
             Resolved file path is "/usr/lib/dotnet/packs/Microsoft.NETCore.App.Ref/8.0.16/ref/net8.0/System.Runtime.InteropServices.RuntimeInformation.dll".
             Reference found at search path location "{RawFileName}".
             This reference is not "CopyLocal" because at least one source item had "Private" set to "false" and no source items had "Private" set to "true".
             The ImageRuntimeVersion for this reference is "".
         Primary reference "System.Runtime.InteropServices, Version=8.0.0.0, Culture=neutral, PublicKeyToken=b03f5f7f11d50a3a".
             Resolved file path is "/usr/lib/dotnet/packs/Microsoft.NETCore.App.Ref/8.0.16/ref/net8.0/System.Runtime.InteropServices.dll".
             Reference found at search path location "{RawFileName}".
             This reference is not "CopyLocal" because at least one source item had "Private" set to "false" and no source items had "Private" set to "true".
             The ImageRuntimeVersion for this reference is "".
         Primary reference "System.Runtime.Intrinsics, Version=8.0.0.0, Culture=neutral, PublicKeyToken=cc7b13ffcd2ddd51".
             Resolved file path is "/usr/lib/dotnet/packs/Microsoft.NETCore.App.Ref/8.0.16/ref/net8.0/System.Runtime.Intrinsics.dll".
             Reference found at search path location "{RawFileName}".
             This reference is not "CopyLocal" because at least one source item had "Private" set to "false" and no source items had "Private" set to "true".
             The ImageRuntimeVersion for this reference is "".
         Primary reference "System.Runtime.Loader, Version=8.0.0.0, Culture=neutral, PublicKeyToken=b03f5f7f11d50a3a".
             Resolved file path is "/usr/lib/dotnet/packs/Microsoft.NETCore.App.Ref/8.0.16/ref/net8.0/System.Runtime.Loader.dll".
             Reference found at search path location "{RawFileName}".
             This reference is not "CopyLocal" because at least one source item had "Private" set to "false" and no source items had "Private" set to "true".
             The ImageRuntimeVersion for this reference is "".
         Primary reference "System.Runtime.Numerics, Version=8.0.0.0, Culture=neutral, PublicKeyToken=b03f5f7f11d50a3a".
             Resolved file path is "/usr/lib/dotnet/packs/Microsoft.NETCore.App.Ref/8.0.16/ref/net8.0/System.Runtime.Numerics.dll".
             Reference found at search path location "{RawFileName}".
             This reference is not "CopyLocal" because at least one source item had "Private" set to "false" and no source items had "Private" set to "true".
             The ImageRuntimeVersion for this reference is "".
         Primary reference "System.Runtime.Serialization.Formatters, Version=8.0.0.0, Culture=neutral, PublicKeyToken=b03f5f7f11d50a3a".
             Resolved file path is "/usr/lib/dotnet/packs/Microsoft.NETCore.App.Ref/8.0.16/ref/net8.0/System.Runtime.Serialization.Formatters.dll".
             Reference found at search path location "{RawFileName}".
             This reference is not "CopyLocal" because at least one source item had "Private" set to "false" and no source items had "Private" set to "true".
             The ImageRuntimeVersion for this reference is "".
         Primary reference "System.Runtime.Serialization.Json, Version=8.0.0.0, Culture=neutral, PublicKeyToken=b03f5f7f11d50a3a".
             Resolved file path is "/usr/lib/dotnet/packs/Microsoft.NETCore.App.Ref/8.0.16/ref/net8.0/System.Runtime.Serialization.Json.dll".
             Reference found at search path location "{RawFileName}".
             This reference is not "CopyLocal" because at least one source item had "Private" set to "false" and no source items had "Private" set to "true".
             The ImageRuntimeVersion for this reference is "".
         Primary reference "System.Runtime.Serialization.Primitives, Version=8.0.0.0, Culture=neutral, PublicKeyToken=b03f5f7f11d50a3a".
             Resolved file path is "/usr/lib/dotnet/packs/Microsoft.NETCore.App.Ref/8.0.16/ref/net8.0/System.Runtime.Serialization.Primitives.dll".
             Reference found at search path location "{RawFileName}".
             This reference is not "CopyLocal" because at least one source item had "Private" set to "false" and no source items had "Private" set to "true".
             The ImageRuntimeVersion for this reference is "".
         Primary reference "System.Runtime.Serialization.Xml, Version=8.0.0.0, Culture=neutral, PublicKeyToken=b03f5f7f11d50a3a".
             Resolved file path is "/usr/lib/dotnet/packs/Microsoft.NETCore.App.Ref/8.0.16/ref/net8.0/System.Runtime.Serialization.Xml.dll".
             Reference found at search path location "{RawFileName}".
             This reference is not "CopyLocal" because at least one source item had "Private" set to "false" and no source items had "Private" set to "true".
             The ImageRuntimeVersion for this reference is "".
         Primary reference "System.Runtime.Serialization, Version=4.0.0.0, Culture=neutral, PublicKeyToken=b77a5c561934e089".
             Resolved file path is "/usr/lib/dotnet/packs/Microsoft.NETCore.App.Ref/8.0.16/ref/net8.0/System.Runtime.Serialization.dll".
             Reference found at search path location "{RawFileName}".
             This reference is not "CopyLocal" because at least one source item had "Private" set to "false" and no source items had "Private" set to "true".
             The ImageRuntimeVersion for this reference is "".
         Primary reference "System.Runtime, Version=8.0.0.0, Culture=neutral, PublicKeyToken=b03f5f7f11d50a3a".
             Resolved file path is "/usr/lib/dotnet/packs/Microsoft.NETCore.App.Ref/8.0.16/ref/net8.0/System.Runtime.dll".
             Reference found at search path location "{RawFileName}".
             This reference is not "CopyLocal" because at least one source item had "Private" set to "false" and no source items had "Private" set to "true".
             The ImageRuntimeVersion for this reference is "".
         Primary reference "System.Security.AccessControl, Version=8.0.0.0, Culture=neutral, PublicKeyToken=b03f5f7f11d50a3a".
             Resolved file path is "/usr/lib/dotnet/packs/Microsoft.NETCore.App.Ref/8.0.16/ref/net8.0/System.Security.AccessControl.dll".
             Reference found at search path location "{RawFileName}".
             This reference is not "CopyLocal" because at least one source item had "Private" set to "false" and no source items had "Private" set to "true".
             The ImageRuntimeVersion for this reference is "".
         Primary reference "System.Security.Claims, Version=8.0.0.0, Culture=neutral, PublicKeyToken=b03f5f7f11d50a3a".
             Resolved file path is "/usr/lib/dotnet/packs/Microsoft.NETCore.App.Ref/8.0.16/ref/net8.0/System.Security.Claims.dll".
             Reference found at search path location "{RawFileName}".
             This reference is not "CopyLocal" because at least one source item had "Private" set to "false" and no source items had "Private" set to "true".
             The ImageRuntimeVersion for this reference is "".
         Primary reference "System.Security.Cryptography.Algorithms, Version=8.0.0.0, Culture=neutral, PublicKeyToken=b03f5f7f11d50a3a".
             Resolved file path is "/usr/lib/dotnet/packs/Microsoft.NETCore.App.Ref/8.0.16/ref/net8.0/System.Security.Cryptography.Algorithms.dll".
             Reference found at search path location "{RawFileName}".
             This reference is not "CopyLocal" because at least one source item had "Private" set to "false" and no source items had "Private" set to "true".
             The ImageRuntimeVersion for this reference is "".
         Primary reference "System.Security.Cryptography.Cng, Version=8.0.0.0, Culture=neutral, PublicKeyToken=b03f5f7f11d50a3a".
             Resolved file path is "/usr/lib/dotnet/packs/Microsoft.NETCore.App.Ref/8.0.16/ref/net8.0/System.Security.Cryptography.Cng.dll".
             Reference found at search path location "{RawFileName}".
             This reference is not "CopyLocal" because at least one source item had "Private" set to "false" and no source items had "Private" set to "true".
             The ImageRuntimeVersion for this reference is "".
         Primary reference "System.Security.Cryptography.Csp, Version=8.0.0.0, Culture=neutral, PublicKeyToken=b03f5f7f11d50a3a".
             Resolved file path is "/usr/lib/dotnet/packs/Microsoft.NETCore.App.Ref/8.0.16/ref/net8.0/System.Security.Cryptography.Csp.dll".
             Reference found at search path location "{RawFileName}".
             This reference is not "CopyLocal" because at least one source item had "Private" set to "false" and no source items had "Private" set to "true".
             The ImageRuntimeVersion for this reference is "".
         Primary reference "System.Security.Cryptography.Encoding, Version=8.0.0.0, Culture=neutral, PublicKeyToken=b03f5f7f11d50a3a".
             Resolved file path is "/usr/lib/dotnet/packs/Microsoft.NETCore.App.Ref/8.0.16/ref/net8.0/System.Security.Cryptography.Encoding.dll".
             Reference found at search path location "{RawFileName}".
             This reference is not "CopyLocal" because at least one source item had "Private" set to "false" and no source items had "Private" set to "true".
             The ImageRuntimeVersion for this reference is "".
         Primary reference "System.Security.Cryptography.OpenSsl, Version=8.0.0.0, Culture=neutral, PublicKeyToken=b03f5f7f11d50a3a".
             Resolved file path is "/usr/lib/dotnet/packs/Microsoft.NETCore.App.Ref/8.0.16/ref/net8.0/System.Security.Cryptography.OpenSsl.dll".
             Reference found at search path location "{RawFileName}".
             This reference is not "CopyLocal" because at least one source item had "Private" set to "false" and no source items had "Private" set to "true".
             The ImageRuntimeVersion for this reference is "".
         Primary reference "System.Security.Cryptography.Primitives, Version=8.0.0.0, Culture=neutral, PublicKeyToken=b03f5f7f11d50a3a".
             Resolved file path is "/usr/lib/dotnet/packs/Microsoft.NETCore.App.Ref/8.0.16/ref/net8.0/System.Security.Cryptography.Primitives.dll".
             Reference found at search path location "{RawFileName}".
             This reference is not "CopyLocal" because at least one source item had "Private" set to "false" and no source items had "Private" set to "true".
             The ImageRuntimeVersion for this reference is "".
         Primary reference "System.Security.Cryptography.X509Certificates, Version=8.0.0.0, Culture=neutral, PublicKeyToken=b03f5f7f11d50a3a".
             Resolved file path is "/usr/lib/dotnet/packs/Microsoft.NETCore.App.Ref/8.0.16/ref/net8.0/System.Security.Cryptography.X509Certificates.dll".
             Reference found at search path location "{RawFileName}".
             This reference is not "CopyLocal" because at least one source item had "Private" set to "false" and no source items had "Private" set to "true".
             The ImageRuntimeVersion for this reference is "".
         Primary reference "System.Security.Cryptography, Version=8.0.0.0, Culture=neutral, PublicKeyToken=b03f5f7f11d50a3a".
             Resolved file path is "/usr/lib/dotnet/packs/Microsoft.NETCore.App.Ref/8.0.16/ref/net8.0/System.Security.Cryptography.dll".
             Reference found at search path location "{RawFileName}".
             This reference is not "CopyLocal" because at least one source item had "Private" set to "false" and no source items had "Private" set to "true".
             The ImageRuntimeVersion for this reference is "".
         Primary reference "System.Security.Principal.Windows, Version=8.0.0.0, Culture=neutral, PublicKeyToken=b03f5f7f11d50a3a".
             Resolved file path is "/usr/lib/dotnet/packs/Microsoft.NETCore.App.Ref/8.0.16/ref/net8.0/System.Security.Principal.Windows.dll".
             Reference found at search path location "{RawFileName}".
             This reference is not "CopyLocal" because at least one source item had "Private" set to "false" and no source items had "Private" set to "true".
             The ImageRuntimeVersion for this reference is "".
         Primary reference "System.Security.Principal, Version=8.0.0.0, Culture=neutral, PublicKeyToken=b03f5f7f11d50a3a".
             Resolved file path is "/usr/lib/dotnet/packs/Microsoft.NETCore.App.Ref/8.0.16/ref/net8.0/System.Security.Principal.dll".
             Reference found at search path location "{RawFileName}".
             This reference is not "CopyLocal" because at least one source item had "Private" set to "false" and no source items had "Private" set to "true".
             The ImageRuntimeVersion for this reference is "".
         Primary reference "System.Security.SecureString, Version=8.0.0.0, Culture=neutral, PublicKeyToken=b03f5f7f11d50a3a".
             Resolved file path is "/usr/lib/dotnet/packs/Microsoft.NETCore.App.Ref/8.0.16/ref/net8.0/System.Security.SecureString.dll".
             Reference found at search path location "{RawFileName}".
             This reference is not "CopyLocal" because at least one source item had "Private" set to "false" and no source items had "Private" set to "true".
             The ImageRuntimeVersion for this reference is "".
         Primary reference "System.Security, Version=4.0.0.0, Culture=neutral, PublicKeyToken=b03f5f7f11d50a3a".
             Resolved file path is "/usr/lib/dotnet/packs/Microsoft.NETCore.App.Ref/8.0.16/ref/net8.0/System.Security.dll".
             Reference found at search path location "{RawFileName}".
             This reference is not "CopyLocal" because at least one source item had "Private" set to "false" and no source items had "Private" set to "true".
             The ImageRuntimeVersion for this reference is "".
         Primary reference "System.ServiceModel.Web, Version=4.0.0.0, Culture=neutral, PublicKeyToken=31bf3856ad364e35".
             Resolved file path is "/usr/lib/dotnet/packs/Microsoft.NETCore.App.Ref/8.0.16/ref/net8.0/System.ServiceModel.Web.dll".
             Reference found at search path location "{RawFileName}".
             This reference is not "CopyLocal" because at least one source item had "Private" set to "false" and no source items had "Private" set to "true".
             The ImageRuntimeVersion for this reference is "".
         Primary reference "System.ServiceProcess, Version=4.0.0.0, Culture=neutral, PublicKeyToken=b03f5f7f11d50a3a".
             Resolved file path is "/usr/lib/dotnet/packs/Microsoft.NETCore.App.Ref/8.0.16/ref/net8.0/System.ServiceProcess.dll".
             Reference found at search path location "{RawFileName}".
             This reference is not "CopyLocal" because at least one source item had "Private" set to "false" and no source items had "Private" set to "true".
             The ImageRuntimeVersion for this reference is "".
         Primary reference "System.Text.Encoding.CodePages, Version=8.0.0.0, Culture=neutral, PublicKeyToken=b03f5f7f11d50a3a".
             Resolved file path is "/usr/lib/dotnet/packs/Microsoft.NETCore.App.Ref/8.0.16/ref/net8.0/System.Text.Encoding.CodePages.dll".
             Reference found at search path location "{RawFileName}".
             This reference is not "CopyLocal" because at least one source item had "Private" set to "false" and no source items had "Private" set to "true".
             The ImageRuntimeVersion for this reference is "".
         Primary reference "System.Text.Encoding.Extensions, Version=8.0.0.0, Culture=neutral, PublicKeyToken=b03f5f7f11d50a3a".
             Resolved file path is "/usr/lib/dotnet/packs/Microsoft.NETCore.App.Ref/8.0.16/ref/net8.0/System.Text.Encoding.Extensions.dll".
             Reference found at search path location "{RawFileName}".
             This reference is not "CopyLocal" because at least one source item had "Private" set to "false" and no source items had "Private" set to "true".
             The ImageRuntimeVersion for this reference is "".
         Primary reference "System.Text.Encoding, Version=8.0.0.0, Culture=neutral, PublicKeyToken=b03f5f7f11d50a3a".
             Resolved file path is "/usr/lib/dotnet/packs/Microsoft.NETCore.App.Ref/8.0.16/ref/net8.0/System.Text.Encoding.dll".
             Reference found at search path location "{RawFileName}".
             This reference is not "CopyLocal" because at least one source item had "Private" set to "false" and no source items had "Private" set to "true".
             The ImageRuntimeVersion for this reference is "".
         Primary reference "System.Text.Encodings.Web, Version=8.0.0.0, Culture=neutral, PublicKeyToken=cc7b13ffcd2ddd51".
             Resolved file path is "/usr/lib/dotnet/packs/Microsoft.NETCore.App.Ref/8.0.16/ref/net8.0/System.Text.Encodings.Web.dll".
             Reference found at search path location "{RawFileName}".
             This reference is not "CopyLocal" because at least one source item had "Private" set to "false" and no source items had "Private" set to "true".
             The ImageRuntimeVersion for this reference is "".
         Primary reference "System.Text.Json, Version=8.0.0.0, Culture=neutral, PublicKeyToken=cc7b13ffcd2ddd51".
             Resolved file path is "/usr/lib/dotnet/packs/Microsoft.NETCore.App.Ref/8.0.16/ref/net8.0/System.Text.Json.dll".
             Reference found at search path location "{RawFileName}".
             This reference is not "CopyLocal" because at least one source item had "Private" set to "false" and no source items had "Private" set to "true".
             The ImageRuntimeVersion for this reference is "".
         Primary reference "System.Text.RegularExpressions, Version=8.0.0.0, Culture=neutral, PublicKeyToken=b03f5f7f11d50a3a".
             Resolved file path is "/usr/lib/dotnet/packs/Microsoft.NETCore.App.Ref/8.0.16/ref/net8.0/System.Text.RegularExpressions.dll".
             Reference found at search path location "{RawFileName}".
             This reference is not "CopyLocal" because at least one source item had "Private" set to "false" and no source items had "Private" set to "true".
             The ImageRuntimeVersion for this reference is "".
         Primary reference "System.Threading.Channels, Version=8.0.0.0, Culture=neutral, PublicKeyToken=cc7b13ffcd2ddd51".
             Resolved file path is "/usr/lib/dotnet/packs/Microsoft.NETCore.App.Ref/8.0.16/ref/net8.0/System.Threading.Channels.dll".
             Reference found at search path location "{RawFileName}".
             This reference is not "CopyLocal" because at least one source item had "Private" set to "false" and no source items had "Private" set to "true".
             The ImageRuntimeVersion for this reference is "".
         Primary reference "System.Threading.Overlapped, Version=8.0.0.0, Culture=neutral, PublicKeyToken=b03f5f7f11d50a3a".
             Resolved file path is "/usr/lib/dotnet/packs/Microsoft.NETCore.App.Ref/8.0.16/ref/net8.0/System.Threading.Overlapped.dll".
             Reference found at search path location "{RawFileName}".
             This reference is not "CopyLocal" because at least one source item had "Private" set to "false" and no source items had "Private" set to "true".
             The ImageRuntimeVersion for this reference is "".
         Primary reference "System.Threading.Tasks.Dataflow, Version=8.0.0.0, Culture=neutral, PublicKeyToken=b03f5f7f11d50a3a".
             Resolved file path is "/usr/lib/dotnet/packs/Microsoft.NETCore.App.Ref/8.0.16/ref/net8.0/System.Threading.Tasks.Dataflow.dll".
             Reference found at search path location "{RawFileName}".
             This reference is not "CopyLocal" because at least one source item had "Private" set to "false" and no source items had "Private" set to "true".
             The ImageRuntimeVersion for this reference is "".
         Primary reference "System.Threading.Tasks.Extensions, Version=8.0.0.0, Culture=neutral, PublicKeyToken=cc7b13ffcd2ddd51".
             Resolved file path is "/usr/lib/dotnet/packs/Microsoft.NETCore.App.Ref/8.0.16/ref/net8.0/System.Threading.Tasks.Extensions.dll".
             Reference found at search path location "{RawFileName}".
             This reference is not "CopyLocal" because at least one source item had "Private" set to "false" and no source items had "Private" set to "true".
             The ImageRuntimeVersion for this reference is "".
         Primary reference "System.Threading.Tasks.Parallel, Version=8.0.0.0, Culture=neutral, PublicKeyToken=b03f5f7f11d50a3a".
             Resolved file path is "/usr/lib/dotnet/packs/Microsoft.NETCore.App.Ref/8.0.16/ref/net8.0/System.Threading.Tasks.Parallel.dll".
             Reference found at search path location "{RawFileName}".
             This reference is not "CopyLocal" because at least one source item had "Private" set to "false" and no source items had "Private" set to "true".
             The ImageRuntimeVersion for this reference is "".
         Primary reference "System.Threading.Tasks, Version=8.0.0.0, Culture=neutral, PublicKeyToken=b03f5f7f11d50a3a".
             Resolved file path is "/usr/lib/dotnet/packs/Microsoft.NETCore.App.Ref/8.0.16/ref/net8.0/System.Threading.Tasks.dll".
             Reference found at search path location "{RawFileName}".
             This reference is not "CopyLocal" because at least one source item had "Private" set to "false" and no source items had "Private" set to "true".
             The ImageRuntimeVersion for this reference is "".
         Primary reference "System.Threading.Thread, Version=8.0.0.0, Culture=neutral, PublicKeyToken=b03f5f7f11d50a3a".
             Resolved file path is "/usr/lib/dotnet/packs/Microsoft.NETCore.App.Ref/8.0.16/ref/net8.0/System.Threading.Thread.dll".
             Reference found at search path location "{RawFileName}".
             This reference is not "CopyLocal" because at least one source item had "Private" set to "false" and no source items had "Private" set to "true".
             The ImageRuntimeVersion for this reference is "".
         Primary reference "System.Threading.ThreadPool, Version=8.0.0.0, Culture=neutral, PublicKeyToken=b03f5f7f11d50a3a".
             Resolved file path is "/usr/lib/dotnet/packs/Microsoft.NETCore.App.Ref/8.0.16/ref/net8.0/System.Threading.ThreadPool.dll".
             Reference found at search path location "{RawFileName}".
             This reference is not "CopyLocal" because at least one source item had "Private" set to "false" and no source items had "Private" set to "true".
             The ImageRuntimeVersion for this reference is "".
         Primary reference "System.Threading.Timer, Version=8.0.0.0, Culture=neutral, PublicKeyToken=b03f5f7f11d50a3a".
             Resolved file path is "/usr/lib/dotnet/packs/Microsoft.NETCore.App.Ref/8.0.16/ref/net8.0/System.Threading.Timer.dll".
             Reference found at search path location "{RawFileName}".
             This reference is not "CopyLocal" because at least one source item had "Private" set to "false" and no source items had "Private" set to "true".
             The ImageRuntimeVersion for this reference is "".
         Primary reference "System.Threading, Version=8.0.0.0, Culture=neutral, PublicKeyToken=b03f5f7f11d50a3a".
             Resolved file path is "/usr/lib/dotnet/packs/Microsoft.NETCore.App.Ref/8.0.16/ref/net8.0/System.Threading.dll".
             Reference found at search path location "{RawFileName}".
             This reference is not "CopyLocal" because at least one source item had "Private" set to "false" and no source items had "Private" set to "true".
             The ImageRuntimeVersion for this reference is "".
         Primary reference "System.Transactions.Local, Version=8.0.0.0, Culture=neutral, PublicKeyToken=cc7b13ffcd2ddd51".
             Resolved file path is "/usr/lib/dotnet/packs/Microsoft.NETCore.App.Ref/8.0.16/ref/net8.0/System.Transactions.Local.dll".
             Reference found at search path location "{RawFileName}".
             This reference is not "CopyLocal" because at least one source item had "Private" set to "false" and no source items had "Private" set to "true".
             The ImageRuntimeVersion for this reference is "".
         Primary reference "System.Transactions, Version=4.0.0.0, Culture=neutral, PublicKeyToken=b77a5c561934e089".
             Resolved file path is "/usr/lib/dotnet/packs/Microsoft.NETCore.App.Ref/8.0.16/ref/net8.0/System.Transactions.dll".
             Reference found at search path location "{RawFileName}".
             This reference is not "CopyLocal" because at least one source item had "Private" set to "false" and no source items had "Private" set to "true".
             The ImageRuntimeVersion for this reference is "".
         Primary reference "System.ValueTuple, Version=8.0.0.0, Culture=neutral, PublicKeyToken=cc7b13ffcd2ddd51".
             Resolved file path is "/usr/lib/dotnet/packs/Microsoft.NETCore.App.Ref/8.0.16/ref/net8.0/System.ValueTuple.dll".
             Reference found at search path location "{RawFileName}".
             This reference is not "CopyLocal" because at least one source item had "Private" set to "false" and no source items had "Private" set to "true".
             The ImageRuntimeVersion for this reference is "".
         Primary reference "System.Web.HttpUtility, Version=8.0.0.0, Culture=neutral, PublicKeyToken=cc7b13ffcd2ddd51".
             Resolved file path is "/usr/lib/dotnet/packs/Microsoft.NETCore.App.Ref/8.0.16/ref/net8.0/System.Web.HttpUtility.dll".
             Reference found at search path location "{RawFileName}".
             This reference is not "CopyLocal" because at least one source item had "Private" set to "false" and no source items had "Private" set to "true".
             The ImageRuntimeVersion for this reference is "".
         Primary reference "System.Web, Version=4.0.0.0, Culture=neutral, PublicKeyToken=b03f5f7f11d50a3a".
             Resolved file path is "/usr/lib/dotnet/packs/Microsoft.NETCore.App.Ref/8.0.16/ref/net8.0/System.Web.dll".
             Reference found at search path location "{RawFileName}".
             This reference is not "CopyLocal" because at least one source item had "Private" set to "false" and no source items had "Private" set to "true".
             The ImageRuntimeVersion for this reference is "".
         Primary reference "System.Windows, Version=4.0.0.0, Culture=neutral, PublicKeyToken=b03f5f7f11d50a3a".
             Resolved file path is "/usr/lib/dotnet/packs/Microsoft.NETCore.App.Ref/8.0.16/ref/net8.0/System.Windows.dll".
             Reference found at search path location "{RawFileName}".
             This reference is not "CopyLocal" because at least one source item had "Private" set to "false" and no source items had "Private" set to "true".
             The ImageRuntimeVersion for this reference is "".
         Primary reference "System.Xml.Linq, Version=4.0.0.0, Culture=neutral, PublicKeyToken=b77a5c561934e089".
             Resolved file path is "/usr/lib/dotnet/packs/Microsoft.NETCore.App.Ref/8.0.16/ref/net8.0/System.Xml.Linq.dll".
             Reference found at search path location "{RawFileName}".
             This reference is not "CopyLocal" because at least one source item had "Private" set to "false" and no source items had "Private" set to "true".
             The ImageRuntimeVersion for this reference is "".
         Primary reference "System.Xml.ReaderWriter, Version=8.0.0.0, Culture=neutral, PublicKeyToken=b03f5f7f11d50a3a".
             Resolved file path is "/usr/lib/dotnet/packs/Microsoft.NETCore.App.Ref/8.0.16/ref/net8.0/System.Xml.ReaderWriter.dll".
             Reference found at search path location "{RawFileName}".
             This reference is not "CopyLocal" because at least one source item had "Private" set to "false" and no source items had "Private" set to "true".
             The ImageRuntimeVersion for this reference is "".
         Primary reference "System.Xml.Serialization, Version=4.0.0.0, Culture=neutral, PublicKeyToken=b77a5c561934e089".
             Resolved file path is "/usr/lib/dotnet/packs/Microsoft.NETCore.App.Ref/8.0.16/ref/net8.0/System.Xml.Serialization.dll".
             Reference found at search path location "{RawFileName}".
             This reference is not "CopyLocal" because at least one source item had "Private" set to "false" and no source items had "Private" set to "true".
             The ImageRuntimeVersion for this reference is "".
         Primary reference "System.Xml.XDocument, Version=8.0.0.0, Culture=neutral, PublicKeyToken=b03f5f7f11d50a3a".
             Resolved file path is "/usr/lib/dotnet/packs/Microsoft.NETCore.App.Ref/8.0.16/ref/net8.0/System.Xml.XDocument.dll".
             Reference found at search path location "{RawFileName}".
             This reference is not "CopyLocal" because at least one source item had "Private" set to "false" and no source items had "Private" set to "true".
             The ImageRuntimeVersion for this reference is "".
         Primary reference "System.Xml.XPath.XDocument, Version=8.0.0.0, Culture=neutral, PublicKeyToken=b03f5f7f11d50a3a".
             Resolved file path is "/usr/lib/dotnet/packs/Microsoft.NETCore.App.Ref/8.0.16/ref/net8.0/System.Xml.XPath.XDocument.dll".
             Reference found at search path location "{RawFileName}".
             This reference is not "CopyLocal" because at least one source item had "Private" set to "false" and no source items had "Private" set to "true".
             The ImageRuntimeVersion for this reference is "".
         Primary reference "System.Xml.XPath, Version=8.0.0.0, Culture=neutral, PublicKeyToken=b03f5f7f11d50a3a".
             Resolved file path is "/usr/lib/dotnet/packs/Microsoft.NETCore.App.Ref/8.0.16/ref/net8.0/System.Xml.XPath.dll".
             Reference found at search path location "{RawFileName}".
             This reference is not "CopyLocal" because at least one source item had "Private" set to "false" and no source items had "Private" set to "true".
             The ImageRuntimeVersion for this reference is "".
         Primary reference "System.Xml.XmlDocument, Version=8.0.0.0, Culture=neutral, PublicKeyToken=b03f5f7f11d50a3a".
             Resolved file path is "/usr/lib/dotnet/packs/Microsoft.NETCore.App.Ref/8.0.16/ref/net8.0/System.Xml.XmlDocument.dll".
             Reference found at search path location "{RawFileName}".
             This reference is not "CopyLocal" because at least one source item had "Private" set to "false" and no source items had "Private" set to "true".
             The ImageRuntimeVersion for this reference is "".
         Primary reference "System.Xml.XmlSerializer, Version=8.0.0.0, Culture=neutral, PublicKeyToken=b03f5f7f11d50a3a".
             Resolved file path is "/usr/lib/dotnet/packs/Microsoft.NETCore.App.Ref/8.0.16/ref/net8.0/System.Xml.XmlSerializer.dll".
             Reference found at search path location "{RawFileName}".
             This reference is not "CopyLocal" because at least one source item had "Private" set to "false" and no source items had "Private" set to "true".
             The ImageRuntimeVersion for this reference is "".
         Primary reference "System.Xml, Version=4.0.0.0, Culture=neutral, PublicKeyToken=b77a5c561934e089".
             Resolved file path is "/usr/lib/dotnet/packs/Microsoft.NETCore.App.Ref/8.0.16/ref/net8.0/System.Xml.dll".
             Reference found at search path location "{RawFileName}".
             This reference is not "CopyLocal" because at least one source item had "Private" set to "false" and no source items had "Private" set to "true".
             The ImageRuntimeVersion for this reference is "".
         Primary reference "System, Version=4.0.0.0, Culture=neutral, PublicKeyToken=b77a5c561934e089".
             Resolved file path is "/usr/lib/dotnet/packs/Microsoft.NETCore.App.Ref/8.0.16/ref/net8.0/System.dll".
             Reference found at search path location "{RawFileName}".
             This reference is not "CopyLocal" because at least one source item had "Private" set to "false" and no source items had "Private" set to "true".
             The ImageRuntimeVersion for this reference is "".
         Primary reference "WindowsBase, Version=4.0.0.0, Culture=neutral, PublicKeyToken=31bf3856ad364e35".
             Resolved file path is "/usr/lib/dotnet/packs/Microsoft.NETCore.App.Ref/8.0.16/ref/net8.0/WindowsBase.dll".
             Reference found at search path location "{RawFileName}".
             This reference is not "CopyLocal" because at least one source item had "Private" set to "false" and no source items had "Private" set to "true".
             The ImageRuntimeVersion for this reference is "".
         Primary reference "mscorlib, Version=4.0.0.0, Culture=neutral, PublicKeyToken=b77a5c561934e089".
             Resolved file path is "/usr/lib/dotnet/packs/Microsoft.NETCore.App.Ref/8.0.16/ref/net8.0/mscorlib.dll".
             Reference found at search path location "{RawFileName}".
             This reference is not "CopyLocal" because at least one source item had "Private" set to "false" and no source items had "Private" set to "true".
             The ImageRuntimeVersion for this reference is "".
         Primary reference "netstandard, Version=2.1.0.0, Culture=neutral, PublicKeyToken=cc7b13ffcd2ddd51".
             Resolved file path is "/usr/lib/dotnet/packs/Microsoft.NETCore.App.Ref/8.0.16/ref/net8.0/netstandard.dll".
             Reference found at search path location "{RawFileName}".
             This reference is not "CopyLocal" because at least one source item had "Private" set to "false" and no source items had "Private" set to "true".
             The ImageRuntimeVersion for this reference is "".
       Done executing task "ResolveAssemblyReference".
   2:6>Done building target "ResolveAssemblyReferences" in project "Microsoft.Practices.Prism.PubSubEvents.csproj".
       Target "GenerateBindingRedirects" skipped, due to false condition; ('$(AutoGenerateBindingRedirects)' == 'true' and '$(GenerateBindingRedirectsOutputType)' == 'true' and '@(SuggestedBindingRedirects)' != '' and '$(DesignTimeBuild)' != 'true' and '$(BuildingProject)' == 'true') was evaluated as ('' == 'true' and '' == 'true' and '' != '' and '' != 'true' and 'true' == 'true').
       Target "GenerateSupportedRuntime" skipped, due to false condition; ('$(GenerateSupportedRuntime)' != 'false' and '$(TargetFrameworkIdentifier)' == '.NETFramework' and '$(HasRuntimeOutput)' == 'true') was evaluated as ('' != 'false' and '.NETCoreApp' == '.NETFramework' and '' == 'true').
       Target "GenerateBindingRedirectsUpdateAppConfig" skipped, due to false condition; ('$(AutoGenerateBindingRedirects)' == 'true' and '$(GenerateBindingRedirectsOutputType)' == 'true') was evaluated as ('' == 'true' and '' == 'true').
       Target "ResolveComReferences" skipped, due to false condition; ('@(COMReference)'!='' or '@(COMFileReference)'!='') was evaluated as (''!='' or ''!='').
   2:6>Target "AfterResolveReferences" in file "/usr/lib/dotnet/sdk/8.0.116/Microsoft.Common.CurrentVersion.targets" from project "/app/Prism.PubSubEvents/Microsoft.Practices.Prism.PubSubEvents.csproj" (target "ResolveReferences" depends on it):
   2:6>Done building target "AfterResolveReferences" in project "Microsoft.Practices.Prism.PubSubEvents.csproj".
   2:6>Target "ResolveReferences" in file "/usr/lib/dotnet/sdk/8.0.116/Microsoft.Common.CurrentVersion.targets" from project "/app/Prism.PubSubEvents/Microsoft.Practices.Prism.PubSubEvents.csproj" (target "_BlockWinMDsOnUnsupportedTFMs" depends on it):
   2:6>Done building target "ResolveReferences" in project "Microsoft.Practices.Prism.PubSubEvents.csproj".
   2:6>Target "_BlockWinMDsOnUnsupportedTFMs" in file "/usr/lib/dotnet/sdk/8.0.116/Sdks/Microsoft.NET.Sdk/targets/Microsoft.NET.Sdk.targets" from project "/app/Prism.PubSubEvents/Microsoft.Practices.Prism.PubSubEvents.csproj" (target "CoreBuild" depends on it):
       Using "CheckForUnsupportedWinMDReferences" task from assembly "/usr/lib/dotnet/sdk/8.0.116/Sdks/Microsoft.NET.Sdk/targets/../tools/net8.0/Microsoft.NET.Build.Tasks.dll".
       Task "CheckForUnsupportedWinMDReferences"
       Done executing task "CheckForUnsupportedWinMDReferences".
       Task "NETSdkError" skipped, due to false condition; ('$(OutputType)' == 'winmdobj') was evaluated as ('Library' == 'winmdobj').
   2:6>Done building target "_BlockWinMDsOnUnsupportedTFMs" in project "Microsoft.Practices.Prism.PubSubEvents.csproj".
       Target "ResolveReferences" skipped. Previously built successfully.
       Target "ResolvePackageDependenciesForBuild" skipped. Previously built successfully.
       Target "_HandlePackageFileConflicts" skipped. Previously built successfully.
   2:6>Target "CopyAdditionalFiles" in file "/usr/lib/dotnet/sdk/8.0.116/Roslyn/Microsoft.Managed.Core.targets" from project "/app/Prism.PubSubEvents/Microsoft.Practices.Prism.PubSubEvents.csproj" (target "AssignTargetPaths" depends on it):
   2:6>Done building target "CopyAdditionalFiles" in project "Microsoft.Practices.Prism.PubSubEvents.csproj".
       Target "_ChooseAppHost" skipped, due to false condition; ('$(UseAppHost)' == 'true' and '$(_IsExecutable)' == 'true') was evaluated as ('' == 'true' and '' == 'true').
       Target "_GetComHostPaths" skipped, due to false condition; ('$(EnableComHosting)' == 'true' and '$(_IsExecutable)' != 'true') was evaluated as ('' == 'true' and '' != 'true').
       Target "_GetIjwHostPaths" skipped, due to false condition; ('$(UseIJWHost)' == 'true') was evaluated as ('' == 'true').
   2:6>Target "_ComputeNETCoreBuildOutputFiles" in file "/usr/lib/dotnet/sdk/8.0.116/Sdks/Microsoft.NET.Sdk/targets/Microsoft.NET.Sdk.targets" from project "/app/Prism.PubSubEvents/Microsoft.Practices.Prism.PubSubEvents.csproj" (target "AssignTargetPaths" depends on it):
   2:6>Done building target "_ComputeNETCoreBuildOutputFiles" in project "Microsoft.Practices.Prism.PubSubEvents.csproj".
   2:6>Target "AssignTargetPaths" in file "/usr/lib/dotnet/sdk/8.0.116/Microsoft.Common.CurrentVersion.targets" from project "/app/Prism.PubSubEvents/Microsoft.Practices.Prism.PubSubEvents.csproj" (target "PrepareResourceNames" depends on it):
       Using "AssignTargetPath" task from assembly "Microsoft.Build.Tasks.Core, Version=15.1.0.0, Culture=neutral, PublicKeyToken=b03f5f7f11d50a3a".
       Task "AssignTargetPath"
       Done executing task "AssignTargetPath".
       Task "AssignTargetPath"
       Done executing task "AssignTargetPath".
       Task "AssignTargetPath"
       Done executing task "AssignTargetPath".
       Task "AssignTargetPath"
       Done executing task "AssignTargetPath".
       Task "AssignTargetPath" skipped, due to false condition; ('@(_DeploymentBaseManifestWithTargetPath)'=='' and '%(None.Extension)'=='.manifest') was evaluated as (''=='' and ''=='.manifest').
   2:6>Done building target "AssignTargetPaths" in project "Microsoft.Practices.Prism.PubSubEvents.csproj".
       Target "AssignTargetPaths" skipped. Previously built successfully.
   2:6>Target "SplitResourcesByCulture" in file "/usr/lib/dotnet/sdk/8.0.116/Microsoft.Common.CurrentVersion.targets" from project "/app/Prism.PubSubEvents/Microsoft.Practices.Prism.PubSubEvents.csproj" (target "PrepareResourceNames" depends on it):
       Task "Warning" skipped, due to false condition; ('@(ResxWithNoCulture)'!='') was evaluated as (''!='').
       Task "Warning" skipped, due to false condition; ('@(ResxWithCulture)'!='') was evaluated as (''!='').
       Task "Warning" skipped, due to false condition; ('@(NonResxWithCulture)'!='') was evaluated as (''!='').
       Task "Warning" skipped, due to false condition; ('@(NonResxWithNoCulture)'!='') was evaluated as (''!='').
       Using "AssignCulture" task from assembly "Microsoft.Build.Tasks.Core, Version=15.1.0.0, Culture=neutral, PublicKeyToken=b03f5f7f11d50a3a".
       Task "AssignCulture"
         Culture of "" was assigned to file "Properties/Resources.resx".
       Done executing task "AssignCulture".
   2:6>Done building target "SplitResourcesByCulture" in project "Microsoft.Practices.Prism.PubSubEvents.csproj".
   2:6>Target "CreateManifestResourceNames" in file "/usr/lib/dotnet/sdk/8.0.116/Microsoft.CSharp.CurrentVersion.targets" from project "/app/Prism.PubSubEvents/Microsoft.Practices.Prism.PubSubEvents.csproj" (target "PrepareResourceNames" depends on it):
       Using "CreateCSharpManifestResourceName" task from assembly "Microsoft.Build.Tasks.Core, Version=15.1.0.0, Culture=neutral, PublicKeyToken=b03f5f7f11d50a3a".
       Task "CreateCSharpManifestResourceName"
         Root namespace is 'Microsoft.Practices.Prism.PubSubEvents'.
         Resource file 'Properties/Resources.resx' doesn't depend on any other file.
         Resource file 'Properties/Resources.resx' gets manifest resource name 'Microsoft.Practices.Prism.PubSubEvents.Properties.Resources'.
       Done executing task "CreateCSharpManifestResourceName".
       Task "CreateCSharpManifestResourceName" skipped, due to false condition; ('%(EmbeddedResource.ManifestResourceName)' == '' and '%(EmbeddedResource.WithCulture)' == 'true' and '%(EmbeddedResource.Type)' == 'Non-Resx') was evaluated as ('' == '' and 'false' == 'true' and 'Resx' == 'Non-Resx').
   2:6>Done building target "CreateManifestResourceNames" in project "Microsoft.Practices.Prism.PubSubEvents.csproj".
   2:6>Target "CreateCustomManifestResourceNames" in file "/usr/lib/dotnet/sdk/8.0.116/Microsoft.Common.CurrentVersion.targets" from project "/app/Prism.PubSubEvents/Microsoft.Practices.Prism.PubSubEvents.csproj" (target "PrepareResourceNames" depends on it):
   2:6>Done building target "CreateCustomManifestResourceNames" in project "Microsoft.Practices.Prism.PubSubEvents.csproj".
   2:6>Target "PrepareResourceNames" in file "/usr/lib/dotnet/sdk/8.0.116/Microsoft.Common.CurrentVersion.targets" from project "/app/Prism.PubSubEvents/Microsoft.Practices.Prism.PubSubEvents.csproj" (target "PrepareResources" depends on it):
   2:6>Done building target "PrepareResourceNames" in project "Microsoft.Practices.Prism.PubSubEvents.csproj".
       Target "ResolveAssemblyReferences" skipped. Previously built successfully.
       Target "SplitResourcesByCulture" skipped. Previously built successfully.
   2:6>Target "BeforeResGen" in file "/usr/lib/dotnet/sdk/8.0.116/Microsoft.Common.CurrentVersion.targets" from project "/app/Prism.PubSubEvents/Microsoft.Practices.Prism.PubSubEvents.csproj" (target "ResGen" depends on it):
   2:6>Done building target "BeforeResGen" in project "Microsoft.Practices.Prism.PubSubEvents.csproj".
       Target "ResolveReferences" skipped. Previously built successfully.
   2:6>Target "FindReferenceAssembliesForReferences" in file "/usr/lib/dotnet/sdk/8.0.116/Microsoft.Common.CurrentVersion.targets" from project "/app/Prism.PubSubEvents/Microsoft.Practices.Prism.PubSubEvents.csproj" (target "CoreResGen" depends on it):
   2:6>Done building target "FindReferenceAssembliesForReferences" in project "Microsoft.Practices.Prism.PubSubEvents.csproj".
   2:6>Target "CoreResGen" in file "/usr/lib/dotnet/sdk/8.0.116/Microsoft.Common.CurrentVersion.targets" from project "/app/Prism.PubSubEvents/Microsoft.Practices.Prism.PubSubEvents.csproj" (target "ResGen" depends on it):
       Using "GenerateResource" task from assembly "Microsoft.Build.Tasks.Core, Version=15.1.0.0, Culture=neutral, PublicKeyToken=b03f5f7f11d50a3a".
       Task "GenerateResource"
         Output file "obj/Debug/net8.0/Microsoft.Practices.Prism.PubSubEvents.Properties.Resources.resources" does not exist.
         resgen.exe /useSourcePath /r:/usr/lib/dotnet/packs/Microsoft.NETCore.App.Ref/8.0.16/ref/net8.0/Microsoft.CSharp.dll /r:/usr/lib/dotnet/packs/Microsoft.NETCore.App.Ref/8.0.16/ref/net8.0/Microsoft.VisualBasic.Core.dll /r:/usr/lib/dotnet/packs/Microsoft.NETCore.App.Ref/8.0.16/ref/net8.0/Microsoft.VisualBasic.dll /r:/usr/lib/dotnet/packs/Microsoft.NETCore.App.Ref/8.0.16/ref/net8.0/Microsoft.Win32.Primitives.dll /r:/usr/lib/dotnet/packs/Microsoft.NETCore.App.Ref/8.0.16/ref/net8.0/Microsoft.Win32.Registry.dll /r:/usr/lib/dotnet/packs/Microsoft.NETCore.App.Ref/8.0.16/ref/net8.0/mscorlib.dll /r:/usr/lib/dotnet/packs/Microsoft.NETCore.App.Ref/8.0.16/ref/net8.0/netstandard.dll /r:/usr/lib/dotnet/packs/Microsoft.NETCore.App.Ref/8.0.16/ref/net8.0/System.AppContext.dll /r:/usr/lib/dotnet/packs/Microsoft.NETCore.App.Ref/8.0.16/ref/net8.0/System.Buffers.dll /r:/usr/lib/dotnet/packs/Microsoft.NETCore.App.Ref/8.0.16/ref/net8.0/System.Collections.Concurrent.dll /r:/usr/lib/dotnet/packs/Microsoft.NETCore.App.Ref/8.0.16/ref/net8.0/System.Collections.dll /r:/usr/lib/dotnet/packs/Microsoft.NETCore.App.Ref/8.0.16/ref/net8.0/System.Collections.Immutable.dll /r:/usr/lib/dotnet/packs/Microsoft.NETCore.App.Ref/8.0.16/ref/net8.0/System.Collections.NonGeneric.dll /r:/usr/lib/dotnet/packs/Microsoft.NETCore.App.Ref/8.0.16/ref/net8.0/System.Collections.Specialized.dll /r:/usr/lib/dotnet/packs/Microsoft.NETCore.App.Ref/8.0.16/ref/net8.0/System.ComponentModel.Annotations.dll /r:/usr/lib/dotnet/packs/Microsoft.NETCore.App.Ref/8.0.16/ref/net8.0/System.ComponentModel.DataAnnotations.dll /r:/usr/lib/dotnet/packs/Microsoft.NETCore.App.Ref/8.0.16/ref/net8.0/System.ComponentModel.dll /r:/usr/lib/dotnet/packs/Microsoft.NETCore.App.Ref/8.0.16/ref/net8.0/System.ComponentModel.EventBasedAsync.dll /r:/usr/lib/dotnet/packs/Microsoft.NETCore.App.Ref/8.0.16/ref/net8.0/System.ComponentModel.Primitives.dll /r:/usr/lib/dotnet/packs/Microsoft.NETCore.App.Ref/8.0.16/ref/net8.0/System.ComponentModel.TypeConverter.dll /r:/usr/lib/dotnet/packs/Microsoft.NETCore.App.Ref/8.0.16/ref/net8.0/System.Configuration.dll /r:/usr/lib/dotnet/packs/Microsoft.NETCore.App.Ref/8.0.16/ref/net8.0/System.Console.dll /r:/usr/lib/dotnet/packs/Microsoft.NETCore.App.Ref/8.0.16/ref/net8.0/System.Core.dll /r:/usr/lib/dotnet/packs/Microsoft.NETCore.App.Ref/8.0.16/ref/net8.0/System.Data.Common.dll /r:/usr/lib/dotnet/packs/Microsoft.NETCore.App.Ref/8.0.16/ref/net8.0/System.Data.DataSetExtensions.dll /r:/usr/lib/dotnet/packs/Microsoft.NETCore.App.Ref/8.0.16/ref/net8.0/System.Data.dll /r:/usr/lib/dotnet/packs/Microsoft.NETCore.App.Ref/8.0.16/ref/net8.0/System.Diagnostics.Contracts.dll /r:/usr/lib/dotnet/packs/Microsoft.NETCore.App.Ref/8.0.16/ref/net8.0/System.Diagnostics.Debug.dll /r:/usr/lib/dotnet/packs/Microsoft.NETCore.App.Ref/8.0.16/ref/net8.0/System.Diagnostics.DiagnosticSource.dll /r:/usr/lib/dotnet/packs/Microsoft.NETCore.App.Ref/8.0.16/ref/net8.0/System.Diagnostics.FileVersionInfo.dll /r:/usr/lib/dotnet/packs/Microsoft.NETCore.App.Ref/8.0.16/ref/net8.0/System.Diagnostics.Process.dll /r:/usr/lib/dotnet/packs/Microsoft.NETCore.App.Ref/8.0.16/ref/net8.0/System.Diagnostics.StackTrace.dll /r:/usr/lib/dotnet/packs/Microsoft.NETCore.App.Ref/8.0.16/ref/net8.0/System.Diagnostics.TextWriterTraceListener.dll /r:/usr/lib/dotnet/packs/Microsoft.NETCore.App.Ref/8.0.16/ref/net8.0/System.Diagnostics.Tools.dll /r:/usr/lib/dotnet/packs/Microsoft.NETCore.App.Ref/8.0.16/ref/net8.0/System.Diagnostics.TraceSource.dll /r:/usr/lib/dotnet/packs/Microsoft.NETCore.App.Ref/8.0.16/ref/net8.0/System.Diagnostics.Tracing.dll /r:/usr/lib/dotnet/packs/Microsoft.NETCore.App.Ref/8.0.16/ref/net8.0/System.dll /r:/usr/lib/dotnet/packs/Microsoft.NETCore.App.Ref/8.0.16/ref/net8.0/System.Drawing.dll /r:/usr/lib/dotnet/packs/Microsoft.NETCore.App.Ref/8.0.16/ref/net8.0/System.Drawing.Primitives.dll /r:/usr/lib/dotnet/packs/Microsoft.NETCore.App.Ref/8.0.16/ref/net8.0/System.Dynamic.Runtime.dll /r:/usr/lib/dotnet/packs/Microsoft.NETCore.App.Ref/8.0.16/ref/net8.0/System.Formats.Asn1.dll /r:/usr/lib/dotnet/packs/Microsoft.NETCore.App.Ref/8.0.16/ref/net8.0/System.Formats.Tar.dll /r:/usr/lib/dotnet/packs/Microsoft.NETCore.App.Ref/8.0.16/ref/net8.0/System.Globalization.Calendars.dll /r:/usr/lib/dotnet/packs/Microsoft.NETCore.App.Ref/8.0.16/ref/net8.0/System.Globalization.dll /r:/usr/lib/dotnet/packs/Microsoft.NETCore.App.Ref/8.0.16/ref/net8.0/System.Globalization.Extensions.dll /r:/usr/lib/dotnet/packs/Microsoft.NETCore.App.Ref/8.0.16/ref/net8.0/System.IO.Compression.Brotli.dll /r:/usr/lib/dotnet/packs/Microsoft.NETCore.App.Ref/8.0.16/ref/net8.0/System.IO.Compression.dll /r:/usr/lib/dotnet/packs/Microsoft.NETCore.App.Ref/8.0.16/ref/net8.0/System.IO.Compression.FileSystem.dll /r:/usr/lib/dotnet/packs/Microsoft.NETCore.App.Ref/8.0.16/ref/net8.0/System.IO.Compression.ZipFile.dll /r:/usr/lib/dotnet/packs/Microsoft.NETCore.App.Ref/8.0.16/ref/net8.0/System.IO.dll /r:/usr/lib/dotnet/packs/Microsoft.NETCore.App.Ref/8.0.16/ref/net8.0/System.IO.FileSystem.AccessControl.dll /r:/usr/lib/dotnet/packs/Microsoft.NETCore.App.Ref/8.0.16/ref/net8.0/System.IO.FileSystem.dll /r:/usr/lib/dotnet/packs/Microsoft.NETCore.App.Ref/8.0.16/ref/net8.0/System.IO.FileSystem.DriveInfo.dll /r:/usr/lib/dotnet/packs/Microsoft.NETCore.App.Ref/8.0.16/ref/net8.0/System.IO.FileSystem.Primitives.dll /r:/usr/lib/dotnet/packs/Microsoft.NETCore.App.Ref/8.0.16/ref/net8.0/System.IO.FileSystem.Watcher.dll /r:/usr/lib/dotnet/packs/Microsoft.NETCore.App.Ref/8.0.16/ref/net8.0/System.IO.IsolatedStorage.dll /r:/usr/lib/dotnet/packs/Microsoft.NETCore.App.Ref/8.0.16/ref/net8.0/System.IO.MemoryMappedFiles.dll /r:/usr/lib/dotnet/packs/Microsoft.NETCore.App.Ref/8.0.16/ref/net8.0/System.IO.Pipes.AccessControl.dll /r:/usr/lib/dotnet/packs/Microsoft.NETCore.App.Ref/8.0.16/ref/net8.0/System.IO.Pipes.dll /r:/usr/lib/dotnet/packs/Microsoft.NETCore.App.Ref/8.0.16/ref/net8.0/System.IO.UnmanagedMemoryStream.dll /r:/usr/lib/dotnet/packs/Microsoft.NETCore.App.Ref/8.0.16/ref/net8.0/System.Linq.dll /r:/usr/lib/dotnet/packs/Microsoft.NETCore.App.Ref/8.0.16/ref/net8.0/System.Linq.Expressions.dll /r:/usr/lib/dotnet/packs/Microsoft.NETCore.App.Ref/8.0.16/ref/net8.0/System.Linq.Parallel.dll /r:/usr/lib/dotnet/packs/Microsoft.NETCore.App.Ref/8.0.16/ref/net8.0/System.Linq.Queryable.dll /r:/usr/lib/dotnet/packs/Microsoft.NETCore.App.Ref/8.0.16/ref/net8.0/System.Memory.dll /r:/usr/lib/dotnet/packs/Microsoft.NETCore.App.Ref/8.0.16/ref/net8.0/System.Net.dll /r:/usr/lib/dotnet/packs/Microsoft.NETCore.App.Ref/8.0.16/ref/net8.0/System.Net.Http.dll /r:/usr/lib/dotnet/packs/Microsoft.NETCore.App.Ref/8.0.16/ref/net8.0/System.Net.Http.Json.dll /r:/usr/lib/dotnet/packs/Microsoft.NETCore.App.Ref/8.0.16/ref/net8.0/System.Net.HttpListener.dll /r:/usr/lib/dotnet/packs/Microsoft.NETCore.App.Ref/8.0.16/ref/net8.0/System.Net.Mail.dll /r:/usr/lib/dotnet/packs/Microsoft.NETCore.App.Ref/8.0.16/ref/net8.0/System.Net.NameResolution.dll /r:/usr/lib/dotnet/packs/Microsoft.NETCore.App.Ref/8.0.16/ref/net8.0/System.Net.NetworkInformation.dll /r:/usr/lib/dotnet/packs/Microsoft.NETCore.App.Ref/8.0.16/ref/net8.0/System.Net.Ping.dll /r:/usr/lib/dotnet/packs/Microsoft.NETCore.App.Ref/8.0.16/ref/net8.0/System.Net.Primitives.dll /r:/usr/lib/dotnet/packs/Microsoft.NETCore.App.Ref/8.0.16/ref/net8.0/System.Net.Quic.dll /r:/usr/lib/dotnet/packs/Microsoft.NETCore.App.Ref/8.0.16/ref/net8.0/System.Net.Requests.dll /r:/usr/lib/dotnet/packs/Microsoft.NETCore.App.Ref/8.0.16/ref/net8.0/System.Net.Security.dll /r:/usr/lib/dotnet/packs/Microsoft.NETCore.App.Ref/8.0.16/ref/net8.0/System.Net.ServicePoint.dll /r:/usr/lib/dotnet/packs/Microsoft.NETCore.App.Ref/8.0.16/ref/net8.0/System.Net.Sockets.dll /r:/usr/lib/dotnet/packs/Microsoft.NETCore.App.Ref/8.0.16/ref/net8.0/System.Net.WebClient.dll /r:/usr/lib/dotnet/packs/Microsoft.NETCore.App.Ref/8.0.16/ref/net8.0/System.Net.WebHeaderCollection.dll /r:/usr/lib/dotnet/packs/Microsoft.NETCore.App.Ref/8.0.16/ref/net8.0/System.Net.WebProxy.dll /r:/usr/lib/dotnet/packs/Microsoft.NETCore.App.Ref/8.0.16/ref/net8.0/System.Net.WebSockets.Client.dll /r:/usr/lib/dotnet/packs/Microsoft.NETCore.App.Ref/8.0.16/ref/net8.0/System.Net.WebSockets.dll /r:/usr/lib/dotnet/packs/Microsoft.NETCore.App.Ref/8.0.16/ref/net8.0/System.Numerics.dll /r:/usr/lib/dotnet/packs/Microsoft.NETCore.App.Ref/8.0.16/ref/net8.0/System.Numerics.Vectors.dll /r:/usr/lib/dotnet/packs/Microsoft.NETCore.App.Ref/8.0.16/ref/net8.0/System.ObjectModel.dll /r:/usr/lib/dotnet/packs/Microsoft.NETCore.App.Ref/8.0.16/ref/net8.0/System.Reflection.DispatchProxy.dll /r:/usr/lib/dotnet/packs/Microsoft.NETCore.App.Ref/8.0.16/ref/net8.0/System.Reflection.dll /r:/usr/lib/dotnet/packs/Microsoft.NETCore.App.Ref/8.0.16/ref/net8.0/System.Reflection.Emit.dll /r:/usr/lib/dotnet/packs/Microsoft.NETCore.App.Ref/8.0.16/ref/net8.0/System.Reflection.Emit.ILGeneration.dll /r:/usr/lib/dotnet/packs/Microsoft.NETCore.App.Ref/8.0.16/ref/net8.0/System.Reflection.Emit.Lightweight.dll /r:/usr/lib/dotnet/packs/Microsoft.NETCore.App.Ref/8.0.16/ref/net8.0/System.Reflection.Extensions.dll /r:/usr/lib/dotnet/packs/Microsoft.NETCore.App.Ref/8.0.16/ref/net8.0/System.Reflection.Metadata.dll /r:/usr/lib/dotnet/packs/Microsoft.NETCore.App.Ref/8.0.16/ref/net8.0/System.Reflection.Primitives.dll /r:/usr/lib/dotnet/packs/Microsoft.NETCore.App.Ref/8.0.16/ref/net8.0/System.Reflection.TypeExtensions.dll /r:/usr/lib/dotnet/packs/Microsoft.NETCore.App.Ref/8.0.16/ref/net8.0/System.Resources.Reader.dll /r:/usr/lib/dotnet/packs/Microsoft.NETCore.App.Ref/8.0.16/ref/net8.0/System.Resources.ResourceManager.dll /r:/usr/lib/dotnet/packs/Microsoft.NETCore.App.Ref/8.0.16/ref/net8.0/System.Resources.Writer.dll /r:/usr/lib/dotnet/packs/Microsoft.NETCore.App.Ref/8.0.16/ref/net8.0/System.Runtime.CompilerServices.Unsafe.dll /r:/usr/lib/dotnet/packs/Microsoft.NETCore.App.Ref/8.0.16/ref/net8.0/System.Runtime.CompilerServices.VisualC.dll /r:/usr/lib/dotnet/packs/Microsoft.NETCore.App.Ref/8.0.16/ref/net8.0/System.Runtime.dll /r:/usr/lib/dotnet/packs/Microsoft.NETCore.App.Ref/8.0.16/ref/net8.0/System.Runtime.Extensions.dll /r:/usr/lib/dotnet/packs/Microsoft.NETCore.App.Ref/8.0.16/ref/net8.0/System.Runtime.Handles.dll /r:/usr/lib/dotnet/packs/Microsoft.NETCore.App.Ref/8.0.16/ref/net8.0/System.Runtime.InteropServices.dll /r:/usr/lib/dotnet/packs/Microsoft.NETCore.App.Ref/8.0.16/ref/net8.0/System.Runtime.InteropServices.JavaScript.dll /r:/usr/lib/dotnet/packs/Microsoft.NETCore.App.Ref/8.0.16/ref/net8.0/System.Runtime.InteropServices.RuntimeInformation.dll /r:/usr/lib/dotnet/packs/Microsoft.NETCore.App.Ref/8.0.16/ref/net8.0/System.Runtime.Intrinsics.dll /r:/usr/lib/dotnet/packs/Microsoft.NETCore.App.Ref/8.0.16/ref/net8.0/System.Runtime.Loader.dll /r:/usr/lib/dotnet/packs/Microsoft.NETCore.App.Ref/8.0.16/ref/net8.0/System.Runtime.Numerics.dll /r:/usr/lib/dotnet/packs/Microsoft.NETCore.App.Ref/8.0.16/ref/net8.0/System.Runtime.Serialization.dll /r:/usr/lib/dotnet/packs/Microsoft.NETCore.App.Ref/8.0.16/ref/net8.0/System.Runtime.Serialization.Formatters.dll /r:/usr/lib/dotnet/packs/Microsoft.NETCore.App.Ref/8.0.16/ref/net8.0/System.Runtime.Serialization.Json.dll /r:/usr/lib/dotnet/packs/Microsoft.NETCore.App.Ref/8.0.16/ref/net8.0/System.Runtime.Serialization.Primitives.dll /r:/usr/lib/dotnet/packs/Microsoft.NETCore.App.Ref/8.0.16/ref/net8.0/System.Runtime.Serialization.Xml.dll /r:/usr/lib/dotnet/packs/Microsoft.NETCore.App.Ref/8.0.16/ref/net8.0/System.Security.AccessControl.dll /r:/usr/lib/dotnet/packs/Microsoft.NETCore.App.Ref/8.0.16/ref/net8.0/System.Security.Claims.dll /r:/usr/lib/dotnet/packs/Microsoft.NETCore.App.Ref/8.0.16/ref/net8.0/System.Security.Cryptography.Algorithms.dll /r:/usr/lib/dotnet/packs/Microsoft.NETCore.App.Ref/8.0.16/ref/net8.0/System.Security.Cryptography.Cng.dll /r:/usr/lib/dotnet/packs/Microsoft.NETCore.App.Ref/8.0.16/ref/net8.0/System.Security.Cryptography.Csp.dll /r:/usr/lib/dotnet/packs/Microsoft.NETCore.App.Ref/8.0.16/ref/net8.0/System.Security.Cryptography.dll /r:/usr/lib/dotnet/packs/Microsoft.NETCore.App.Ref/8.0.16/ref/net8.0/System.Security.Cryptography.Encoding.dll /r:/usr/lib/dotnet/packs/Microsoft.NETCore.App.Ref/8.0.16/ref/net8.0/System.Security.Cryptography.OpenSsl.dll /r:/usr/lib/dotnet/packs/Microsoft.NETCore.App.Ref/8.0.16/ref/net8.0/System.Security.Cryptography.Primitives.dll /r:/usr/lib/dotnet/packs/Microsoft.NETCore.App.Ref/8.0.16/ref/net8.0/System.Security.Cryptography.X509Certificates.dll /r:/usr/lib/dotnet/packs/Microsoft.NETCore.App.Ref/8.0.16/ref/net8.0/System.Security.dll /r:/usr/lib/dotnet/packs/Microsoft.NETCore.App.Ref/8.0.16/ref/net8.0/System.Security.Principal.dll /r:/usr/lib/dotnet/packs/Microsoft.NETCore.App.Ref/8.0.16/ref/net8.0/System.Security.Principal.Windows.dll /r:/usr/lib/dotnet/packs/Microsoft.NETCore.App.Ref/8.0.16/ref/net8.0/System.Security.SecureString.dll /r:/usr/lib/dotnet/packs/Microsoft.NETCore.App.Ref/8.0.16/ref/net8.0/System.ServiceModel.Web.dll /r:/usr/lib/dotnet/packs/Microsoft.NETCore.App.Ref/8.0.16/ref/net8.0/System.ServiceProcess.dll /r:/usr/lib/dotnet/packs/Microsoft.NETCore.App.Ref/8.0.16/ref/net8.0/System.Text.Encoding.CodePages.dll /r:/usr/lib/dotnet/packs/Microsoft.NETCore.App.Ref/8.0.16/ref/net8.0/System.Text.Encoding.dll /r:/usr/lib/dotnet/packs/Microsoft.NETCore.App.Ref/8.0.16/ref/net8.0/System.Text.Encoding.Extensions.dll /r:/usr/lib/dotnet/packs/Microsoft.NETCore.App.Ref/8.0.16/ref/net8.0/System.Text.Encodings.Web.dll /r:/usr/lib/dotnet/packs/Microsoft.NETCore.App.Ref/8.0.16/ref/net8.0/System.Text.Json.dll /r:/usr/lib/dotnet/packs/Microsoft.NETCore.App.Ref/8.0.16/ref/net8.0/System.Text.RegularExpressions.dll /r:/usr/lib/dotnet/packs/Microsoft.NETCore.App.Ref/8.0.16/ref/net8.0/System.Threading.Channels.dll /r:/usr/lib/dotnet/packs/Microsoft.NETCore.App.Ref/8.0.16/ref/net8.0/System.Threading.dll /r:/usr/lib/dotnet/packs/Microsoft.NETCore.App.Ref/8.0.16/ref/net8.0/System.Threading.Overlapped.dll /r:/usr/lib/dotnet/packs/Microsoft.NETCore.App.Ref/8.0.16/ref/net8.0/System.Threading.Tasks.Dataflow.dll /r:/usr/lib/dotnet/packs/Microsoft.NETCore.App.Ref/8.0.16/ref/net8.0/System.Threading.Tasks.dll /r:/usr/lib/dotnet/packs/Microsoft.NETCore.App.Ref/8.0.16/ref/net8.0/System.Threading.Tasks.Extensions.dll /r:/usr/lib/dotnet/packs/Microsoft.NETCore.App.Ref/8.0.16/ref/net8.0/System.Threading.Tasks.Parallel.dll /r:/usr/lib/dotnet/packs/Microsoft.NETCore.App.Ref/8.0.16/ref/net8.0/System.Threading.Thread.dll /r:/usr/lib/dotnet/packs/Microsoft.NETCore.App.Ref/8.0.16/ref/net8.0/System.Threading.ThreadPool.dll /r:/usr/lib/dotnet/packs/Microsoft.NETCore.App.Ref/8.0.16/ref/net8.0/System.Threading.Timer.dll /r:/usr/lib/dotnet/packs/Microsoft.NETCore.App.Ref/8.0.16/ref/net8.0/System.Transactions.dll /r:/usr/lib/dotnet/packs/Microsoft.NETCore.App.Ref/8.0.16/ref/net8.0/System.Transactions.Local.dll /r:/usr/lib/dotnet/packs/Microsoft.NETCore.App.Ref/8.0.16/ref/net8.0/System.ValueTuple.dll /r:/usr/lib/dotnet/packs/Microsoft.NETCore.App.Ref/8.0.16/ref/net8.0/System.Web.dll /r:/usr/lib/dotnet/packs/Microsoft.NETCore.App.Ref/8.0.16/ref/net8.0/System.Web.HttpUtility.dll /r:/usr/lib/dotnet/packs/Microsoft.NETCore.App.Ref/8.0.16/ref/net8.0/System.Windows.dll /r:/usr/lib/dotnet/packs/Microsoft.NETCore.App.Ref/8.0.16/ref/net8.0/System.Xml.dll /r:/usr/lib/dotnet/packs/Microsoft.NETCore.App.Ref/8.0.16/ref/net8.0/System.Xml.Linq.dll /r:/usr/lib/dotnet/packs/Microsoft.NETCore.App.Ref/8.0.16/ref/net8.0/System.Xml.ReaderWriter.dll /r:/usr/lib/dotnet/packs/Microsoft.NETCore.App.Ref/8.0.16/ref/net8.0/System.Xml.Serialization.dll /r:/usr/lib/dotnet/packs/Microsoft.NETCore.App.Ref/8.0.16/ref/net8.0/System.Xml.XDocument.dll /r:/usr/lib/dotnet/packs/Microsoft.NETCore.App.Ref/8.0.16/ref/net8.0/System.Xml.XmlDocument.dll /r:/usr/lib/dotnet/packs/Microsoft.NETCore.App.Ref/8.0.16/ref/net8.0/System.Xml.XmlSerializer.dll /r:/usr/lib/dotnet/packs/Microsoft.NETCore.App.Ref/8.0.16/ref/net8.0/System.Xml.XPath.dll /r:/usr/lib/dotnet/packs/Microsoft.NETCore.App.Ref/8.0.16/ref/net8.0/System.Xml.XPath.XDocument.dll /r:/usr/lib/dotnet/packs/Microsoft.NETCore.App.Ref/8.0.16/ref/net8.0/WindowsBase.dll /compile Properties/Resources.resx,obj/Debug/net8.0/Microsoft.Practices.Prism.PubSubEvents.Properties.Resources.resources
         Processing resource file "Properties/Resources.resx" into "obj/Debug/net8.0/Microsoft.Practices.Prism.PubSubEvents.Properties.Resources.resources".
         Processing 3 resources from file "Properties/Resources.resx".
       Done executing task "GenerateResource".
       Task "GenerateResource" skipped, due to false condition; ('%(EmbeddedResource.Type)' == 'Resx' and '%(EmbeddedResource.GenerateResource)' != 'false' and '$(GenerateResourceMSBuildRuntime)' == 'CLR2') was evaluated as ('Resx' == 'Resx' and '' != 'false' and 'CurrentRuntime' == 'CLR2').
   2:6>Done building target "CoreResGen" in project "Microsoft.Practices.Prism.PubSubEvents.csproj".
   2:6>Target "AfterResGen" in file "/usr/lib/dotnet/sdk/8.0.116/Microsoft.Common.CurrentVersion.targets" from project "/app/Prism.PubSubEvents/Microsoft.Practices.Prism.PubSubEvents.csproj" (target "ResGen" depends on it):
   2:6>Done building target "AfterResGen" in project "Microsoft.Practices.Prism.PubSubEvents.csproj".
   2:6>Target "ResGen" in file "/usr/lib/dotnet/sdk/8.0.116/Microsoft.Common.CurrentVersion.targets" from project "/app/Prism.PubSubEvents/Microsoft.Practices.Prism.PubSubEvents.csproj" (target "PrepareResources" depends on it):
   2:6>Done building target "ResGen" in project "Microsoft.Practices.Prism.PubSubEvents.csproj".
       Target "CompileLicxFiles" skipped, due to false condition; ('@(_LicxFile)'!='') was evaluated as (''!='').
   2:6>Target "PrepareResources" in file "/usr/lib/dotnet/sdk/8.0.116/Microsoft.Common.CurrentVersion.targets" from project "/app/Prism.PubSubEvents/Microsoft.Practices.Prism.PubSubEvents.csproj" (target "CoreBuild" depends on it):
   2:6>Done building target "PrepareResources" in project "Microsoft.Practices.Prism.PubSubEvents.csproj".
       Target "ResolveKeySource" skipped, due to false condition; ($(SignManifests) == 'true' or $(SignAssembly) == 'true') was evaluated as ( == 'true' or false == 'true').
       Target "ResolveReferences" skipped. Previously built successfully.
       Target "ResolveKeySource" skipped, due to false condition; ($(SignManifests) == 'true' or $(SignAssembly) == 'true') was evaluated as ( == 'true' or false == 'true').
       Target "ResolveComReferences" skipped, due to false condition; ('@(COMReference)'!='' or '@(COMFileReference)'!='') was evaluated as (''!='' or ''!='').
       Target "ResolveNativeReferences" skipped, due to false condition; ('@(NativeReference)'!='') was evaluated as (''!='').
       Target "_SetExternalWin32ManifestProperties" skipped, due to false condition; ('$(GenerateClickOnceManifests)'=='true' or '@(NativeReference)'!='' or '@(ResolvedIsolatedComModules)'!='') was evaluated as (''=='true' or ''!='' or ''!='').
   2:6>Target "_SetEmbeddedWin32ManifestProperties" in file "/usr/lib/dotnet/sdk/8.0.116/Microsoft.Common.CurrentVersion.targets" from project "/app/Prism.PubSubEvents/Microsoft.Practices.Prism.PubSubEvents.csproj" (target "SetWin32ManifestProperties" depends on it):
       Using "GetFrameworkPath" task from assembly "Microsoft.Build.Tasks.Core, Version=15.1.0.0, Culture=neutral, PublicKeyToken=b03f5f7f11d50a3a".
       Task "GetFrameworkPath"
       Done executing task "GetFrameworkPath".
   2:6>Done building target "_SetEmbeddedWin32ManifestProperties" in project "Microsoft.Practices.Prism.PubSubEvents.csproj".
   2:6>Target "SetWin32ManifestProperties" in file "/usr/lib/dotnet/sdk/8.0.116/Microsoft.Common.CurrentVersion.targets" from project "/app/Prism.PubSubEvents/Microsoft.Practices.Prism.PubSubEvents.csproj" (target "Compile" depends on it):
   2:6>Done building target "SetWin32ManifestProperties" in project "Microsoft.Practices.Prism.PubSubEvents.csproj".
       Target "FindReferenceAssembliesForReferences" skipped. Previously built successfully.
   2:6>Target "_GenerateCompileInputs" in file "/usr/lib/dotnet/sdk/8.0.116/Microsoft.Common.CurrentVersion.targets" from project "/app/Prism.PubSubEvents/Microsoft.Practices.Prism.PubSubEvents.csproj" (target "Compile" depends on it):
       Task "Warning" skipped, due to false condition; ('@(ManifestResourceWithNoCulture)'!='' and '%(ManifestResourceWithNoCulture.EmittedForCompatibilityOnly)'=='') was evaluated as ('obj/Debug/net8.0/Microsoft.Practices.Prism.PubSubEvents.Properties.Resources.resources'!='' and 'true'=='').
       Task "Warning" skipped, due to false condition; ('@(ManifestNonResxWithNoCultureOnDisk)'!='' and '%(ManifestNonResxWithNoCultureOnDisk.EmittedForCompatibilityOnly)'=='') was evaluated as (''!='' and ''=='').
   2:6>Done building target "_GenerateCompileInputs" in project "Microsoft.Practices.Prism.PubSubEvents.csproj".
       Target "PrepareForBuild" skipped. Previously built successfully.
   2:6>Target "GenerateMSBuildEditorConfigFileShouldRun" in file "/usr/lib/dotnet/sdk/8.0.116/Roslyn/Microsoft.Managed.Core.targets" from project "/app/Prism.PubSubEvents/Microsoft.Practices.Prism.PubSubEvents.csproj" (target "GenerateMSBuildEditorConfigFile" depends on it):
   2:6>Done building target "GenerateMSBuildEditorConfigFileShouldRun" in project "Microsoft.Practices.Prism.PubSubEvents.csproj".
   2:6>Target "GenerateMSBuildEditorConfigFileCore" in file "/usr/lib/dotnet/sdk/8.0.116/Roslyn/Microsoft.Managed.Core.targets" from project "/app/Prism.PubSubEvents/Microsoft.Practices.Prism.PubSubEvents.csproj" (target "GenerateMSBuildEditorConfigFile" depends on it):
       Building target "GenerateMSBuildEditorConfigFileCore" completely.
       No input files were specified.
       Using "GenerateMSBuildEditorConfig" task from assembly "/usr/lib/dotnet/sdk/8.0.116/Roslyn/Microsoft.Build.Tasks.CodeAnalysis.dll".
       Task "GenerateMSBuildEditorConfig"
       Done executing task "GenerateMSBuildEditorConfig".
   2:6>Done building target "GenerateMSBuildEditorConfigFileCore" in project "Microsoft.Practices.Prism.PubSubEvents.csproj".
   2:6>Target "GenerateMSBuildEditorConfigFile" in file "/usr/lib/dotnet/sdk/8.0.116/Roslyn/Microsoft.Managed.Core.targets" from project "/app/Prism.PubSubEvents/Microsoft.Practices.Prism.PubSubEvents.csproj" (target "BeforeCompile" depends on it):
   2:6>Done building target "GenerateMSBuildEditorConfigFile" in project "Microsoft.Practices.Prism.PubSubEvents.csproj".
       Target "PrepareForBuild" skipped. Previously built successfully.
       Target "GetReferenceAssemblyPaths" skipped. Previously built successfully.
   2:6>Target "_SetTargetFrameworkMonikerAttribute" in file "/usr/lib/dotnet/sdk/8.0.116/Microsoft.CSharp.CurrentVersion.targets" from project "/app/Prism.PubSubEvents/Microsoft.Practices.Prism.PubSubEvents.csproj" (target "GenerateTargetFrameworkMonikerAttribute" depends on it):
   2:6>Done building target "_SetTargetFrameworkMonikerAttribute" in project "Microsoft.Practices.Prism.PubSubEvents.csproj".
   2:6>Target "GenerateTargetFrameworkMonikerAttribute" in file "/usr/lib/dotnet/sdk/8.0.116/Microsoft.Common.CurrentVersion.targets" from project "/app/Prism.PubSubEvents/Microsoft.Practices.Prism.PubSubEvents.csproj" (target "BeforeCompile" depends on it):
       Building target "GenerateTargetFrameworkMonikerAttribute" completely.
       Output file "obj/Debug/net8.0/.NETCoreApp,Version=v8.0.AssemblyAttributes.cs" does not exist.
       Using "WriteLinesToFile" task from assembly "Microsoft.Build.Tasks.Core, Version=15.1.0.0, Culture=neutral, PublicKeyToken=b03f5f7f11d50a3a".
       Task "WriteLinesToFile"
       Done executing task "WriteLinesToFile".
   2:6>Done building target "GenerateTargetFrameworkMonikerAttribute" in project "Microsoft.Practices.Prism.PubSubEvents.csproj".
       Target "GenerateAdditionalSources" skipped, due to false condition; ('@(AssemblyAttributes)' != '' and '$(GenerateAdditionalSources)' == 'true') was evaluated as ('' != '' and '' == 'true').
       Target "GenerateAssemblyInfo" skipped, due to false condition; ('$(GenerateAssemblyInfo)' == 'true') was evaluated as ('false' == 'true').
       Target "GenerateGlobalUsings" skipped, due to false condition; (@(Using->Count()) != 0) was evaluated as (0 != 0).
   2:6>Target "BeforeCompile" in file "/usr/lib/dotnet/sdk/8.0.116/Microsoft.Common.CurrentVersion.targets" from project "/app/Prism.PubSubEvents/Microsoft.Practices.Prism.PubSubEvents.csproj" (target "Compile" depends on it):
   2:6>Done building target "BeforeCompile" in project "Microsoft.Practices.Prism.PubSubEvents.csproj".
       Target "_TimeStampBeforeCompile" skipped, due to false condition; ('$(RunPostBuildEvent)'=='OnOutputUpdated' or ('$(RegisterForComInterop)'=='true' and '$(OutputType)'=='library')) was evaluated as (''=='OnOutputUpdated' or (''=='true' and 'Library'=='library')).
       Target "ResolveAssemblyReferences" skipped. Previously built successfully.
   2:6>Target "_GenerateCompileDependencyCache" in file "/usr/lib/dotnet/sdk/8.0.116/Microsoft.Common.CurrentVersion.targets" from project "/app/Prism.PubSubEvents/Microsoft.Practices.Prism.PubSubEvents.csproj" (target "Compile" depends on it):
       Using "Hash" task from assembly "Microsoft.Build.Tasks.Core, Version=15.1.0.0, Culture=neutral, PublicKeyToken=b03f5f7f11d50a3a".
       Task "Hash"
       Done executing task "Hash".
       Task "WriteLinesToFile"
       Done executing task "WriteLinesToFile".
   2:6>Done building target "_GenerateCompileDependencyCache" in project "Microsoft.Practices.Prism.PubSubEvents.csproj".
       Target "_ComputeNonExistentFileProperty" skipped, due to false condition; (('$(BuildingInsideVisualStudio)' == 'true') and ('$(BuildingOutOfProcess)' != 'true') and (('$(BuildingProject)' == 'false') or ('$(UseHostCompilerIfAvailable)' == 'true'))) was evaluated as (('' == 'true') and ('' != 'true') and (('true' == 'false') or ('true' == 'true'))).
       Target "ResolveCodeAnalysisRuleSet" skipped, due to false condition; ('$(CodeAnalysisRuleSet)' != '') was evaluated as ('' != '').
       Target "ShimReferencePathsWhenCommonTargetsDoesNotUnderstandReferenceAssemblies" skipped, due to false condition; ('@(ReferencePathWithRefAssemblies)' == '') was evaluated as ('/usr/lib/dotnet/packs/Microsoft.NETCore.App.Ref/8.0.16/ref/net8.0/Microsoft.CSharp.dll;/usr/lib/dotnet/packs/Microsoft.NETCore.App.Ref/8.0.16/ref/net8.0/Microsoft.VisualBasic.Core.dll;/usr/lib/dotnet/packs/Microsoft.NETCore.App.Ref/8.0.16/ref/net8.0/Microsoft.VisualBasic.dll;...' == '').
   2:6>Target "_BeforeVBCSCoreCompile" in file "/usr/lib/dotnet/sdk/8.0.116/Roslyn/Microsoft.Managed.Core.targets" from project "/app/Prism.PubSubEvents/Microsoft.Practices.Prism.PubSubEvents.csproj" (target "CoreCompile" depends on it):
   2:6>Done building target "_BeforeVBCSCoreCompile" in project "Microsoft.Practices.Prism.PubSubEvents.csproj".
       Target "AdjustDefaultPlatformTargetForNetFrameworkExeWithNoNativeCopyLocalItems" skipped, due to false condition; ('$(_UsingDefaultPlatformTarget)' == 'true' and
                            '$(_UsingDefaultRuntimeIdentifier)' == 'true') was evaluated as ('true' == 'true' and
                            '' == 'true').
       Target "_DisableDiagnosticTracing" skipped, due to false condition; ('$(DisableDiagnosticTracing)' == 'true') was evaluated as ('' == 'true').
       Target "GenerateTargetPlatformDefineConstants" skipped, due to false condition; ( '$(DisableImplicitFrameworkDefines)' != 'true' and '$(TargetPlatformIdentifier)' != '' and '$(TargetFrameworkIdentifier)' == '.NETCoreApp' and $([MSBuild]::VersionGreaterThanOrEquals($(TargetFrameworkVersion), 5.0)) ) was evaluated as ( '' != 'true' and '' != '' and '.NETCoreApp' == '.NETCoreApp' and True ).
   2:6>Target "GenerateNETCompatibleDefineConstants" in file "/usr/lib/dotnet/sdk/8.0.116/Sdks/Microsoft.NET.Sdk/targets/Microsoft.NET.Sdk.BeforeCommon.targets" from project "/app/Prism.PubSubEvents/Microsoft.Practices.Prism.PubSubEvents.csproj" (target "AddImplicitDefineConstants" depends on it):
   2:6>Done building target "GenerateNETCompatibleDefineConstants" in project "Microsoft.Practices.Prism.PubSubEvents.csproj".
       Target "GeneratePlatformCompatibleDefineConstants" skipped, due to false condition; ( '$(DisableImplicitFrameworkDefines)' != 'true' and '$(TargetPlatformIdentifier)' != '' and '$(TargetFrameworkIdentifier)' == '.NETCoreApp' and $([MSBuild]::VersionGreaterThanOrEquals($(TargetFrameworkVersion), 5.0)) ) was evaluated as ( '' != 'true' and '' != '' and '.NETCoreApp' == '.NETCoreApp' and True ).
       Target "_DisableDiagnosticTracing" skipped, due to false condition; ('$(DisableDiagnosticTracing)' == 'true') was evaluated as ('' == 'true').
   2:6>Target "AddImplicitDefineConstants" in file "/usr/lib/dotnet/sdk/8.0.116/Sdks/Microsoft.NET.Sdk/targets/Microsoft.NET.Sdk.BeforeCommon.targets" from project "/app/Prism.PubSubEvents/Microsoft.Practices.Prism.PubSubEvents.csproj" (target "CoreCompile" depends on it):
   2:6>Done building target "AddImplicitDefineConstants" in project "Microsoft.Practices.Prism.PubSubEvents.csproj".
       Target "ShimReferencePathsWhenCommonTargetsDoesNotUnderstandReferenceAssemblies" skipped, due to false condition; ('@(ReferencePathWithRefAssemblies)' == '') was evaluated as ('/usr/lib/dotnet/packs/Microsoft.NETCore.App.Ref/8.0.16/ref/net8.0/Microsoft.CSharp.dll;/usr/lib/dotnet/packs/Microsoft.NETCore.App.Ref/8.0.16/ref/net8.0/Microsoft.VisualBasic.Core.dll;/usr/lib/dotnet/packs/Microsoft.NETCore.App.Ref/8.0.16/ref/net8.0/Microsoft.VisualBasic.dll;...' == '').
   2:6>Target "_ComputeSkipAnalyzers" in file "/usr/lib/dotnet/sdk/8.0.116/Roslyn/Microsoft.Managed.Core.targets" from project "/app/Prism.PubSubEvents/Microsoft.Practices.Prism.PubSubEvents.csproj" (target "CoreCompile" depends on it):
       Task "ShowMessageForImplicitlySkipAnalyzers" skipped, due to false condition; ('$(_ImplicitlySkipAnalyzers)' == 'true') was evaluated as ('' == 'true').
   2:6>Done building target "_ComputeSkipAnalyzers" in project "Microsoft.Practices.Prism.PubSubEvents.csproj".
       Target "_SetPathMapFromSourceRoots" skipped, due to false condition; ('$(DeterministicSourcePaths)' == 'true') was evaluated as ('' == 'true').
       Target "CreateCompilerGeneratedFilesOutputPath" skipped, due to false condition; ('$(EmitCompilerGeneratedFiles)' == 'true' and !('$(DesignTimeBuild)' == 'true' OR '$(BuildingProject)' != 'true')) was evaluated as ('false' == 'true' and !('' == 'true' OR 'true' != 'true')).
       Target "BeforeCompile" skipped. Previously built successfully.
   2:6>Target "InitializeSourceControlInformationFromSourceControlManager" in file "/usr/lib/dotnet/sdk/8.0.116/Sdks/Microsoft.Build.Tasks.Git/build/Microsoft.Build.Tasks.Git.targets" from project "/app/Prism.PubSubEvents/Microsoft.Practices.Prism.PubSubEvents.csproj" (target "SetEmbeddedFilesFromSourceControlManagerUntrackedFiles" depends on it):
       Using "Microsoft.Build.Tasks.Git.LocateRepository" task from assembly "/usr/lib/dotnet/sdk/8.0.116/Sdks/Microsoft.Build.Tasks.Git/build/../tools/core/Microsoft.Build.Tasks.Git.dll".
       Task "Microsoft.Build.Tasks.Git.LocateRepository"
         SourceLink: Repository instance not found in cache: '*:/app/.git'
       Done executing task "Microsoft.Build.Tasks.Git.LocateRepository".
   2:6>Done building target "InitializeSourceControlInformationFromSourceControlManager" in project "Microsoft.Practices.Prism.PubSubEvents.csproj".
   2:6>Target "SetEmbeddedFilesFromSourceControlManagerUntrackedFiles" in file "/usr/lib/dotnet/sdk/8.0.116/Sdks/Microsoft.Build.Tasks.Git/build/Microsoft.Build.Tasks.Git.targets" from project "/app/Prism.PubSubEvents/Microsoft.Practices.Prism.PubSubEvents.csproj" (target "_SetEmbeddedFilesFromSourceControlManagerUntrackedFiles" depends on it):
       Using "Microsoft.Build.Tasks.Git.GetUntrackedFiles" task from assembly "/usr/lib/dotnet/sdk/8.0.116/Sdks/Microsoft.Build.Tasks.Git/build/../tools/core/Microsoft.Build.Tasks.Git.dll".
       Task "Microsoft.Build.Tasks.Git.GetUntrackedFiles"
         SourceLink: Reusing cached git repository information.
       Done executing task "Microsoft.Build.Tasks.Git.GetUntrackedFiles".
   2:6>Done building target "SetEmbeddedFilesFromSourceControlManagerUntrackedFiles" in project "Microsoft.Practices.Prism.PubSubEvents.csproj".
   2:6>Target "_SetEmbeddedFilesFromSourceControlManagerUntrackedFiles" in file "/usr/lib/dotnet/sdk/8.0.116/Sdks/Microsoft.SourceLink.Common/build/Microsoft.SourceLink.Common.targets" from project "/app/Prism.PubSubEvents/Microsoft.Practices.Prism.PubSubEvents.csproj" (target "CoreCompile" depends on it):
   2:6>Done building target "_SetEmbeddedFilesFromSourceControlManagerUntrackedFiles" in project "Microsoft.Practices.Prism.PubSubEvents.csproj".
       Target "InitializeSourceControlInformationFromSourceControlManager" skipped. Previously built successfully.
   2:6>Target "_SourceLinkHasSingleProvider" in file "/usr/lib/dotnet/sdk/8.0.116/Sdks/Microsoft.SourceLink.Common/build/InitializeSourceControlInformation.targets" from project "/app/Prism.PubSubEvents/Microsoft.Practices.Prism.PubSubEvents.csproj" (target "_InitializeSourceControlInformationFromSourceControlManager" depends on it):
       Assembly loaded during TaskRun: Microsoft.SourceLink.Common, Version=8.0.9.11501, Culture=neutral, PublicKeyToken=31bf3856ad364e35 (location: /usr/lib/dotnet/sdk/8.0.116/Sdks/Microsoft.SourceLink.Common/tools/core/Microsoft.SourceLink.Common.dll, MVID: 3cf13e4f-aacf-420e-9af1-9f5566f4698e, AppDomain: [Default])
       Using "Microsoft.SourceLink.Common.SourceLinkHasSingleProvider" task from assembly "/usr/lib/dotnet/sdk/8.0.116/Sdks/Microsoft.SourceLink.Common/build/../tools/core/Microsoft.SourceLink.Common.dll".
       Task "Microsoft.SourceLink.Common.SourceLinkHasSingleProvider"
       Done executing task "Microsoft.SourceLink.Common.SourceLinkHasSingleProvider".
   2:6>Done building target "_SourceLinkHasSingleProvider" in project "Microsoft.Practices.Prism.PubSubEvents.csproj".
   2:6>Target "TranslateGitHubUrlsInSourceControlInformation" in file "/usr/lib/dotnet/sdk/8.0.116/Sdks/Microsoft.SourceLink.GitHub/build/Microsoft.SourceLink.GitHub.targets" from project "/app/Prism.PubSubEvents/Microsoft.Practices.Prism.PubSubEvents.csproj" (target "_InitializeSourceControlInformationFromSourceControlManager" depends on it):
       Assembly loaded during TaskRun: Microsoft.SourceLink.GitHub, Version=8.0.9.11501, Culture=neutral, PublicKeyToken=31bf3856ad364e35 (location: /usr/lib/dotnet/sdk/8.0.116/Sdks/Microsoft.SourceLink.GitHub/tools/core/Microsoft.SourceLink.GitHub.dll, MVID: 70540689-e8f2-4681-99cf-b91994f6e217, AppDomain: [Default])
       Using "Microsoft.SourceLink.GitHub.TranslateRepositoryUrls" task from assembly "/usr/lib/dotnet/sdk/8.0.116/Sdks/Microsoft.SourceLink.GitHub/build/../tools/core/Microsoft.SourceLink.GitHub.dll".
       Task "Microsoft.SourceLink.GitHub.TranslateRepositoryUrls"
       Done executing task "Microsoft.SourceLink.GitHub.TranslateRepositoryUrls".
   2:6>Done building target "TranslateGitHubUrlsInSourceControlInformation" in project "Microsoft.Practices.Prism.PubSubEvents.csproj".
   2:6>Target "TranslateGitLabUrlsInSourceControlInformation" in file "/usr/lib/dotnet/sdk/8.0.116/Sdks/Microsoft.SourceLink.GitLab/build/Microsoft.SourceLink.GitLab.targets" from project "/app/Prism.PubSubEvents/Microsoft.Practices.Prism.PubSubEvents.csproj" (target "_InitializeSourceControlInformationFromSourceControlManager" depends on it):
       Assembly loaded during TaskRun: Microsoft.SourceLink.GitLab, Version=8.0.9.11501, Culture=neutral, PublicKeyToken=31bf3856ad364e35 (location: /usr/lib/dotnet/sdk/8.0.116/Sdks/Microsoft.SourceLink.GitLab/tools/core/Microsoft.SourceLink.GitLab.dll, MVID: d0751f74-b7d3-470b-9a44-d0b72e0cf99f, AppDomain: [Default])
       Using "Microsoft.SourceLink.GitLab.TranslateRepositoryUrls" task from assembly "/usr/lib/dotnet/sdk/8.0.116/Sdks/Microsoft.SourceLink.GitLab/build/../tools/core/Microsoft.SourceLink.GitLab.dll".
       Task "Microsoft.SourceLink.GitLab.TranslateRepositoryUrls"
       Done executing task "Microsoft.SourceLink.GitLab.TranslateRepositoryUrls".
   2:6>Done building target "TranslateGitLabUrlsInSourceControlInformation" in project "Microsoft.Practices.Prism.PubSubEvents.csproj".
   2:6>Target "TranslateAzureReposGitUrlsInSourceControlInformation" in file "/usr/lib/dotnet/sdk/8.0.116/Sdks/Microsoft.SourceLink.AzureRepos.Git/build/Microsoft.SourceLink.AzureRepos.Git.targets" from project "/app/Prism.PubSubEvents/Microsoft.Practices.Prism.PubSubEvents.csproj" (target "_InitializeSourceControlInformationFromSourceControlManager" depends on it):
       Assembly loaded during TaskRun: Microsoft.SourceLink.AzureRepos.Git, Version=8.0.9.11501, Culture=neutral, PublicKeyToken=31bf3856ad364e35 (location: /usr/lib/dotnet/sdk/8.0.116/Sdks/Microsoft.SourceLink.AzureRepos.Git/tools/core/Microsoft.SourceLink.AzureRepos.Git.dll, MVID: 6d2c56fc-cfbe-463c-aac2-3888686c7375, AppDomain: [Default])
       Using "Microsoft.SourceLink.AzureRepos.Git.TranslateRepositoryUrls" task from assembly "/usr/lib/dotnet/sdk/8.0.116/Sdks/Microsoft.SourceLink.AzureRepos.Git/build/../tools/core/Microsoft.SourceLink.AzureRepos.Git.dll".
       Task "Microsoft.SourceLink.AzureRepos.Git.TranslateRepositoryUrls"
       Done executing task "Microsoft.SourceLink.AzureRepos.Git.TranslateRepositoryUrls".
   2:6>Done building target "TranslateAzureReposGitUrlsInSourceControlInformation" in project "Microsoft.Practices.Prism.PubSubEvents.csproj".
   2:6>Target "TranslateBitbucketGitUrlsInSourceControlInformation" in file "/usr/lib/dotnet/sdk/8.0.116/Sdks/Microsoft.SourceLink.Bitbucket.Git/build/Microsoft.SourceLink.Bitbucket.Git.targets" from project "/app/Prism.PubSubEvents/Microsoft.Practices.Prism.PubSubEvents.csproj" (target "_InitializeSourceControlInformationFromSourceControlManager" depends on it):
       Assembly loaded during TaskRun: Microsoft.SourceLink.Bitbucket.Git, Version=8.0.9.11501, Culture=neutral, PublicKeyToken=31bf3856ad364e35 (location: /usr/lib/dotnet/sdk/8.0.116/Sdks/Microsoft.SourceLink.Bitbucket.Git/tools/core/Microsoft.SourceLink.Bitbucket.Git.dll, MVID: 692ae3e0-4ff0-499c-a3f2-844158ad5839, AppDomain: [Default])
       Using "Microsoft.SourceLink.Bitbucket.Git.TranslateRepositoryUrls" task from assembly "/usr/lib/dotnet/sdk/8.0.116/Sdks/Microsoft.SourceLink.Bitbucket.Git/build/../tools/core/Microsoft.SourceLink.Bitbucket.Git.dll".
       Task "Microsoft.SourceLink.Bitbucket.Git.TranslateRepositoryUrls"
       Done executing task "Microsoft.SourceLink.Bitbucket.Git.TranslateRepositoryUrls".
   2:6>Done building target "TranslateBitbucketGitUrlsInSourceControlInformation" in project "Microsoft.Practices.Prism.PubSubEvents.csproj".
   2:6>Target "SourceControlManagerPublishTranslatedUrls" in file "/usr/lib/dotnet/sdk/8.0.116/Sdks/Microsoft.SourceLink.Common/build/InitializeSourceControlInformation.targets" from project "/app/Prism.PubSubEvents/Microsoft.Practices.Prism.PubSubEvents.csproj" (target "_InitializeSourceControlInformationFromSourceControlManager" depends on it):
   2:6>Done building target "SourceControlManagerPublishTranslatedUrls" in project "Microsoft.Practices.Prism.PubSubEvents.csproj".
   2:6>Target "_InitializeSourceControlInformationFromSourceControlManager" in file "/usr/lib/dotnet/sdk/8.0.116/Sdks/Microsoft.SourceLink.Common/build/InitializeSourceControlInformation.targets" from project "/app/Prism.PubSubEvents/Microsoft.Practices.Prism.PubSubEvents.csproj" (target "InitializeSourceControlInformation" depends on it):
   2:6>Done building target "_InitializeSourceControlInformationFromSourceControlManager" in project "Microsoft.Practices.Prism.PubSubEvents.csproj".
   2:6>Target "InitializeSourceControlInformation" in file "/usr/lib/dotnet/sdk/8.0.116/Microsoft.Common.CurrentVersion.targets" from project "/app/Prism.PubSubEvents/Microsoft.Practices.Prism.PubSubEvents.csproj" (target "GenerateSourceLinkFile" depends on it):
   2:6>Done building target "InitializeSourceControlInformation" in project "Microsoft.Practices.Prism.PubSubEvents.csproj".
   2:6>Target "_SetSourceLinkFilePath" in file "/usr/lib/dotnet/sdk/8.0.116/Sdks/Microsoft.SourceLink.Common/build/Microsoft.SourceLink.Common.targets" from project "/app/Prism.PubSubEvents/Microsoft.Practices.Prism.PubSubEvents.csproj" (target "_GenerateSourceLinkFile" depends on it):
   2:6>Done building target "_SetSourceLinkFilePath" in project "Microsoft.Practices.Prism.PubSubEvents.csproj".
       Target "InitializeSourceControlInformation" skipped. Previously built successfully.
   2:6>Target "_InitializeSourceRootMappedPathsFromSourceControl" in file "/usr/lib/dotnet/sdk/8.0.116/Roslyn/Microsoft.Managed.Core.targets" from project "/app/Prism.PubSubEvents/Microsoft.Practices.Prism.PubSubEvents.csproj" (target "InitializeSourceRootMappedPaths" depends on it):
   2:6>Done building target "_InitializeSourceRootMappedPathsFromSourceControl" in project "Microsoft.Practices.Prism.PubSubEvents.csproj".
   2:6>Target "InitializeSourceRootMappedPaths" in file "/usr/lib/dotnet/sdk/8.0.116/Roslyn/Microsoft.Managed.Core.targets" from project "/app/Prism.PubSubEvents/Microsoft.Practices.Prism.PubSubEvents.csproj" (target "_InitializeSourceRootMappedPathsOpt" depends on it):
       Using "Microsoft.CodeAnalysis.BuildTasks.MapSourceRoots" task from assembly "/usr/lib/dotnet/sdk/8.0.116/Roslyn/Microsoft.Build.Tasks.CodeAnalysis.dll".
       Task "Microsoft.CodeAnalysis.BuildTasks.MapSourceRoots"
       Done executing task "Microsoft.CodeAnalysis.BuildTasks.MapSourceRoots".
   2:6>Done building target "InitializeSourceRootMappedPaths" in project "Microsoft.Practices.Prism.PubSubEvents.csproj".
   2:6>Target "_InitializeSourceRootMappedPathsOpt" in file "/usr/lib/dotnet/sdk/8.0.116/Sdks/Microsoft.SourceLink.Common/build/Microsoft.SourceLink.Common.targets" from project "/app/Prism.PubSubEvents/Microsoft.Practices.Prism.PubSubEvents.csproj" (target "_GenerateSourceLinkFile" depends on it):
   2:6>Done building target "_InitializeSourceRootMappedPathsOpt" in project "Microsoft.Practices.Prism.PubSubEvents.csproj".
   2:6>Target "_InitializeGitHubSourceLinkUrl" in file "/usr/lib/dotnet/sdk/8.0.116/Sdks/Microsoft.SourceLink.GitHub/build/Microsoft.SourceLink.GitHub.targets" from project "/app/Prism.PubSubEvents/Microsoft.Practices.Prism.PubSubEvents.csproj" (target "_GenerateSourceLinkFile" depends on it):
       Building target "_InitializeGitHubSourceLinkUrl" completely.
       No input files were specified.
       Using "Microsoft.SourceLink.GitHub.GetSourceLinkUrl" task from assembly "/usr/lib/dotnet/sdk/8.0.116/Sdks/Microsoft.SourceLink.GitHub/build/../tools/core/Microsoft.SourceLink.GitHub.dll".
       Task "Microsoft.SourceLink.GitHub.GetSourceLinkUrl"
       Done executing task "Microsoft.SourceLink.GitHub.GetSourceLinkUrl".
   2:6>Done building target "_InitializeGitHubSourceLinkUrl" in project "Microsoft.Practices.Prism.PubSubEvents.csproj".
   2:6>Target "_InitializeGitHubSourceLinkUrl" in file "/usr/lib/dotnet/sdk/8.0.116/Sdks/Microsoft.SourceLink.GitHub/build/Microsoft.SourceLink.GitHub.targets" from project "/app/Prism.PubSubEvents/Microsoft.Practices.Prism.PubSubEvents.csproj" (target "_GenerateSourceLinkFile" depends on it):
       Building target "_InitializeGitHubSourceLinkUrl" completely.
       No input files were specified.
       Task "Microsoft.SourceLink.GitHub.GetSourceLinkUrl"
       Done executing task "Microsoft.SourceLink.GitHub.GetSourceLinkUrl".
   2:6>Done building target "_InitializeGitHubSourceLinkUrl" in project "Microsoft.Practices.Prism.PubSubEvents.csproj".
   2:6>Target "_InitializeGitLabSourceLinkUrl" in file "/usr/lib/dotnet/sdk/8.0.116/Sdks/Microsoft.SourceLink.GitLab/build/Microsoft.SourceLink.GitLab.targets" from project "/app/Prism.PubSubEvents/Microsoft.Practices.Prism.PubSubEvents.csproj" (target "_GenerateSourceLinkFile" depends on it):
       Building target "_InitializeGitLabSourceLinkUrl" completely.
       No input files were specified.
       Using "Microsoft.SourceLink.GitLab.GetSourceLinkUrl" task from assembly "/usr/lib/dotnet/sdk/8.0.116/Sdks/Microsoft.SourceLink.GitLab/build/../tools/core/Microsoft.SourceLink.GitLab.dll".
       Task "Microsoft.SourceLink.GitLab.GetSourceLinkUrl"
       Done executing task "Microsoft.SourceLink.GitLab.GetSourceLinkUrl".
   2:6>Done building target "_InitializeGitLabSourceLinkUrl" in project "Microsoft.Practices.Prism.PubSubEvents.csproj".
   2:6>Target "_InitializeGitLabSourceLinkUrl" in file "/usr/lib/dotnet/sdk/8.0.116/Sdks/Microsoft.SourceLink.GitLab/build/Microsoft.SourceLink.GitLab.targets" from project "/app/Prism.PubSubEvents/Microsoft.Practices.Prism.PubSubEvents.csproj" (target "_GenerateSourceLinkFile" depends on it):
       Building target "_InitializeGitLabSourceLinkUrl" completely.
       No input files were specified.
       Task "Microsoft.SourceLink.GitLab.GetSourceLinkUrl"
       Done executing task "Microsoft.SourceLink.GitLab.GetSourceLinkUrl".
   2:6>Done building target "_InitializeGitLabSourceLinkUrl" in project "Microsoft.Practices.Prism.PubSubEvents.csproj".
   2:6>Target "_InitializeAzureReposGitSourceLinkUrl" in file "/usr/lib/dotnet/sdk/8.0.116/Sdks/Microsoft.SourceLink.AzureRepos.Git/build/Microsoft.SourceLink.AzureRepos.Git.targets" from project "/app/Prism.PubSubEvents/Microsoft.Practices.Prism.PubSubEvents.csproj" (target "_GenerateSourceLinkFile" depends on it):
       Building target "_InitializeAzureReposGitSourceLinkUrl" completely.
       No input files were specified.
       Using "Microsoft.SourceLink.AzureRepos.Git.GetSourceLinkUrl" task from assembly "/usr/lib/dotnet/sdk/8.0.116/Sdks/Microsoft.SourceLink.AzureRepos.Git/build/../tools/core/Microsoft.SourceLink.AzureRepos.Git.dll".
       Task "Microsoft.SourceLink.AzureRepos.Git.GetSourceLinkUrl"
       Done executing task "Microsoft.SourceLink.AzureRepos.Git.GetSourceLinkUrl".
   2:6>Done building target "_InitializeAzureReposGitSourceLinkUrl" in project "Microsoft.Practices.Prism.PubSubEvents.csproj".
   2:6>Target "_InitializeAzureReposGitSourceLinkUrl" in file "/usr/lib/dotnet/sdk/8.0.116/Sdks/Microsoft.SourceLink.AzureRepos.Git/build/Microsoft.SourceLink.AzureRepos.Git.targets" from project "/app/Prism.PubSubEvents/Microsoft.Practices.Prism.PubSubEvents.csproj" (target "_GenerateSourceLinkFile" depends on it):
       Building target "_InitializeAzureReposGitSourceLinkUrl" completely.
       No input files were specified.
       Task "Microsoft.SourceLink.AzureRepos.Git.GetSourceLinkUrl"
       Done executing task "Microsoft.SourceLink.AzureRepos.Git.GetSourceLinkUrl".
   2:6>Done building target "_InitializeAzureReposGitSourceLinkUrl" in project "Microsoft.Practices.Prism.PubSubEvents.csproj".
   2:6>Target "_InitializeBitbucketGitSourceLinkUrl" in file "/usr/lib/dotnet/sdk/8.0.116/Sdks/Microsoft.SourceLink.Bitbucket.Git/build/Microsoft.SourceLink.Bitbucket.Git.targets" from project "/app/Prism.PubSubEvents/Microsoft.Practices.Prism.PubSubEvents.csproj" (target "_GenerateSourceLinkFile" depends on it):
       Building target "_InitializeBitbucketGitSourceLinkUrl" completely.
       No input files were specified.
       Using "Microsoft.SourceLink.Bitbucket.Git.GetSourceLinkUrl" task from assembly "/usr/lib/dotnet/sdk/8.0.116/Sdks/Microsoft.SourceLink.Bitbucket.Git/build/../tools/core/Microsoft.SourceLink.Bitbucket.Git.dll".
       Task "Microsoft.SourceLink.Bitbucket.Git.GetSourceLinkUrl"
       Done executing task "Microsoft.SourceLink.Bitbucket.Git.GetSourceLinkUrl".
   2:6>Done building target "_InitializeBitbucketGitSourceLinkUrl" in project "Microsoft.Practices.Prism.PubSubEvents.csproj".
   2:6>Target "_InitializeBitbucketGitSourceLinkUrl" in file "/usr/lib/dotnet/sdk/8.0.116/Sdks/Microsoft.SourceLink.Bitbucket.Git/build/Microsoft.SourceLink.Bitbucket.Git.targets" from project "/app/Prism.PubSubEvents/Microsoft.Practices.Prism.PubSubEvents.csproj" (target "_GenerateSourceLinkFile" depends on it):
       Building target "_InitializeBitbucketGitSourceLinkUrl" completely.
       No input files were specified.
       Task "Microsoft.SourceLink.Bitbucket.Git.GetSourceLinkUrl"
       Done executing task "Microsoft.SourceLink.Bitbucket.Git.GetSourceLinkUrl".
   2:6>Done building target "_InitializeBitbucketGitSourceLinkUrl" in project "Microsoft.Practices.Prism.PubSubEvents.csproj".
   2:6>Target "_GenerateSourceLinkFile" in file "/usr/lib/dotnet/sdk/8.0.116/Sdks/Microsoft.SourceLink.Common/build/Microsoft.SourceLink.Common.targets" from project "/app/Prism.PubSubEvents/Microsoft.Practices.Prism.PubSubEvents.csproj" (target "GenerateSourceLinkFile" depends on it):
       Building target "_GenerateSourceLinkFile" completely.
       No input files were specified.
       Using "Microsoft.SourceLink.Common.GenerateSourceLinkFile" task from assembly "/usr/lib/dotnet/sdk/8.0.116/Sdks/Microsoft.SourceLink.Common/build/../tools/core/Microsoft.SourceLink.Common.dll".
       Task "Microsoft.SourceLink.Common.GenerateSourceLinkFile"
         Updating Source Link file 'obj/Debug/net8.0/Microsoft.Practices.Prism.PubSubEvents.sourcelink.json'.
       Done executing task "Microsoft.SourceLink.Common.GenerateSourceLinkFile".
   2:6>Done building target "_GenerateSourceLinkFile" in project "Microsoft.Practices.Prism.PubSubEvents.csproj".
   2:6>Target "GenerateSourceLinkFile" in file "/usr/lib/dotnet/sdk/8.0.116/Sdks/Microsoft.SourceLink.Common/build/Microsoft.SourceLink.Common.targets" from project "/app/Prism.PubSubEvents/Microsoft.Practices.Prism.PubSubEvents.csproj" (target "CoreCompile" depends on it):
   2:6>Done building target "GenerateSourceLinkFile" in project "Microsoft.Practices.Prism.PubSubEvents.csproj".
       Target "GenerateAssemblyInfo" skipped, due to false condition; ('$(GenerateAssemblyInfo)' == 'true') was evaluated as ('false' == 'true').
       Target "GenerateGlobalUsings" skipped, due to false condition; (@(Using->Count()) != 0) was evaluated as (0 != 0).
   2:6>Target "AddGlobalAnalyzerConfigForPackage_MicrosoftCodeAnalysisNetAnalyzers" in file "/usr/lib/dotnet/sdk/8.0.116/Sdks/Microsoft.NET.Sdk/analyzers/build/Microsoft.CodeAnalysis.NetAnalyzers.targets" from project "/app/Prism.PubSubEvents/Microsoft.Practices.Prism.PubSubEvents.csproj" (target "CoreCompile" depends on it):
   2:6>Done building target "AddGlobalAnalyzerConfigForPackage_MicrosoftCodeAnalysisNetAnalyzers" in project "Microsoft.Practices.Prism.PubSubEvents.csproj".
       Target "AddGlobalAnalyzerConfigForPackage_MicrosoftCodeAnalysisNetAnalyzersDesign" skipped, due to false condition; ('$(SkipGlobalAnalyzerConfigForPackage)' != 'true' and ('$(AnalysisLevelDesign)' != '' or '$(AnalysisModeDesign)' != '')) was evaluated as ('' != 'true' and ('' != '' or '' != '')).
       Target "AddGlobalAnalyzerConfigForPackage_MicrosoftCodeAnalysisNetAnalyzersDocumentation" skipped, due to false condition; ('$(SkipGlobalAnalyzerConfigForPackage)' != 'true' and ('$(AnalysisLevelDocumentation)' != '' or '$(AnalysisModeDocumentation)' != '')) was evaluated as ('' != 'true' and ('' != '' or '' != '')).
       Target "AddGlobalAnalyzerConfigForPackage_MicrosoftCodeAnalysisNetAnalyzersGlobalization" skipped, due to false condition; ('$(SkipGlobalAnalyzerConfigForPackage)' != 'true' and ('$(AnalysisLevelGlobalization)' != '' or '$(AnalysisModeGlobalization)' != '')) was evaluated as ('' != 'true' and ('' != '' or '' != '')).
       Target "AddGlobalAnalyzerConfigForPackage_MicrosoftCodeAnalysisNetAnalyzersInteroperability" skipped, due to false condition; ('$(SkipGlobalAnalyzerConfigForPackage)' != 'true' and ('$(AnalysisLevelInteroperability)' != '' or '$(AnalysisModeInteroperability)' != '')) was evaluated as ('' != 'true' and ('' != '' or '' != '')).
       Target "AddGlobalAnalyzerConfigForPackage_MicrosoftCodeAnalysisNetAnalyzersMaintainability" skipped, due to false condition; ('$(SkipGlobalAnalyzerConfigForPackage)' != 'true' and ('$(AnalysisLevelMaintainability)' != '' or '$(AnalysisModeMaintainability)' != '')) was evaluated as ('' != 'true' and ('' != '' or '' != '')).
       Target "AddGlobalAnalyzerConfigForPackage_MicrosoftCodeAnalysisNetAnalyzersNaming" skipped, due to false condition; ('$(SkipGlobalAnalyzerConfigForPackage)' != 'true' and ('$(AnalysisLevelNaming)' != '' or '$(AnalysisModeNaming)' != '')) was evaluated as ('' != 'true' and ('' != '' or '' != '')).
       Target "AddGlobalAnalyzerConfigForPackage_MicrosoftCodeAnalysisNetAnalyzersPerformance" skipped, due to false condition; ('$(SkipGlobalAnalyzerConfigForPackage)' != 'true' and ('$(AnalysisLevelPerformance)' != '' or '$(AnalysisModePerformance)' != '')) was evaluated as ('' != 'true' and ('' != '' or '' != '')).
       Target "AddGlobalAnalyzerConfigForPackage_MicrosoftCodeAnalysisNetAnalyzersReliability" skipped, due to false condition; ('$(SkipGlobalAnalyzerConfigForPackage)' != 'true' and ('$(AnalysisLevelReliability)' != '' or '$(AnalysisModeReliability)' != '')) was evaluated as ('' != 'true' and ('' != '' or '' != '')).
       Target "AddGlobalAnalyzerConfigForPackage_MicrosoftCodeAnalysisNetAnalyzersSecurity" skipped, due to false condition; ('$(SkipGlobalAnalyzerConfigForPackage)' != 'true' and ('$(AnalysisLevelSecurity)' != '' or '$(AnalysisModeSecurity)' != '')) was evaluated as ('' != 'true' and ('' != '' or '' != '')).
       Target "AddGlobalAnalyzerConfigForPackage_MicrosoftCodeAnalysisNetAnalyzersUsage" skipped, due to false condition; ('$(SkipGlobalAnalyzerConfigForPackage)' != 'true' and ('$(AnalysisLevelUsage)' != '' or '$(AnalysisModeUsage)' != '')) was evaluated as ('' != 'true' and ('' != '' or '' != '')).
       Target "_CodeAnalysisTreatWarningsAsErrors" skipped, due to false condition; ('$(DesignTimeBuild)' == 'true' OR '$(BuildingProject)' != 'true') was evaluated as ('' == 'true' OR 'true' != 'true').
   2:6>Target "_ReportUpgradeNetAnalyzersNuGetWarning" in file "/usr/lib/dotnet/sdk/8.0.116/Sdks/Microsoft.NET.Sdk/analyzers/build/Microsoft.CodeAnalysis.NetAnalyzers.targets" from project "/app/Prism.PubSubEvents/Microsoft.Practices.Prism.PubSubEvents.csproj" (target "CoreCompile" depends on it):
       Task "Warning" skipped, due to false condition; ('$(_NETAnalyzersNuGetAssemblyVersion)' != '' AND
                                '$(_NETAnalyzersSDKAssemblyVersion)' != '' AND
                                 $(_NETAnalyzersNuGetAssemblyVersion) < $(_NETAnalyzersSDKAssemblyVersion)) was evaluated as ('' != '' AND
                                '8.0.0' != '' AND
                                  < 8.0.0).
   2:6>Done building target "_ReportUpgradeNetAnalyzersNuGetWarning" in project "Microsoft.Practices.Prism.PubSubEvents.csproj".
   2:6>Target "CoreCompile" in file "/usr/lib/dotnet/sdk/8.0.116/Roslyn/Microsoft.CSharp.Core.targets" from project "/app/Prism.PubSubEvents/Microsoft.Practices.Prism.PubSubEvents.csproj" (target "Compile" depends on it):
       Building target "CoreCompile" completely.
       Output file "obj/Debug/net8.0/Microsoft.Practices.Prism.PubSubEvents.dll" does not exist.
       Using "Csc" task from assembly "/usr/lib/dotnet/sdk/8.0.116/Roslyn/Microsoft.Build.Tasks.CodeAnalysis.dll".
       Task "Csc"
         /usr/lib/dotnet/dotnet exec "/usr/lib/dotnet/sdk/8.0.116/Roslyn/bincore/csc.dll" /noconfig /unsafe- /checked- /nowarn:1701,1702,1701,1702 /fullpaths /nostdlib+ /errorreport:prompt /warn:8 /define:TRACE;DEBUG;NET;NET8_0;NETCOREAPP;NET5_0_OR_GREATER;NET6_0_OR_GREATER;NET7_0_OR_GREATER;NET8_0_OR_GREATER;NETCOREAPP1_0_OR_GREATER;NETCOREAPP1_1_OR_GREATER;NETCOREAPP2_0_OR_GREATER;NETCOREAPP2_1_OR_GREATER;NETCOREAPP2_2_OR_GREATER;NETCOREAPP3_0_OR_GREATER;NETCOREAPP3_1_OR_GREATER /highentropyva+ /reference:/usr/lib/dotnet/packs/Microsoft.NETCore.App.Ref/8.0.16/ref/net8.0/Microsoft.CSharp.dll /reference:/usr/lib/dotnet/packs/Microsoft.NETCore.App.Ref/8.0.16/ref/net8.0/Microsoft.VisualBasic.Core.dll /reference:/usr/lib/dotnet/packs/Microsoft.NETCore.App.Ref/8.0.16/ref/net8.0/Microsoft.VisualBasic.dll /reference:/usr/lib/dotnet/packs/Microsoft.NETCore.App.Ref/8.0.16/ref/net8.0/Microsoft.Win32.Primitives.dll /reference:/usr/lib/dotnet/packs/Microsoft.NETCore.App.Ref/8.0.16/ref/net8.0/Microsoft.Win32.Registry.dll /reference:/usr/lib/dotnet/packs/Microsoft.NETCore.App.Ref/8.0.16/ref/net8.0/mscorlib.dll /reference:/usr/lib/dotnet/packs/Microsoft.NETCore.App.Ref/8.0.16/ref/net8.0/netstandard.dll /reference:/usr/lib/dotnet/packs/Microsoft.NETCore.App.Ref/8.0.16/ref/net8.0/System.AppContext.dll /reference:/usr/lib/dotnet/packs/Microsoft.NETCore.App.Ref/8.0.16/ref/net8.0/System.Buffers.dll /reference:/usr/lib/dotnet/packs/Microsoft.NETCore.App.Ref/8.0.16/ref/net8.0/System.Collections.Concurrent.dll /reference:/usr/lib/dotnet/packs/Microsoft.NETCore.App.Ref/8.0.16/ref/net8.0/System.Collections.dll /reference:/usr/lib/dotnet/packs/Microsoft.NETCore.App.Ref/8.0.16/ref/net8.0/System.Collections.Immutable.dll /reference:/usr/lib/dotnet/packs/Microsoft.NETCore.App.Ref/8.0.16/ref/net8.0/System.Collections.NonGeneric.dll /reference:/usr/lib/dotnet/packs/Microsoft.NETCore.App.Ref/8.0.16/ref/net8.0/System.Collections.Specialized.dll /reference:/usr/lib/dotnet/packs/Microsoft.NETCore.App.Ref/8.0.16/ref/net8.0/System.ComponentModel.Annotations.dll /reference:/usr/lib/dotnet/packs/Microsoft.NETCore.App.Ref/8.0.16/ref/net8.0/System.ComponentModel.DataAnnotations.dll /reference:/usr/lib/dotnet/packs/Microsoft.NETCore.App.Ref/8.0.16/ref/net8.0/System.ComponentModel.dll /reference:/usr/lib/dotnet/packs/Microsoft.NETCore.App.Ref/8.0.16/ref/net8.0/System.ComponentModel.EventBasedAsync.dll /reference:/usr/lib/dotnet/packs/Microsoft.NETCore.App.Ref/8.0.16/ref/net8.0/System.ComponentModel.Primitives.dll /reference:/usr/lib/dotnet/packs/Microsoft.NETCore.App.Ref/8.0.16/ref/net8.0/System.ComponentModel.TypeConverter.dll /reference:/usr/lib/dotnet/packs/Microsoft.NETCore.App.Ref/8.0.16/ref/net8.0/System.Configuration.dll /reference:/usr/lib/dotnet/packs/Microsoft.NETCore.App.Ref/8.0.16/ref/net8.0/System.Console.dll /reference:/usr/lib/dotnet/packs/Microsoft.NETCore.App.Ref/8.0.16/ref/net8.0/System.Core.dll /reference:/usr/lib/dotnet/packs/Microsoft.NETCore.App.Ref/8.0.16/ref/net8.0/System.Data.Common.dll /reference:/usr/lib/dotnet/packs/Microsoft.NETCore.App.Ref/8.0.16/ref/net8.0/System.Data.DataSetExtensions.dll /reference:/usr/lib/dotnet/packs/Microsoft.NETCore.App.Ref/8.0.16/ref/net8.0/System.Data.dll /reference:/usr/lib/dotnet/packs/Microsoft.NETCore.App.Ref/8.0.16/ref/net8.0/System.Diagnostics.Contracts.dll /reference:/usr/lib/dotnet/packs/Microsoft.NETCore.App.Ref/8.0.16/ref/net8.0/System.Diagnostics.Debug.dll /reference:/usr/lib/dotnet/packs/Microsoft.NETCore.App.Ref/8.0.16/ref/net8.0/System.Diagnostics.DiagnosticSource.dll /reference:/usr/lib/dotnet/packs/Microsoft.NETCore.App.Ref/8.0.16/ref/net8.0/System.Diagnostics.FileVersionInfo.dll /reference:/usr/lib/dotnet/packs/Microsoft.NETCore.App.Ref/8.0.16/ref/net8.0/System.Diagnostics.Process.dll /reference:/usr/lib/dotnet/packs/Microsoft.NETCore.App.Ref/8.0.16/ref/net8.0/System.Diagnostics.StackTrace.dll /reference:/usr/lib/dotnet/packs/Microsoft.NETCore.App.Ref/8.0.16/ref/net8.0/System.Diagnostics.TextWriterTraceListener.dll /reference:/usr/lib/dotnet/packs/Microsoft.NETCore.App.Ref/8.0.16/ref/net8.0/System.Diagnostics.Tools.dll /reference:/usr/lib/dotnet/packs/Microsoft.NETCore.App.Ref/8.0.16/ref/net8.0/System.Diagnostics.TraceSource.dll /reference:/usr/lib/dotnet/packs/Microsoft.NETCore.App.Ref/8.0.16/ref/net8.0/System.Diagnostics.Tracing.dll /reference:/usr/lib/dotnet/packs/Microsoft.NETCore.App.Ref/8.0.16/ref/net8.0/System.dll /reference:/usr/lib/dotnet/packs/Microsoft.NETCore.App.Ref/8.0.16/ref/net8.0/System.Drawing.dll /reference:/usr/lib/dotnet/packs/Microsoft.NETCore.App.Ref/8.0.16/ref/net8.0/System.Drawing.Primitives.dll /reference:/usr/lib/dotnet/packs/Microsoft.NETCore.App.Ref/8.0.16/ref/net8.0/System.Dynamic.Runtime.dll /reference:/usr/lib/dotnet/packs/Microsoft.NETCore.App.Ref/8.0.16/ref/net8.0/System.Formats.Asn1.dll /reference:/usr/lib/dotnet/packs/Microsoft.NETCore.App.Ref/8.0.16/ref/net8.0/System.Formats.Tar.dll /reference:/usr/lib/dotnet/packs/Microsoft.NETCore.App.Ref/8.0.16/ref/net8.0/System.Globalization.Calendars.dll /reference:/usr/lib/dotnet/packs/Microsoft.NETCore.App.Ref/8.0.16/ref/net8.0/System.Globalization.dll /reference:/usr/lib/dotnet/packs/Microsoft.NETCore.App.Ref/8.0.16/ref/net8.0/System.Globalization.Extensions.dll /reference:/usr/lib/dotnet/packs/Microsoft.NETCore.App.Ref/8.0.16/ref/net8.0/System.IO.Compression.Brotli.dll /reference:/usr/lib/dotnet/packs/Microsoft.NETCore.App.Ref/8.0.16/ref/net8.0/System.IO.Compression.dll /reference:/usr/lib/dotnet/packs/Microsoft.NETCore.App.Ref/8.0.16/ref/net8.0/System.IO.Compression.FileSystem.dll /reference:/usr/lib/dotnet/packs/Microsoft.NETCore.App.Ref/8.0.16/ref/net8.0/System.IO.Compression.ZipFile.dll /reference:/usr/lib/dotnet/packs/Microsoft.NETCore.App.Ref/8.0.16/ref/net8.0/System.IO.dll /reference:/usr/lib/dotnet/packs/Microsoft.NETCore.App.Ref/8.0.16/ref/net8.0/System.IO.FileSystem.AccessControl.dll /reference:/usr/lib/dotnet/packs/Microsoft.NETCore.App.Ref/8.0.16/ref/net8.0/System.IO.FileSystem.dll /reference:/usr/lib/dotnet/packs/Microsoft.NETCore.App.Ref/8.0.16/ref/net8.0/System.IO.FileSystem.DriveInfo.dll /reference:/usr/lib/dotnet/packs/Microsoft.NETCore.App.Ref/8.0.16/ref/net8.0/System.IO.FileSystem.Primitives.dll /reference:/usr/lib/dotnet/packs/Microsoft.NETCore.App.Ref/8.0.16/ref/net8.0/System.IO.FileSystem.Watcher.dll /reference:/usr/lib/dotnet/packs/Microsoft.NETCore.App.Ref/8.0.16/ref/net8.0/System.IO.IsolatedStorage.dll /reference:/usr/lib/dotnet/packs/Microsoft.NETCore.App.Ref/8.0.16/ref/net8.0/System.IO.MemoryMappedFiles.dll /reference:/usr/lib/dotnet/packs/Microsoft.NETCore.App.Ref/8.0.16/ref/net8.0/System.IO.Pipes.AccessControl.dll /reference:/usr/lib/dotnet/packs/Microsoft.NETCore.App.Ref/8.0.16/ref/net8.0/System.IO.Pipes.dll /reference:/usr/lib/dotnet/packs/Microsoft.NETCore.App.Ref/8.0.16/ref/net8.0/System.IO.UnmanagedMemoryStream.dll /reference:/usr/lib/dotnet/packs/Microsoft.NETCore.App.Ref/8.0.16/ref/net8.0/System.Linq.dll /reference:/usr/lib/dotnet/packs/Microsoft.NETCore.App.Ref/8.0.16/ref/net8.0/System.Linq.Expressions.dll /reference:/usr/lib/dotnet/packs/Microsoft.NETCore.App.Ref/8.0.16/ref/net8.0/System.Linq.Parallel.dll /reference:/usr/lib/dotnet/packs/Microsoft.NETCore.App.Ref/8.0.16/ref/net8.0/System.Linq.Queryable.dll /reference:/usr/lib/dotnet/packs/Microsoft.NETCore.App.Ref/8.0.16/ref/net8.0/System.Memory.dll /reference:/usr/lib/dotnet/packs/Microsoft.NETCore.App.Ref/8.0.16/ref/net8.0/System.Net.dll /reference:/usr/lib/dotnet/packs/Microsoft.NETCore.App.Ref/8.0.16/ref/net8.0/System.Net.Http.dll /reference:/usr/lib/dotnet/packs/Microsoft.NETCore.App.Ref/8.0.16/ref/net8.0/System.Net.Http.Json.dll /reference:/usr/lib/dotnet/packs/Microsoft.NETCore.App.Ref/8.0.16/ref/net8.0/System.Net.HttpListener.dll /reference:/usr/lib/dotnet/packs/Microsoft.NETCore.App.Ref/8.0.16/ref/net8.0/System.Net.Mail.dll /reference:/usr/lib/dotnet/packs/Microsoft.NETCore.App.Ref/8.0.16/ref/net8.0/System.Net.NameResolution.dll /reference:/usr/lib/dotnet/packs/Microsoft.NETCore.App.Ref/8.0.16/ref/net8.0/System.Net.NetworkInformation.dll /reference:/usr/lib/dotnet/packs/Microsoft.NETCore.App.Ref/8.0.16/ref/net8.0/System.Net.Ping.dll /reference:/usr/lib/dotnet/packs/Microsoft.NETCore.App.Ref/8.0.16/ref/net8.0/System.Net.Primitives.dll /reference:/usr/lib/dotnet/packs/Microsoft.NETCore.App.Ref/8.0.16/ref/net8.0/System.Net.Quic.dll /reference:/usr/lib/dotnet/packs/Microsoft.NETCore.App.Ref/8.0.16/ref/net8.0/System.Net.Requests.dll /reference:/usr/lib/dotnet/packs/Microsoft.NETCore.App.Ref/8.0.16/ref/net8.0/System.Net.Security.dll /reference:/usr/lib/dotnet/packs/Microsoft.NETCore.App.Ref/8.0.16/ref/net8.0/System.Net.ServicePoint.dll /reference:/usr/lib/dotnet/packs/Microsoft.NETCore.App.Ref/8.0.16/ref/net8.0/System.Net.Sockets.dll /reference:/usr/lib/dotnet/packs/Microsoft.NETCore.App.Ref/8.0.16/ref/net8.0/System.Net.WebClient.dll /reference:/usr/lib/dotnet/packs/Microsoft.NETCore.App.Ref/8.0.16/ref/net8.0/System.Net.WebHeaderCollection.dll /reference:/usr/lib/dotnet/packs/Microsoft.NETCore.App.Ref/8.0.16/ref/net8.0/System.Net.WebProxy.dll /reference:/usr/lib/dotnet/packs/Microsoft.NETCore.App.Ref/8.0.16/ref/net8.0/System.Net.WebSockets.Client.dll /reference:/usr/lib/dotnet/packs/Microsoft.NETCore.App.Ref/8.0.16/ref/net8.0/System.Net.WebSockets.dll /reference:/usr/lib/dotnet/packs/Microsoft.NETCore.App.Ref/8.0.16/ref/net8.0/System.Numerics.dll /reference:/usr/lib/dotnet/packs/Microsoft.NETCore.App.Ref/8.0.16/ref/net8.0/System.Numerics.Vectors.dll /reference:/usr/lib/dotnet/packs/Microsoft.NETCore.App.Ref/8.0.16/ref/net8.0/System.ObjectModel.dll /reference:/usr/lib/dotnet/packs/Microsoft.NETCore.App.Ref/8.0.16/ref/net8.0/System.Reflection.DispatchProxy.dll /reference:/usr/lib/dotnet/packs/Microsoft.NETCore.App.Ref/8.0.16/ref/net8.0/System.Reflection.dll /reference:/usr/lib/dotnet/packs/Microsoft.NETCore.App.Ref/8.0.16/ref/net8.0/System.Reflection.Emit.dll /reference:/usr/lib/dotnet/packs/Microsoft.NETCore.App.Ref/8.0.16/ref/net8.0/System.Reflection.Emit.ILGeneration.dll /reference:/usr/lib/dotnet/packs/Microsoft.NETCore.App.Ref/8.0.16/ref/net8.0/System.Reflection.Emit.Lightweight.dll /reference:/usr/lib/dotnet/packs/Microsoft.NETCore.App.Ref/8.0.16/ref/net8.0/System.Reflection.Extensions.dll /reference:/usr/lib/dotnet/packs/Microsoft.NETCore.App.Ref/8.0.16/ref/net8.0/System.Reflection.Metadata.dll /reference:/usr/lib/dotnet/packs/Microsoft.NETCore.App.Ref/8.0.16/ref/net8.0/System.Reflection.Primitives.dll /reference:/usr/lib/dotnet/packs/Microsoft.NETCore.App.Ref/8.0.16/ref/net8.0/System.Reflection.TypeExtensions.dll /reference:/usr/lib/dotnet/packs/Microsoft.NETCore.App.Ref/8.0.16/ref/net8.0/System.Resources.Reader.dll /reference:/usr/lib/dotnet/packs/Microsoft.NETCore.App.Ref/8.0.16/ref/net8.0/System.Resources.ResourceManager.dll /reference:/usr/lib/dotnet/packs/Microsoft.NETCore.App.Ref/8.0.16/ref/net8.0/System.Resources.Writer.dll /reference:/usr/lib/dotnet/packs/Microsoft.NETCore.App.Ref/8.0.16/ref/net8.0/System.Runtime.CompilerServices.Unsafe.dll /reference:/usr/lib/dotnet/packs/Microsoft.NETCore.App.Ref/8.0.16/ref/net8.0/System.Runtime.CompilerServices.VisualC.dll /reference:/usr/lib/dotnet/packs/Microsoft.NETCore.App.Ref/8.0.16/ref/net8.0/System.Runtime.dll /reference:/usr/lib/dotnet/packs/Microsoft.NETCore.App.Ref/8.0.16/ref/net8.0/System.Runtime.Extensions.dll /reference:/usr/lib/dotnet/packs/Microsoft.NETCore.App.Ref/8.0.16/ref/net8.0/System.Runtime.Handles.dll /reference:/usr/lib/dotnet/packs/Microsoft.NETCore.App.Ref/8.0.16/ref/net8.0/System.Runtime.InteropServices.dll /reference:/usr/lib/dotnet/packs/Microsoft.NETCore.App.Ref/8.0.16/ref/net8.0/System.Runtime.InteropServices.JavaScript.dll /reference:/usr/lib/dotnet/packs/Microsoft.NETCore.App.Ref/8.0.16/ref/net8.0/System.Runtime.InteropServices.RuntimeInformation.dll /reference:/usr/lib/dotnet/packs/Microsoft.NETCore.App.Ref/8.0.16/ref/net8.0/System.Runtime.Intrinsics.dll /reference:/usr/lib/dotnet/packs/Microsoft.NETCore.App.Ref/8.0.16/ref/net8.0/System.Runtime.Loader.dll /reference:/usr/lib/dotnet/packs/Microsoft.NETCore.App.Ref/8.0.16/ref/net8.0/System.Runtime.Numerics.dll /reference:/usr/lib/dotnet/packs/Microsoft.NETCore.App.Ref/8.0.16/ref/net8.0/System.Runtime.Serialization.dll /reference:/usr/lib/dotnet/packs/Microsoft.NETCore.App.Ref/8.0.16/ref/net8.0/System.Runtime.Serialization.Formatters.dll /reference:/usr/lib/dotnet/packs/Microsoft.NETCore.App.Ref/8.0.16/ref/net8.0/System.Runtime.Serialization.Json.dll /reference:/usr/lib/dotnet/packs/Microsoft.NETCore.App.Ref/8.0.16/ref/net8.0/System.Runtime.Serialization.Primitives.dll /reference:/usr/lib/dotnet/packs/Microsoft.NETCore.App.Ref/8.0.16/ref/net8.0/System.Runtime.Serialization.Xml.dll /reference:/usr/lib/dotnet/packs/Microsoft.NETCore.App.Ref/8.0.16/ref/net8.0/System.Security.AccessControl.dll /reference:/usr/lib/dotnet/packs/Microsoft.NETCore.App.Ref/8.0.16/ref/net8.0/System.Security.Claims.dll /reference:/usr/lib/dotnet/packs/Microsoft.NETCore.App.Ref/8.0.16/ref/net8.0/System.Security.Cryptography.Algorithms.dll /reference:/usr/lib/dotnet/packs/Microsoft.NETCore.App.Ref/8.0.16/ref/net8.0/System.Security.Cryptography.Cng.dll /reference:/usr/lib/dotnet/packs/Microsoft.NETCore.App.Ref/8.0.16/ref/net8.0/System.Security.Cryptography.Csp.dll /reference:/usr/lib/dotnet/packs/Microsoft.NETCore.App.Ref/8.0.16/ref/net8.0/System.Security.Cryptography.dll /reference:/usr/lib/dotnet/packs/Microsoft.NETCore.App.Ref/8.0.16/ref/net8.0/System.Security.Cryptography.Encoding.dll /reference:/usr/lib/dotnet/packs/Microsoft.NETCore.App.Ref/8.0.16/ref/net8.0/System.Security.Cryptography.OpenSsl.dll /reference:/usr/lib/dotnet/packs/Microsoft.NETCore.App.Ref/8.0.16/ref/net8.0/System.Security.Cryptography.Primitives.dll /reference:/usr/lib/dotnet/packs/Microsoft.NETCore.App.Ref/8.0.16/ref/net8.0/System.Security.Cryptography.X509Certificates.dll /reference:/usr/lib/dotnet/packs/Microsoft.NETCore.App.Ref/8.0.16/ref/net8.0/System.Security.dll /reference:/usr/lib/dotnet/packs/Microsoft.NETCore.App.Ref/8.0.16/ref/net8.0/System.Security.Principal.dll /reference:/usr/lib/dotnet/packs/Microsoft.NETCore.App.Ref/8.0.16/ref/net8.0/System.Security.Principal.Windows.dll /reference:/usr/lib/dotnet/packs/Microsoft.NETCore.App.Ref/8.0.16/ref/net8.0/System.Security.SecureString.dll /reference:/usr/lib/dotnet/packs/Microsoft.NETCore.App.Ref/8.0.16/ref/net8.0/System.ServiceModel.Web.dll /reference:/usr/lib/dotnet/packs/Microsoft.NETCore.App.Ref/8.0.16/ref/net8.0/System.ServiceProcess.dll /reference:/usr/lib/dotnet/packs/Microsoft.NETCore.App.Ref/8.0.16/ref/net8.0/System.Text.Encoding.CodePages.dll /reference:/usr/lib/dotnet/packs/Microsoft.NETCore.App.Ref/8.0.16/ref/net8.0/System.Text.Encoding.dll /reference:/usr/lib/dotnet/packs/Microsoft.NETCore.App.Ref/8.0.16/ref/net8.0/System.Text.Encoding.Extensions.dll /reference:/usr/lib/dotnet/packs/Microsoft.NETCore.App.Ref/8.0.16/ref/net8.0/System.Text.Encodings.Web.dll /reference:/usr/lib/dotnet/packs/Microsoft.NETCore.App.Ref/8.0.16/ref/net8.0/System.Text.Json.dll /reference:/usr/lib/dotnet/packs/Microsoft.NETCore.App.Ref/8.0.16/ref/net8.0/System.Text.RegularExpressions.dll /reference:/usr/lib/dotnet/packs/Microsoft.NETCore.App.Ref/8.0.16/ref/net8.0/System.Threading.Channels.dll /reference:/usr/lib/dotnet/packs/Microsoft.NETCore.App.Ref/8.0.16/ref/net8.0/System.Threading.dll /reference:/usr/lib/dotnet/packs/Microsoft.NETCore.App.Ref/8.0.16/ref/net8.0/System.Threading.Overlapped.dll /reference:/usr/lib/dotnet/packs/Microsoft.NETCore.App.Ref/8.0.16/ref/net8.0/System.Threading.Tasks.Dataflow.dll /reference:/usr/lib/dotnet/packs/Microsoft.NETCore.App.Ref/8.0.16/ref/net8.0/System.Threading.Tasks.dll /reference:/usr/lib/dotnet/packs/Microsoft.NETCore.App.Ref/8.0.16/ref/net8.0/System.Threading.Tasks.Extensions.dll /reference:/usr/lib/dotnet/packs/Microsoft.NETCore.App.Ref/8.0.16/ref/net8.0/System.Threading.Tasks.Parallel.dll /reference:/usr/lib/dotnet/packs/Microsoft.NETCore.App.Ref/8.0.16/ref/net8.0/System.Threading.Thread.dll /reference:/usr/lib/dotnet/packs/Microsoft.NETCore.App.Ref/8.0.16/ref/net8.0/System.Threading.ThreadPool.dll /reference:/usr/lib/dotnet/packs/Microsoft.NETCore.App.Ref/8.0.16/ref/net8.0/System.Threading.Timer.dll /reference:/usr/lib/dotnet/packs/Microsoft.NETCore.App.Ref/8.0.16/ref/net8.0/System.Transactions.dll /reference:/usr/lib/dotnet/packs/Microsoft.NETCore.App.Ref/8.0.16/ref/net8.0/System.Transactions.Local.dll /reference:/usr/lib/dotnet/packs/Microsoft.NETCore.App.Ref/8.0.16/ref/net8.0/System.ValueTuple.dll /reference:/usr/lib/dotnet/packs/Microsoft.NETCore.App.Ref/8.0.16/ref/net8.0/System.Web.dll /reference:/usr/lib/dotnet/packs/Microsoft.NETCore.App.Ref/8.0.16/ref/net8.0/System.Web.HttpUtility.dll /reference:/usr/lib/dotnet/packs/Microsoft.NETCore.App.Ref/8.0.16/ref/net8.0/System.Windows.dll /reference:/usr/lib/dotnet/packs/Microsoft.NETCore.App.Ref/8.0.16/ref/net8.0/System.Xml.dll /reference:/usr/lib/dotnet/packs/Microsoft.NETCore.App.Ref/8.0.16/ref/net8.0/System.Xml.Linq.dll /reference:/usr/lib/dotnet/packs/Microsoft.NETCore.App.Ref/8.0.16/ref/net8.0/System.Xml.ReaderWriter.dll /reference:/usr/lib/dotnet/packs/Microsoft.NETCore.App.Ref/8.0.16/ref/net8.0/System.Xml.Serialization.dll /reference:/usr/lib/dotnet/packs/Microsoft.NETCore.App.Ref/8.0.16/ref/net8.0/System.Xml.XDocument.dll /reference:/usr/lib/dotnet/packs/Microsoft.NETCore.App.Ref/8.0.16/ref/net8.0/System.Xml.XmlDocument.dll /reference:/usr/lib/dotnet/packs/Microsoft.NETCore.App.Ref/8.0.16/ref/net8.0/System.Xml.XmlSerializer.dll /reference:/usr/lib/dotnet/packs/Microsoft.NETCore.App.Ref/8.0.16/ref/net8.0/System.Xml.XPath.dll /reference:/usr/lib/dotnet/packs/Microsoft.NETCore.App.Ref/8.0.16/ref/net8.0/System.Xml.XPath.XDocument.dll /reference:/usr/lib/dotnet/packs/Microsoft.NETCore.App.Ref/8.0.16/ref/net8.0/WindowsBase.dll /debug+ /debug:portable /filealign:512 /optimize- /out:obj/Debug/net8.0/Microsoft.Practices.Prism.PubSubEvents.dll /refout:obj/Debug/net8.0/refint/Microsoft.Practices.Prism.PubSubEvents.dll /resource:obj/Debug/net8.0/Microsoft.Practices.Prism.PubSubEvents.Properties.Resources.resources /target:library /warnaserror- /utf8output /deterministic+ /sourcelink:obj/Debug/net8.0/Microsoft.Practices.Prism.PubSubEvents.sourcelink.json /langversion:12.0 /embed:"obj/Debug/net8.0/.NETCoreApp,Version=v8.0.AssemblyAttributes.cs" /analyzerconfig:obj/Debug/net8.0/Microsoft.Practices.Prism.PubSubEvents.GeneratedMSBuildEditorConfig.editorconfig /analyzerconfig:/usr/lib/dotnet/sdk/8.0.116/Sdks/Microsoft.NET.Sdk/analyzers/build/config/analysislevel_8_default.globalconfig /analyzer:/usr/lib/dotnet/sdk/8.0.116/Sdks/Microsoft.NET.Sdk/targets/../analyzers/Microsoft.CodeAnalysis.CSharp.NetAnalyzers.dll /analyzer:/usr/lib/dotnet/sdk/8.0.116/Sdks/Microsoft.NET.Sdk/targets/../analyzers/Microsoft.CodeAnalysis.NetAnalyzers.dll /analyzer:/usr/lib/dotnet/packs/Microsoft.NETCore.App.Ref/8.0.16/analyzers/dotnet/cs/Microsoft.Interop.ComInterfaceGenerator.dll /analyzer:/usr/lib/dotnet/packs/Microsoft.NETCore.App.Ref/8.0.16/analyzers/dotnet/cs/Microsoft.Interop.JavaScript.JSImportGenerator.dll /analyzer:/usr/lib/dotnet/packs/Microsoft.NETCore.App.Ref/8.0.16/analyzers/dotnet/cs/Microsoft.Interop.LibraryImportGenerator.dll /analyzer:/usr/lib/dotnet/packs/Microsoft.NETCore.App.Ref/8.0.16/analyzers/dotnet/cs/Microsoft.Interop.SourceGeneration.dll /analyzer:/usr/lib/dotnet/packs/Microsoft.NETCore.App.Ref/8.0.16/analyzers/dotnet/cs/System.Text.Json.SourceGeneration.dll /analyzer:/usr/lib/dotnet/packs/Microsoft.NETCore.App.Ref/8.0.16/analyzers/dotnet/cs/System.Text.RegularExpressions.Generator.dll BackgroundEventSubscription.cs DataEventArgs.cs DelegateReference.cs DispatcherEventSubscription.cs EventAggregator.cs EventBase.cs EventSubscription.cs IDelegateReference.cs IEventAggregator.cs IEventSubscription.cs Properties/AssemblyInfo.cs Properties/Resources.Designer.cs PubSubEvent.cs SubscriptionToken.cs ThreadOption.cs "obj/Debug/net8.0/.NETCoreApp,Version=v8.0.AssemblyAttributes.cs" /warnaserror+:NU1605,SYSLIB0011
         Assembly loaded during TaskRun (Microsoft.CodeAnalysis.BuildTasks.Csc): System.Security.Principal.Windows, Version=8.0.0.0, Culture=neutral, PublicKeyToken=b03f5f7f11d50a3a (location: /usr/lib/dotnet/shared/Microsoft.NETCore.App/8.0.16/System.Security.Principal.Windows.dll, MVID: 16958288-ee5f-4143-8925-834a260b6b74, AppDomain: [Default])
         Assembly loaded during TaskRun (Microsoft.CodeAnalysis.BuildTasks.Csc): System.Security.Claims, Version=8.0.0.0, Culture=neutral, PublicKeyToken=b03f5f7f11d50a3a (location: /usr/lib/dotnet/shared/Microsoft.NETCore.App/8.0.16/System.Security.Claims.dll, MVID: 11076b13-cc1e-4b21-92fb-0e1b436fffa1, AppDomain: [Default])
         Assembly loaded during TaskRun (Microsoft.CodeAnalysis.BuildTasks.Csc): System.IO.Pipes, Version=8.0.0.0, Culture=neutral, PublicKeyToken=b03f5f7f11d50a3a (location: /usr/lib/dotnet/shared/Microsoft.NETCore.App/8.0.16/System.IO.Pipes.dll, MVID: a5ab982d-5bfd-4b6f-a817-7abab1ebdf6c, AppDomain: [Default])
         Assembly loaded during TaskRun (Microsoft.CodeAnalysis.BuildTasks.Csc): System.Net.Sockets, Version=8.0.0.0, Culture=neutral, PublicKeyToken=b03f5f7f11d50a3a (location: /usr/lib/dotnet/shared/Microsoft.NETCore.App/8.0.16/System.Net.Sockets.dll, MVID: 48552479-920f-42fa-ae2f-499378e74ca0, AppDomain: [Default])
         Microsoft (R) Visual C# Compiler version 4.8.0-7.25056.18 (a77b6e41)
         Copyright (C) Microsoft Corporation. All rights reserved.
         CompilerServer: server - server processed compilation - d70e33d1-6ab9-42b5-a4bb-aa7595e07e01
       Done executing task "Csc".
       Task "CallTarget" skipped, due to false condition; ('$(TargetsTriggeredByCompilation)' != '') was evaluated as ('' != '').
   2:6>Done building target "CoreCompile" in project "Microsoft.Practices.Prism.PubSubEvents.csproj".
       Target "_TouchLastBuildWithSkipAnalyzers" skipped, due to false condition; ('$(_SkipAnalyzers)' == 'true') was evaluated as ('' == 'true').
       Target "_TimeStampAfterCompile" skipped, due to false condition; ('$(RunPostBuildEvent)'=='OnOutputUpdated' or ('$(RegisterForComInterop)'=='true' and '$(OutputType)'=='library')) was evaluated as (''=='OnOutputUpdated' or (''=='true' and 'Library'=='library')).
   2:6>Target "AfterCompile" in file "/usr/lib/dotnet/sdk/8.0.116/Microsoft.Common.CurrentVersion.targets" from project "/app/Prism.PubSubEvents/Microsoft.Practices.Prism.PubSubEvents.csproj" (target "Compile" depends on it):
   2:6>Done building target "AfterCompile" in project "Microsoft.Practices.Prism.PubSubEvents.csproj".
       Target "_CreateAppHost" skipped, due to false condition; ('$(ComputeNETCoreBuildOutputFiles)' == 'true' and
                            '$(AppHostSourcePath)' != '' and
                            Exists('@(IntermediateAssembly)') and
                            Exists('$(AppHostSourcePath)')) was evaluated as ('true' == 'true' and
                            '' != '' and
                            Exists('obj/Debug/net8.0/Microsoft.Practices.Prism.PubSubEvents.dll') and
                            Exists('')).
       Target "_CreateComHost" skipped, due to false condition; ('$(ComputeNETCoreBuildOutputFiles)' == 'true' and
                            '$(ComHostIntermediatePath)' != '' and
                            Exists('@(IntermediateAssembly)') and
                            Exists('$(ComHostSourcePath)')) was evaluated as ('true' == 'true' and
                            '' != '' and
                            Exists('obj/Debug/net8.0/Microsoft.Practices.Prism.PubSubEvents.dll') and
                            Exists('')).
       Target "_GetIjwHostPaths" skipped, due to false condition; ('$(UseIJWHost)' == 'true') was evaluated as ('' == 'true').
   2:6>Target "Compile" in file "/usr/lib/dotnet/sdk/8.0.116/Microsoft.Common.CurrentVersion.targets" from project "/app/Prism.PubSubEvents/Microsoft.Practices.Prism.PubSubEvents.csproj" (target "CoreBuild" depends on it):
   2:6>Done building target "Compile" in project "Microsoft.Practices.Prism.PubSubEvents.csproj".
       Target "ExportWindowsMDFile" skipped, due to false condition; ('$(ExportWinMDFile)' == 'true') was evaluated as ('' == 'true').
       Target "UnmanagedUnregistration" skipped, due to false condition; ((('$(_AssemblyTimestampBeforeCompile)' != '$(_AssemblyTimestampAfterCompile)' or '$(RegisterForComInterop)' != 'true' or '$(OutputType)' != 'library') or
                           ('$(_AssemblyTimestampBeforeCompile)' == '')) and
                          Exists('@(_UnmanagedRegistrationCache)')) was evaluated as ((('' != '' or '' != 'true' or 'Library' != 'library') or
                           ('' == '')) and
                          Exists('obj/Microsoft.Practices.Prism.PubSubEvents.csproj.UnmanagedRegistration.cache')).
       Target "GenerateSerializationAssemblies" skipped, due to false condition; ('$(_SGenGenerateSerializationAssembliesConfig)' == 'On' or ('@(WebReferenceUrl)'!='' and '$(_SGenGenerateSerializationAssembliesConfig)' == 'Auto')) was evaluated as ('Off' == 'On' or (''!='' and 'Off' == 'Auto')).
   2:6>Target "_GenerateSatelliteAssemblyInputs" in file "/usr/lib/dotnet/sdk/8.0.116/Microsoft.Common.CurrentVersion.targets" from project "/app/Prism.PubSubEvents/Microsoft.Practices.Prism.PubSubEvents.csproj" (target "CreateSatelliteAssemblies" depends on it):
       Task "Warning" skipped, due to false condition; ('@(ManifestResourceWithCulture)'!='' and '%(ManifestResourceWithCulture.EmittedForCompatibilityOnly)'=='') was evaluated as (''!='' and ''=='').
       Task "Warning" skipped, due to false condition; ('@(ManifestNonResxWithCultureOnDisk)'!='' and '%(ManifestNonResxWithCultureOnDisk.EmittedForCompatibilityOnly)'=='') was evaluated as (''!='' and ''=='').
   2:6>Done building target "_GenerateSatelliteAssemblyInputs" in project "Microsoft.Practices.Prism.PubSubEvents.csproj".
       Target "CreateManifestResourceNames" skipped. Previously built successfully.
   2:6>Target "ComputeIntermediateSatelliteAssemblies" in file "/usr/lib/dotnet/sdk/8.0.116/Microsoft.Common.CurrentVersion.targets" from project "/app/Prism.PubSubEvents/Microsoft.Practices.Prism.PubSubEvents.csproj" (target "CreateSatelliteAssemblies" depends on it):
   2:6>Done building target "ComputeIntermediateSatelliteAssemblies" in project "Microsoft.Practices.Prism.PubSubEvents.csproj".
       Target "GenerateSatelliteAssemblies" skipped, due to false condition; ('@(_SatelliteAssemblyResourceInputs)' != '' and '$(GenerateSatelliteAssembliesForCore)' != 'true') was evaluated as ('' != '' and 'true' != 'true').
       Target "CoreGenerateSatelliteAssemblies" skipped, due to false condition; ('@(_SatelliteAssemblyResourceInputs)' != ''  and '$(GenerateSatelliteAssembliesForCore)' == 'true' ) was evaluated as ('' != ''  and 'true' == 'true' ).
   2:6>Target "CreateSatelliteAssemblies" in file "/usr/lib/dotnet/sdk/8.0.116/Microsoft.Common.CurrentVersion.targets" from project "/app/Prism.PubSubEvents/Microsoft.Practices.Prism.PubSubEvents.csproj" (target "CoreBuild" depends on it):
   2:6>Done building target "CreateSatelliteAssemblies" in project "Microsoft.Practices.Prism.PubSubEvents.csproj".
       Target "GenerateManifests" skipped, due to false condition; ('$(GenerateClickOnceManifests)'=='true' or '@(NativeReference)'!='' or '@(ResolvedIsolatedComModules)'!='' or '$(GenerateAppxManifest)' == 'true') was evaluated as (''=='true' or ''!='' or ''!='' or '' == 'true').
   2:6>Target "GetTargetPathWithTargetPlatformMoniker" in file "/usr/lib/dotnet/sdk/8.0.116/Microsoft.Common.CurrentVersion.targets" from project "/app/Prism.PubSubEvents/Microsoft.Practices.Prism.PubSubEvents.csproj" (target "GetTargetPath" depends on it):
   2:6>Done building target "GetTargetPathWithTargetPlatformMoniker" in project "Microsoft.Practices.Prism.PubSubEvents.csproj".
   2:6>Target "GetTargetPath" in file "/usr/lib/dotnet/sdk/8.0.116/Microsoft.Common.CurrentVersion.targets" from project "/app/Prism.PubSubEvents/Microsoft.Practices.Prism.PubSubEvents.csproj" (target "CoreBuild" depends on it):
   2:6>Done building target "GetTargetPath" in project "Microsoft.Practices.Prism.PubSubEvents.csproj".
       Target "ComputeIntermediateSatelliteAssemblies" skipped. Previously built successfully.
       Target "_CopyFilesMarkedCopyLocal" skipped, due to false condition; ('@(ReferenceCopyLocalPaths)' != '') was evaluated as ('' != '').
       Target "AssignTargetPaths" skipped. Previously built successfully.
       Target "AssignProjectConfiguration" skipped, due to false condition; ('$(CurrentSolutionConfigurationContents)' != '' or '@(ProjectReference)'!='') was evaluated as ('' != '' or ''!='').
       Target "_SplitProjectReferencesByFileExistence" skipped. Previously built successfully.
       Target "_GetProjectReferenceTargetFrameworkProperties" skipped. Previously built successfully.
   2:6>Target "_PopulateCommonStateForGetCopyToOutputDirectoryItems" in file "/usr/lib/dotnet/sdk/8.0.116/Microsoft.Common.CurrentVersion.targets" from project "/app/Prism.PubSubEvents/Microsoft.Practices.Prism.PubSubEvents.csproj" (target "GetCopyToOutputDirectoryItems" depends on it):
   2:6>Done building target "_PopulateCommonStateForGetCopyToOutputDirectoryItems" in project "Microsoft.Practices.Prism.PubSubEvents.csproj".
       Target "AddDepsJsonAndRuntimeConfigToCopyItemsForReferencingProjects" skipped, due to false condition; ('$(HasRuntimeOutput)' == 'true') was evaluated as ('' == 'true').
   2:6>Target "GetCopyToOutputDirectoryItems" in file "/usr/lib/dotnet/sdk/8.0.116/Microsoft.Common.CurrentVersion.targets" from project "/app/Prism.PubSubEvents/Microsoft.Practices.Prism.PubSubEvents.csproj" (target "_CopySourceItemsToOutputDirectory" depends on it):
       Using "CallTarget" task from assembly "Microsoft.Build.Tasks.Core, Version=15.1.0.0, Culture=neutral, PublicKeyToken=b03f5f7f11d50a3a".
       Task "CallTarget"
       Target "_PopulateCommonStateForGetCopyToOutputDirectoryItems" skipped. Previously built successfully.
       Target "_AddOutputPathToGlobalPropertiesToRemove" skipped. Previously built successfully.
   2:6>Target "_GetCopyToOutputDirectoryItemsFromTransitiveProjectReferences" in file "/usr/lib/dotnet/sdk/8.0.116/Microsoft.Common.CurrentVersion.targets" from project "/app/Prism.PubSubEvents/Microsoft.Practices.Prism.PubSubEvents.csproj" (target "GetCopyToOutputDirectoryItems" depends on it):
       Task "MSBuild" skipped, due to false condition; ('@(_MSBuildProjectReferenceExistent)' != '' and '$(_GetChildProjectCopyToOutputDirectoryItems)' == 'true' and '%(_MSBuildProjectReferenceExistent.Private)' != 'false' and '$(UseCommonOutputDirectory)' != 'true') was evaluated as ('' != '' and 'true' == 'true' and '' != 'false' and 'false' != 'true').
       Task "AssignTargetPath"
       Done executing task "AssignTargetPath".
   2:6>Done building target "_GetCopyToOutputDirectoryItemsFromTransitiveProjectReferences" in project "Microsoft.Practices.Prism.PubSubEvents.csproj".
       Done executing task "CallTarget".
       Task "CallTarget"
       Target "AssignTargetPaths" skipped. Previously built successfully.
       Target "_PopulateCommonStateForGetCopyToOutputDirectoryItems" skipped. Previously built successfully.
       Target "AddDepsJsonAndRuntimeConfigToCopyItemsForReferencingProjects" skipped, due to false condition; ('$(HasRuntimeOutput)' == 'true') was evaluated as ('' == 'true').
   2:6>Target "_GetCopyToOutputDirectoryItemsFromThisProject" in file "/usr/lib/dotnet/sdk/8.0.116/Microsoft.Common.CurrentVersion.targets" from project "/app/Prism.PubSubEvents/Microsoft.Practices.Prism.PubSubEvents.csproj" (target "GetCopyToOutputDirectoryItems" depends on it):
       Task "AssignTargetPath"
       Done executing task "AssignTargetPath".
   2:6>Done building target "_GetCopyToOutputDirectoryItemsFromThisProject" in project "Microsoft.Practices.Prism.PubSubEvents.csproj".
       Done executing task "CallTarget".
   2:6>Done building target "GetCopyToOutputDirectoryItems" in project "Microsoft.Practices.Prism.PubSubEvents.csproj".
       Target "_CopyOutOfDateSourceItemsToOutputDirectory" skipped, due to false condition; ( '@(_SourceItemsToCopyToOutputDirectory)' != '' ) was evaluated as ( '' != '' ).
       Target "_CopyOutOfDateSourceItemsToOutputDirectoryAlways" skipped, due to false condition; ( '@(_SourceItemsToCopyToOutputDirectoryAlways)' != '' ) was evaluated as ( '' != '' ).
   2:6>Target "_CopySourceItemsToOutputDirectory" in file "/usr/lib/dotnet/sdk/8.0.116/Microsoft.Common.CurrentVersion.targets" from project "/app/Prism.PubSubEvents/Microsoft.Practices.Prism.PubSubEvents.csproj" (target "CopyFilesToOutputDirectory" depends on it):
   2:6>Done building target "_CopySourceItemsToOutputDirectory" in project "Microsoft.Practices.Prism.PubSubEvents.csproj".
       Target "_CopyAppConfigFile" skipped, due to false condition; ( '@(AppConfigWithTargetPath)' != '' ) was evaluated as ( '' != '' ).
       Target "_CopyManifestFiles" skipped, due to false condition; ( '$(_DeploymentCopyApplicationManifest)'=='true' or '$(GenerateClickOnceManifests)'=='true' ) was evaluated as ( ''=='true' or ''=='true' ).
   2:6>Target "_CheckForCompileOutputs" in file "/usr/lib/dotnet/sdk/8.0.116/Microsoft.Common.CurrentVersion.targets" from project "/app/Prism.PubSubEvents/Microsoft.Practices.Prism.PubSubEvents.csproj" (target "CopyFilesToOutputDirectory" depends on it):
   2:6>Done building target "_CheckForCompileOutputs" in project "Microsoft.Practices.Prism.PubSubEvents.csproj".
       Target "_SGenCheckForOutputs" skipped, due to false condition; ('$(_SGenGenerateSerializationAssembliesConfig)' == 'On' or ('@(WebReferenceUrl)'!='' and '$(_SGenGenerateSerializationAssembliesConfig)' == 'Auto')) was evaluated as ('Off' == 'On' or (''!='' and 'Off' == 'Auto')).
       Target "_DefaultMicrosoftNETPlatformLibrary" skipped. Previously built successfully.
       Target "_HandlePackageFileConflicts" skipped. Previously built successfully.
       Target "ResolveAssemblyReferences" skipped. Previously built successfully.
   2:6>Target "_ComputeReferenceAssemblies" in file "/usr/lib/dotnet/sdk/8.0.116/Sdks/Microsoft.NET.Sdk/targets/Microsoft.NET.Sdk.targets" from project "/app/Prism.PubSubEvents/Microsoft.Practices.Prism.PubSubEvents.csproj" (target "GenerateBuildDependencyFile" depends on it):
   2:6>Done building target "_ComputeReferenceAssemblies" in project "Microsoft.Practices.Prism.PubSubEvents.csproj".
   2:6>Target "_ComputeUserRuntimeAssemblies" in file "/usr/lib/dotnet/sdk/8.0.116/Sdks/Microsoft.NET.Sdk/targets/Microsoft.NET.Sdk.targets" from project "/app/Prism.PubSubEvents/Microsoft.Practices.Prism.PubSubEvents.csproj" (target "GenerateBuildDependencyFile" depends on it):
   2:6>Done building target "_ComputeUserRuntimeAssemblies" in project "Microsoft.Practices.Prism.PubSubEvents.csproj".
       Target "ResolveRuntimePackAssets" skipped, due to false condition; ('@(RuntimePack)' != '') was evaluated as ('' != '').
       Target "_ComputePackageReferencePublish" skipped. Previously built successfully.
       Target "ComputeDependencyFileCompilerOptions" skipped, due to false condition; ('$(PreserveCompilationContext)' == 'true') was evaluated as ('' == 'true').
   2:6>Target "GenerateBuildDependencyFile" in file "/usr/lib/dotnet/sdk/8.0.116/Sdks/Microsoft.NET.Sdk/targets/Microsoft.NET.Sdk.targets" from project "/app/Prism.PubSubEvents/Microsoft.Practices.Prism.PubSubEvents.csproj" (target "CopyFilesToOutputDirectory" depends on it):
       Building target "GenerateBuildDependencyFile" completely.
       Output file "/app/Prism.PubSubEvents/bin/Debug/net8.0/Microsoft.Practices.Prism.PubSubEvents.deps.json" does not exist.
       Using "GenerateDepsFile" task from assembly "/usr/lib/dotnet/sdk/8.0.116/Sdks/Microsoft.NET.Sdk/targets/../tools/net8.0/Microsoft.NET.Build.Tasks.dll".
       Task "GenerateDepsFile"
       Done executing task "GenerateDepsFile".
   2:6>Done building target "GenerateBuildDependencyFile" in project "Microsoft.Practices.Prism.PubSubEvents.csproj".
       Target "GenerateBuildRuntimeConfigurationFiles" skipped, due to false condition; ( '$(GenerateRuntimeConfigurationFiles)' == 'true') was evaluated as ( '' == 'true').
       Target "GenerateShimsAssets" skipped, due to false condition; ('$(PackAsTool)' == 'true' and $(PackAsToolShimRuntimeIdentifiers) != '' ) was evaluated as ('' == 'true' and  != '' ).
   2:6>Target "CopyFilesToOutputDirectory" in file "/usr/lib/dotnet/sdk/8.0.116/Microsoft.Common.CurrentVersion.targets" from project "/app/Prism.PubSubEvents/Microsoft.Practices.Prism.PubSubEvents.csproj" (target "PrepareForRun" depends on it):
       Using "Copy" task from assembly "Microsoft.Build.Tasks.Core, Version=15.1.0.0, Culture=neutral, PublicKeyToken=b03f5f7f11d50a3a".
       Task "Copy"
         Copying file from "/app/Prism.PubSubEvents/obj/Debug/net8.0/Microsoft.Practices.Prism.PubSubEvents.dll" to "/app/Prism.PubSubEvents/bin/Debug/net8.0/Microsoft.Practices.Prism.PubSubEvents.dll".
       Done executing task "Copy".
       Using "CopyRefAssembly" task from assembly "/usr/lib/dotnet/sdk/8.0.116/Roslyn/Microsoft.Build.Tasks.CodeAnalysis.dll".
       Task "CopyRefAssembly"
         Copying reference assembly from "obj/Debug/net8.0/refint/Microsoft.Practices.Prism.PubSubEvents.dll" to "/app/Prism.PubSubEvents/obj/Debug/net8.0/ref/Microsoft.Practices.Prism.PubSubEvents.dll".
       Done executing task "CopyRefAssembly".
       Task "Message"
         Microsoft.Practices.Prism.PubSubEvents -> /app/Prism.PubSubEvents/bin/Debug/net8.0/Microsoft.Practices.Prism.PubSubEvents.dll
       Done executing task "Message".
       Task "Copy" skipped, due to false condition; ('@(AddModules)' != '') was evaluated as ('' != '').
       Task "Copy" skipped, due to false condition; ('$(_SGenDllCreated)'=='true') was evaluated as ('false'=='true').
       Task "Copy"
         Copying file from "/app/Prism.PubSubEvents/obj/Debug/net8.0/Microsoft.Practices.Prism.PubSubEvents.pdb" to "/app/Prism.PubSubEvents/bin/Debug/net8.0/Microsoft.Practices.Prism.PubSubEvents.pdb".
       Done executing task "Copy".
       Task "Copy" skipped, due to false condition; ('$(_DocumentationFileProduced)'=='true' and '$(CopyDocumentationFileToOutputDirectory)'=='true') was evaluated as ('false'=='true' and 'true'=='true').
       Task "Copy" skipped, due to false condition; ('@(IntermediateSatelliteAssembliesWithTargetPath)' != '') was evaluated as ('' != '').
       Task "Copy" skipped, due to false condition; ('@(ReferenceComWrappersToCopyLocal)' != '' or '@(ResolvedIsolatedComModules)' != '' or '@(_DeploymentLooseManifestFile)' != '' or '@(NativeReferenceFile)' != '' ) was evaluated as ('' != '' or '' != '' or '' != '' or '' != '' ).
       Task "Copy" skipped, due to false condition; ('$(SkipCopyWinMDArtifact)' != 'true' and '@(WinMDExpArtifacts)' != '') was evaluated as ('' != 'true' and '' != '').
       Task "Message" skipped, due to false condition; ('$(SkipCopyWinMDArtifact)' != 'true' and '$(_WindowsMetadataOutputPath)' != '') was evaluated as ('' != 'true' and '' != '').
   2:6>Done building target "CopyFilesToOutputDirectory" in project "Microsoft.Practices.Prism.PubSubEvents.csproj".
       Target "_CopyReferenceOnlyAssembliesForBuild" skipped, due to false condition; ('$(PreserveCompilationReferences)' == 'true') was evaluated as ('' == 'true').
   2:6>Target "PrepareForRun" in file "/usr/lib/dotnet/sdk/8.0.116/Microsoft.Common.CurrentVersion.targets" from project "/app/Prism.PubSubEvents/Microsoft.Practices.Prism.PubSubEvents.csproj" (target "CoreBuild" depends on it):
   2:6>Done building target "PrepareForRun" in project "Microsoft.Practices.Prism.PubSubEvents.csproj".
       Target "UnmanagedRegistration" skipped, due to false condition; ('$(RegisterForComInterop)'=='true' and '$(OutputType)'=='library') was evaluated as (''=='true' and 'Library'=='library').
       Target "_CheckForCompileOutputs" skipped. Previously built successfully.
       Target "_SGenCheckForOutputs" skipped, due to false condition; ('$(_SGenGenerateSerializationAssembliesConfig)' == 'On' or ('@(WebReferenceUrl)'!='' and '$(_SGenGenerateSerializationAssembliesConfig)' == 'Auto')) was evaluated as ('Off' == 'On' or (''!='' and 'Off' == 'Auto')).
   2:6>Target "_CleanGetCurrentAndPriorFileWrites" in file "/usr/lib/dotnet/sdk/8.0.116/Microsoft.Common.CurrentVersion.targets" from project "/app/Prism.PubSubEvents/Microsoft.Practices.Prism.PubSubEvents.csproj" (target "IncrementalClean" depends on it):
       Using "ReadLinesFromFile" task from assembly "Microsoft.Build.Tasks.Core, Version=15.1.0.0, Culture=neutral, PublicKeyToken=b03f5f7f11d50a3a".
       Task "ReadLinesFromFile"
       Done executing task "ReadLinesFromFile".
       Task "ConvertToAbsolutePath"
       Done executing task "ConvertToAbsolutePath".
       Using "FindUnderPath" task from assembly "Microsoft.Build.Tasks.Core, Version=15.1.0.0, Culture=neutral, PublicKeyToken=b03f5f7f11d50a3a".
       Task "FindUnderPath"
         Comparison path is "/app/Prism.PubSubEvents".
       Done executing task "FindUnderPath".
       Task "FindUnderPath"
         Comparison path is "bin/Debug/net8.0/".
       Done executing task "FindUnderPath".
       Task "FindUnderPath"
         Comparison path is "obj/Debug/net8.0/".
       Done executing task "FindUnderPath".
       Task "RemoveDuplicates"
       Done executing task "RemoveDuplicates".
   2:6>Done building target "_CleanGetCurrentAndPriorFileWrites" in project "Microsoft.Practices.Prism.PubSubEvents.csproj".
   2:6>Target "IncrementalClean" in file "/usr/lib/dotnet/sdk/8.0.116/Microsoft.Common.CurrentVersion.targets" from project "/app/Prism.PubSubEvents/Microsoft.Practices.Prism.PubSubEvents.csproj" (target "CoreBuild" depends on it):
       Task "FindUnderPath"
         Comparison path is "bin/Debug/net8.0/".
       Done executing task "FindUnderPath".
       Task "FindUnderPath"
         Comparison path is "obj/Debug/net8.0/".
       Done executing task "FindUnderPath".
       Using "Delete" task from assembly "Microsoft.Build.Tasks.Core, Version=15.1.0.0, Culture=neutral, PublicKeyToken=b03f5f7f11d50a3a".
       Task "Delete"
       Done executing task "Delete".
       Task "RemoveDuplicates"
       Done executing task "RemoveDuplicates".
       Task "WriteLinesToFile"
       Done executing task "WriteLinesToFile".
   2:6>Done building target "IncrementalClean" in project "Microsoft.Practices.Prism.PubSubEvents.csproj".
       Target "PostBuildEvent" skipped, due to false condition; ('$(PostBuildEvent)' != '' and ('$(RunPostBuildEvent)' != 'OnOutputUpdated' or '$(_AssemblyTimestampBeforeCompile)' != '$(_AssemblyTimestampAfterCompile)')) was evaluated as ('' != '' and ('' != 'OnOutputUpdated' or '' != '')).
       Target "GenerateBuildDependencyFile" skipped. Previously built successfully.
       Target "GenerateBuildRuntimeConfigurationFiles" skipped, due to false condition; ( '$(GenerateRuntimeConfigurationFiles)' == 'true') was evaluated as ( '' == 'true').
   2:6>Target "CoreBuild" in file "/usr/lib/dotnet/sdk/8.0.116/Microsoft.Common.CurrentVersion.targets" from project "/app/Prism.PubSubEvents/Microsoft.Practices.Prism.PubSubEvents.csproj" (target "Build" depends on it):
   2:6>Done building target "CoreBuild" in project "Microsoft.Practices.Prism.PubSubEvents.csproj".
   2:6>Target "AfterBuild" in file "/usr/lib/dotnet/sdk/8.0.116/Microsoft.Common.CurrentVersion.targets" from project "/app/Prism.PubSubEvents/Microsoft.Practices.Prism.PubSubEvents.csproj" (target "Build" depends on it):
   2:6>Done building target "AfterBuild" in project "Microsoft.Practices.Prism.PubSubEvents.csproj".
       Target "_CheckBrowserWorkloadNeededButNotAvailable" skipped, due to false condition; ('$(RuntimeIdentifier)' == 'browser-wasm' and '$(_BrowserWorkloadDisabled)' != 'true' and '$(WasmNativeWorkloadAvailable)' != 'true') was evaluated as ('' == 'browser-wasm' and '' != 'true' and '' != 'true').
       Target "_ErrorWorkloadDisabledForTFMLessThan6" skipped, due to false condition; ('$(_BrowserWorkloadNotSupportedForTFM)' == 'true') was evaluated as ('' == 'true').
       Target "_ErrorDualWasmThreadPropsOn7" skipped, due to false condition; ('$(TargetsNet7)' == 'true' and '$(RuntimeIdentifier)' == 'browser-wasm' and
           '$(BrowserWorkloadDisabled)' != 'true' and '$(WasmEnableThreads)' == 'true' and '$(WasmEnablePerfTrace)' == 'true') was evaluated as ('' == 'true' and '' == 'browser-wasm' and
           '' != 'true' and '' == 'true' and '' == 'true').
       Target "_CheckForInvalidConfigurationAndPlatform" skipped. Previously built successfully.
       Target "_CheckForInvalidConfigurationAndPlatform" skipped. Previously built successfully.
   2:6>Target "Build" in file "/usr/lib/dotnet/sdk/8.0.116/Microsoft.Common.CurrentVersion.targets" from project "/app/Prism.PubSubEvents/Microsoft.Practices.Prism.PubSubEvents.csproj" (entry point):
   2:6>Done building target "Build" in project "Microsoft.Practices.Prism.PubSubEvents.csproj".
       Target "_PackAsBuildAfterTarget" skipped, due to false condition; ('$(GeneratePackageOnBuild)' == 'true' AND '$(IsInnerBuild)' != 'true') was evaluated as ('false' == 'true' AND '' != 'true').
   2:6>Done Building Project "/app/Prism.PubSubEvents/Microsoft.Practices.Prism.PubSubEvents.csproj" (default targets).
   1:7>Done executing task "MSBuild".
       Task "MSBuild"
         Removing Properties for project "../Prism.PubSubEvents/Microsoft.Practices.Prism.PubSubEvents.csproj":
           TargetFramework
           RuntimeIdentifier
           SelfContained
   1:7>Project "/app/Prism.StoreApps/Microsoft.Practices.Prism.StoreApps.csproj" (1:7) is building "/app/Prism.PubSubEvents/Microsoft.Practices.Prism.PubSubEvents.csproj" (2:7) on node 1 (GetNativeManifest target(s)).
   2:7>Target "GetNativeManifest" in file "/usr/lib/dotnet/sdk/8.0.116/Microsoft.Common.CurrentVersion.targets" from project "/app/Prism.PubSubEvents/Microsoft.Practices.Prism.PubSubEvents.csproj" (entry point):
   2:7>Done building target "GetNativeManifest" in project "Microsoft.Practices.Prism.PubSubEvents.csproj".
   2:7>Done Building Project "/app/Prism.PubSubEvents/Microsoft.Practices.Prism.PubSubEvents.csproj" (GetNativeManifest target(s)).
   1:7>Done executing task "MSBuild".
       Task "Warning" skipped, due to false condition; ('@(ProjectReferenceWithConfiguration)' != '' and '@(_MSBuildProjectReferenceNonexistent)' != '') was evaluated as ('../Prism.PubSubEvents/Microsoft.Practices.Prism.PubSubEvents.csproj' != '' and '' != '').
   1:7>Done building target "ResolveProjectReferences" in project "Microsoft.Practices.Prism.StoreApps.csproj".
       Target "FindInvalidProjectReferences" skipped, due to false condition; ('$(FindInvalidProjectReferences)' == 'true') was evaluated as ('' == 'true').
       Target "ResolveNativeReferences" skipped, due to false condition; ('@(NativeReference)'!='') was evaluated as (''!='').
       Target "ResolveProjectReferences" skipped. Previously built successfully.
       Target "FindInvalidProjectReferences" skipped, due to false condition; ('$(FindInvalidProjectReferences)' == 'true') was evaluated as ('' == 'true').
       Target "GetFrameworkPaths" skipped. Previously built successfully.
       Target "GetReferenceAssemblyPaths" skipped. Previously built successfully.
       Target "PrepareForBuild" skipped. Previously built successfully.
       Target "GetInstalledSDKLocations" skipped, due to false condition; ('@(SDKReference)' != '') was evaluated as ('' != '').
   1:7>Target "ResolveSDKReferences" in file "/usr/lib/dotnet/sdk/8.0.116/Microsoft.Common.CurrentVersion.targets" from project "/app/Prism.StoreApps/Microsoft.Practices.Prism.StoreApps.csproj" (target "ResolveAssemblyReferences" depends on it):
       Task "ResolveSDKReference" skipped, due to false condition; ('@(SDKReference)'!='') was evaluated as (''!='').
   1:7>Done building target "ResolveSDKReferences" in project "Microsoft.Practices.Prism.StoreApps.csproj".
       Target "ResolveSDKReferences" skipped. Previously built successfully.
   1:7>Target "ExpandSDKReferences" in file "/usr/lib/dotnet/sdk/8.0.116/Microsoft.Common.CurrentVersion.targets" from project "/app/Prism.StoreApps/Microsoft.Practices.Prism.StoreApps.csproj" (target "ResolveAssemblyReferences" depends on it):
       Task "GetSDKReferenceFiles" skipped, due to false condition; ('@(ResolvedSDKReference)'!='') was evaluated as (''!='').
   1:7>Done building target "ExpandSDKReferences" in project "Microsoft.Practices.Prism.StoreApps.csproj".
       Target "ResolvePackageDependenciesForBuild" skipped. Previously built successfully.
       Target "GetFrameworkPaths" skipped. Previously built successfully.
       Target "GetReferenceAssemblyPaths" skipped. Previously built successfully.
       Target "ProcessFrameworkReferences" skipped. Previously built successfully.
       Target "ResolvePackageAssets" skipped. Previously built successfully.
   1:7>Target "ResolveFrameworkReferences" in file "/usr/lib/dotnet/sdk/8.0.116/Sdks/Microsoft.NET.Sdk/targets/Microsoft.NET.Sdk.FrameworkReferenceResolution.targets" from project "/app/Prism.StoreApps/Microsoft.Practices.Prism.StoreApps.csproj" (target "ResolveTargetingPackAssets" depends on it):
       Using "GetPackageDirectory" task from assembly "/usr/lib/dotnet/sdk/8.0.116/Sdks/Microsoft.NET.Sdk/targets/../tools/net8.0/Microsoft.NET.Build.Tasks.dll".
       Task "GetPackageDirectory"
       Done executing task "GetPackageDirectory".
       Task "GetPackageDirectory"
       Done executing task "GetPackageDirectory".
       Task "GetPackageDirectory"
       Done executing task "GetPackageDirectory".
       Task "GetPackageDirectory"
       Done executing task "GetPackageDirectory".
       Task "GetPackageDirectory"
       Done executing task "GetPackageDirectory".
       Task "GetPackageDirectory"
       Done executing task "GetPackageDirectory".
       Task "GetPackageDirectory"
       Done executing task "GetPackageDirectory".
       Task "GetPackageDirectory"
       Done executing task "GetPackageDirectory".
       Task "GetPackageDirectory"
       Done executing task "GetPackageDirectory".
       Task "GetPackageDirectory"
       Done executing task "GetPackageDirectory".
       Using "ResolveFrameworkReferences" task from assembly "/usr/lib/dotnet/sdk/8.0.116/Sdks/Microsoft.NET.Sdk/targets/../tools/net8.0/Microsoft.NET.Build.Tasks.dll".
       Task "ResolveFrameworkReferences"
       Done executing task "ResolveFrameworkReferences".
   1:7>Done building target "ResolveFrameworkReferences" in project "Microsoft.Practices.Prism.StoreApps.csproj".
   1:7>Target "ResolveTargetingPackAssets" in file "/usr/lib/dotnet/sdk/8.0.116/Sdks/Microsoft.NET.Sdk/targets/Microsoft.NET.Sdk.FrameworkReferenceResolution.targets" from project "/app/Prism.StoreApps/Microsoft.Practices.Prism.StoreApps.csproj" (target "_HandlePackageFileConflicts" depends on it):
       Using "ResolveTargetingPackAssets" task from assembly "/usr/lib/dotnet/sdk/8.0.116/Sdks/Microsoft.NET.Sdk/targets/../tools/net8.0/Microsoft.NET.Build.Tasks.dll".
       Task "ResolveTargetingPackAssets"
       Done executing task "ResolveTargetingPackAssets".
   1:7>Done building target "ResolveTargetingPackAssets" in project "Microsoft.Practices.Prism.StoreApps.csproj".
   1:7>Target "ResolveOffByDefaultAnalyzers" in file "/usr/lib/dotnet/sdk/8.0.116/Sdks/Microsoft.NET.Sdk/targets/Microsoft.NET.Sdk.FrameworkReferenceResolution.targets" from project "/app/Prism.StoreApps/Microsoft.Practices.Prism.StoreApps.csproj" (target "_HandlePackageFileConflicts" depends on it):
   1:7>Done building target "ResolveOffByDefaultAnalyzers" in project "Microsoft.Practices.Prism.StoreApps.csproj".
   1:7>Target "_HandlePackageFileConflicts" in file "/usr/lib/dotnet/sdk/8.0.116/Sdks/Microsoft.NET.Sdk/targets/Microsoft.NET.ConflictResolution.targets" from project "/app/Prism.StoreApps/Microsoft.Practices.Prism.StoreApps.csproj" (target "ResolveAssemblyReferences" depends on it):
       Using "ResolvePackageFileConflicts" task from assembly "/usr/lib/dotnet/sdk/8.0.116/Sdks/Microsoft.NET.Sdk/targets/../tools/net8.0/Microsoft.NET.Build.Tasks.dll".
       Task "ResolvePackageFileConflicts"
         Encountered conflict between 'Platform:mscorlib.dll' and 'Platform:mscorlib.dll'. Could not determine winner due to equal file and assembly versions.
         Encountered conflict between 'Platform:Microsoft.VisualBasic.dll' and 'Platform:Microsoft.VisualBasic.dll'. Could not determine winner due to equal file and assembly versions.
         Encountered conflict between 'Platform:System.dll' and 'Platform:System.dll'. Could not determine winner due to equal file and assembly versions.
         Encountered conflict between 'Platform:System.ComponentModel.DataAnnotations.dll' and 'Platform:System.ComponentModel.DataAnnotations.dll'. Could not determine winner due to equal file and assembly versions.
         Encountered conflict between 'Platform:System.Configuration.dll' and 'Platform:System.Configuration.dll'. Could not determine winner due to equal file and assembly versions.
         Encountered conflict between 'Platform:System.Core.dll' and 'Platform:System.Core.dll'. Could not determine winner due to equal file and assembly versions.
         Encountered conflict between 'Platform:System.Data.dll' and 'Platform:System.Data.dll'. Could not determine winner due to equal file and assembly versions.
         Encountered conflict between 'Platform:System.Drawing.dll' and 'Platform:System.Drawing.dll'. Could not determine winner due to equal file and assembly versions.
         Encountered conflict between 'Platform:System.IO.Compression.FileSystem.dll' and 'Platform:System.IO.Compression.FileSystem.dll'. Could not determine winner due to equal file and assembly versions.
         Encountered conflict between 'Platform:System.Net.dll' and 'Platform:System.Net.dll'. Could not determine winner due to equal file and assembly versions.
         Encountered conflict between 'Platform:System.Numerics.dll' and 'Platform:System.Numerics.dll'. Could not determine winner due to equal file and assembly versions.
         Encountered conflict between 'Platform:System.Runtime.Serialization.dll' and 'Platform:System.Runtime.Serialization.dll'. Could not determine winner due to equal file and assembly versions.
         Encountered conflict between 'Platform:System.Security.dll' and 'Platform:System.Security.dll'. Could not determine winner due to equal file and assembly versions.
         Encountered conflict between 'Platform:System.ServiceProcess.dll' and 'Platform:System.ServiceProcess.dll'. Could not determine winner due to equal file and assembly versions.
         Encountered conflict between 'Platform:System.ServiceModel.Web.dll' and 'Platform:System.ServiceModel.Web.dll'. Could not determine winner due to equal file and assembly versions.
         Encountered conflict between 'Platform:System.Transactions.dll' and 'Platform:System.Transactions.dll'. Could not determine winner due to equal file and assembly versions.
         Encountered conflict between 'Platform:System.Web.dll' and 'Platform:System.Web.dll'. Could not determine winner due to equal file and assembly versions.
         Encountered conflict between 'Platform:System.Windows.dll' and 'Platform:System.Windows.dll'. Could not determine winner due to equal file and assembly versions.
         Encountered conflict between 'Platform:System.Xml.dll' and 'Platform:System.Xml.dll'. Could not determine winner due to equal file and assembly versions.
         Encountered conflict between 'Platform:System.Xml.Serialization.dll' and 'Platform:System.Xml.Serialization.dll'. Could not determine winner due to equal file and assembly versions.
         Encountered conflict between 'Platform:System.Xml.Linq.dll' and 'Platform:System.Xml.Linq.dll'. Could not determine winner due to equal file and assembly versions.
         Encountered conflict between 'Platform:WindowsBase.dll' and 'Platform:WindowsBase.dll'. Could not determine winner due to equal file and assembly versions.
         Encountered conflict between 'Platform:netstandard.dll' and 'Platform:netstandard.dll'. Could not determine winner due to equal file and assembly versions.
         Encountered conflict between 'Platform:System.Private.CoreLib.dll' and 'Platform:System.Private.CoreLib.dll'. Could not determine winner due to equal file and assembly versions.
         Encountered conflict between 'Platform:System.Private.DataContractSerialization.dll' and 'Platform:System.Private.DataContractSerialization.dll'. Could not determine winner due to equal file and assembly versions.
         Encountered conflict between 'Platform:System.Private.Uri.dll' and 'Platform:System.Private.Uri.dll'. Could not determine winner due to equal file and assembly versions.
         Encountered conflict between 'Platform:System.Private.Xml.dll' and 'Platform:System.Private.Xml.dll'. Could not determine winner due to equal file and assembly versions.
         Encountered conflict between 'Platform:System.Private.Xml.Linq.dll' and 'Platform:System.Private.Xml.Linq.dll'. Could not determine winner due to equal file and assembly versions.
         Encountered conflict between 'Platform:mscordaccore_amd64_amd64_8.0.1625.21506.dll' and 'Platform:mscordaccore_amd64_amd64_8.0.1625.21506.dll'. Could not determine winner due to equal file and assembly versions.
       Done executing task "ResolvePackageFileConflicts".
   1:7>Done building target "_HandlePackageFileConflicts" in project "Microsoft.Practices.Prism.StoreApps.csproj".
       Target "ResolveTargetingPackAssets" skipped. Previously built successfully.
   1:7>Target "ResolveAssemblyReferences" in file "/usr/lib/dotnet/sdk/8.0.116/Microsoft.Common.CurrentVersion.targets" from project "/app/Prism.StoreApps/Microsoft.Practices.Prism.StoreApps.csproj" (target "ResolveReferences" depends on it):
       Task "ResolveAssemblyReference"
         TargetFrameworkMoniker:
             .NETCoreApp,Version=v8.0
         TargetFrameworkMonikerDisplayName:
             .NET 8.0
         TargetedRuntimeVersion:

         Assemblies:
             /usr/lib/dotnet/packs/Microsoft.NETCore.App.Ref/8.0.16/ref/net8.0/Microsoft.CSharp.dll
                 Private = 'false'
             /usr/lib/dotnet/packs/Microsoft.NETCore.App.Ref/8.0.16/ref/net8.0/Microsoft.VisualBasic.Core.dll
                 Private = 'false'
             /usr/lib/dotnet/packs/Microsoft.NETCore.App.Ref/8.0.16/ref/net8.0/Microsoft.VisualBasic.dll
                 Private = 'false'
             /usr/lib/dotnet/packs/Microsoft.NETCore.App.Ref/8.0.16/ref/net8.0/Microsoft.Win32.Primitives.dll
                 Private = 'false'
             /usr/lib/dotnet/packs/Microsoft.NETCore.App.Ref/8.0.16/ref/net8.0/Microsoft.Win32.Registry.dll
                 Private = 'false'
             /usr/lib/dotnet/packs/Microsoft.NETCore.App.Ref/8.0.16/ref/net8.0/System.AppContext.dll
                 Private = 'false'
             /usr/lib/dotnet/packs/Microsoft.NETCore.App.Ref/8.0.16/ref/net8.0/System.Buffers.dll
                 Private = 'false'
             /usr/lib/dotnet/packs/Microsoft.NETCore.App.Ref/8.0.16/ref/net8.0/System.Collections.Concurrent.dll
                 Private = 'false'
             /usr/lib/dotnet/packs/Microsoft.NETCore.App.Ref/8.0.16/ref/net8.0/System.Collections.Immutable.dll
                 Private = 'false'
             /usr/lib/dotnet/packs/Microsoft.NETCore.App.Ref/8.0.16/ref/net8.0/System.Collections.NonGeneric.dll
                 Private = 'false'
             /usr/lib/dotnet/packs/Microsoft.NETCore.App.Ref/8.0.16/ref/net8.0/System.Collections.Specialized.dll
                 Private = 'false'
             /usr/lib/dotnet/packs/Microsoft.NETCore.App.Ref/8.0.16/ref/net8.0/System.Collections.dll
                 Private = 'false'
             /usr/lib/dotnet/packs/Microsoft.NETCore.App.Ref/8.0.16/ref/net8.0/System.ComponentModel.Annotations.dll
                 Private = 'false'
             /usr/lib/dotnet/packs/Microsoft.NETCore.App.Ref/8.0.16/ref/net8.0/System.ComponentModel.DataAnnotations.dll
                 Private = 'false'
             /usr/lib/dotnet/packs/Microsoft.NETCore.App.Ref/8.0.16/ref/net8.0/System.ComponentModel.EventBasedAsync.dll
                 Private = 'false'
             /usr/lib/dotnet/packs/Microsoft.NETCore.App.Ref/8.0.16/ref/net8.0/System.ComponentModel.Primitives.dll
                 Private = 'false'
             /usr/lib/dotnet/packs/Microsoft.NETCore.App.Ref/8.0.16/ref/net8.0/System.ComponentModel.TypeConverter.dll
                 Private = 'false'
             /usr/lib/dotnet/packs/Microsoft.NETCore.App.Ref/8.0.16/ref/net8.0/System.ComponentModel.dll
                 Private = 'false'
             /usr/lib/dotnet/packs/Microsoft.NETCore.App.Ref/8.0.16/ref/net8.0/System.Configuration.dll
                 Private = 'false'
             /usr/lib/dotnet/packs/Microsoft.NETCore.App.Ref/8.0.16/ref/net8.0/System.Console.dll
                 Private = 'false'
             /usr/lib/dotnet/packs/Microsoft.NETCore.App.Ref/8.0.16/ref/net8.0/System.Core.dll
                 Private = 'false'
             /usr/lib/dotnet/packs/Microsoft.NETCore.App.Ref/8.0.16/ref/net8.0/System.Data.Common.dll
                 Private = 'false'
             /usr/lib/dotnet/packs/Microsoft.NETCore.App.Ref/8.0.16/ref/net8.0/System.Data.DataSetExtensions.dll
                 Private = 'false'
             /usr/lib/dotnet/packs/Microsoft.NETCore.App.Ref/8.0.16/ref/net8.0/System.Data.dll
                 Private = 'false'
             /usr/lib/dotnet/packs/Microsoft.NETCore.App.Ref/8.0.16/ref/net8.0/System.Diagnostics.Contracts.dll
                 Private = 'false'
             /usr/lib/dotnet/packs/Microsoft.NETCore.App.Ref/8.0.16/ref/net8.0/System.Diagnostics.Debug.dll
                 Private = 'false'
             /usr/lib/dotnet/packs/Microsoft.NETCore.App.Ref/8.0.16/ref/net8.0/System.Diagnostics.DiagnosticSource.dll
                 Private = 'false'
             /usr/lib/dotnet/packs/Microsoft.NETCore.App.Ref/8.0.16/ref/net8.0/System.Diagnostics.FileVersionInfo.dll
                 Private = 'false'
             /usr/lib/dotnet/packs/Microsoft.NETCore.App.Ref/8.0.16/ref/net8.0/System.Diagnostics.Process.dll
                 Private = 'false'
             /usr/lib/dotnet/packs/Microsoft.NETCore.App.Ref/8.0.16/ref/net8.0/System.Diagnostics.StackTrace.dll
                 Private = 'false'
             /usr/lib/dotnet/packs/Microsoft.NETCore.App.Ref/8.0.16/ref/net8.0/System.Diagnostics.TextWriterTraceListener.dll
                 Private = 'false'
             /usr/lib/dotnet/packs/Microsoft.NETCore.App.Ref/8.0.16/ref/net8.0/System.Diagnostics.Tools.dll
                 Private = 'false'
             /usr/lib/dotnet/packs/Microsoft.NETCore.App.Ref/8.0.16/ref/net8.0/System.Diagnostics.TraceSource.dll
                 Private = 'false'
             /usr/lib/dotnet/packs/Microsoft.NETCore.App.Ref/8.0.16/ref/net8.0/System.Diagnostics.Tracing.dll
                 Private = 'false'
             /usr/lib/dotnet/packs/Microsoft.NETCore.App.Ref/8.0.16/ref/net8.0/System.Drawing.Primitives.dll
                 Private = 'false'
             /usr/lib/dotnet/packs/Microsoft.NETCore.App.Ref/8.0.16/ref/net8.0/System.Drawing.dll
                 Private = 'false'
             /usr/lib/dotnet/packs/Microsoft.NETCore.App.Ref/8.0.16/ref/net8.0/System.Dynamic.Runtime.dll
                 Private = 'false'
             /usr/lib/dotnet/packs/Microsoft.NETCore.App.Ref/8.0.16/ref/net8.0/System.Formats.Asn1.dll
                 Private = 'false'
             /usr/lib/dotnet/packs/Microsoft.NETCore.App.Ref/8.0.16/ref/net8.0/System.Formats.Tar.dll
                 Private = 'false'
             /usr/lib/dotnet/packs/Microsoft.NETCore.App.Ref/8.0.16/ref/net8.0/System.Globalization.Calendars.dll
                 Private = 'false'
             /usr/lib/dotnet/packs/Microsoft.NETCore.App.Ref/8.0.16/ref/net8.0/System.Globalization.Extensions.dll
                 Private = 'false'
             /usr/lib/dotnet/packs/Microsoft.NETCore.App.Ref/8.0.16/ref/net8.0/System.Globalization.dll
                 Private = 'false'
             /usr/lib/dotnet/packs/Microsoft.NETCore.App.Ref/8.0.16/ref/net8.0/System.IO.Compression.Brotli.dll
                 Private = 'false'
             /usr/lib/dotnet/packs/Microsoft.NETCore.App.Ref/8.0.16/ref/net8.0/System.IO.Compression.FileSystem.dll
                 Private = 'false'
             /usr/lib/dotnet/packs/Microsoft.NETCore.App.Ref/8.0.16/ref/net8.0/System.IO.Compression.ZipFile.dll
                 Private = 'false'
             /usr/lib/dotnet/packs/Microsoft.NETCore.App.Ref/8.0.16/ref/net8.0/System.IO.Compression.dll
                 Private = 'false'
             /usr/lib/dotnet/packs/Microsoft.NETCore.App.Ref/8.0.16/ref/net8.0/System.IO.FileSystem.AccessControl.dll
                 Private = 'false'
             /usr/lib/dotnet/packs/Microsoft.NETCore.App.Ref/8.0.16/ref/net8.0/System.IO.FileSystem.DriveInfo.dll
                 Private = 'false'
             /usr/lib/dotnet/packs/Microsoft.NETCore.App.Ref/8.0.16/ref/net8.0/System.IO.FileSystem.Primitives.dll
                 Private = 'false'
             /usr/lib/dotnet/packs/Microsoft.NETCore.App.Ref/8.0.16/ref/net8.0/System.IO.FileSystem.Watcher.dll
                 Private = 'false'
             /usr/lib/dotnet/packs/Microsoft.NETCore.App.Ref/8.0.16/ref/net8.0/System.IO.FileSystem.dll
                 Private = 'false'
             /usr/lib/dotnet/packs/Microsoft.NETCore.App.Ref/8.0.16/ref/net8.0/System.IO.IsolatedStorage.dll
                 Private = 'false'
             /usr/lib/dotnet/packs/Microsoft.NETCore.App.Ref/8.0.16/ref/net8.0/System.IO.MemoryMappedFiles.dll
                 Private = 'false'
             /usr/lib/dotnet/packs/Microsoft.NETCore.App.Ref/8.0.16/ref/net8.0/System.IO.Pipes.AccessControl.dll
                 Private = 'false'
             /usr/lib/dotnet/packs/Microsoft.NETCore.App.Ref/8.0.16/ref/net8.0/System.IO.Pipes.dll
                 Private = 'false'
             /usr/lib/dotnet/packs/Microsoft.NETCore.App.Ref/8.0.16/ref/net8.0/System.IO.UnmanagedMemoryStream.dll
                 Private = 'false'
             /usr/lib/dotnet/packs/Microsoft.NETCore.App.Ref/8.0.16/ref/net8.0/System.IO.dll
                 Private = 'false'
             /usr/lib/dotnet/packs/Microsoft.NETCore.App.Ref/8.0.16/ref/net8.0/System.Linq.Expressions.dll
                 Private = 'false'
             /usr/lib/dotnet/packs/Microsoft.NETCore.App.Ref/8.0.16/ref/net8.0/System.Linq.Parallel.dll
                 Private = 'false'
             /usr/lib/dotnet/packs/Microsoft.NETCore.App.Ref/8.0.16/ref/net8.0/System.Linq.Queryable.dll
                 Private = 'false'
             /usr/lib/dotnet/packs/Microsoft.NETCore.App.Ref/8.0.16/ref/net8.0/System.Linq.dll
                 Private = 'false'
             /usr/lib/dotnet/packs/Microsoft.NETCore.App.Ref/8.0.16/ref/net8.0/System.Memory.dll
                 Private = 'false'
             /usr/lib/dotnet/packs/Microsoft.NETCore.App.Ref/8.0.16/ref/net8.0/System.Net.Http.Json.dll
                 Private = 'false'
             /usr/lib/dotnet/packs/Microsoft.NETCore.App.Ref/8.0.16/ref/net8.0/System.Net.Http.dll
                 Private = 'false'
             /usr/lib/dotnet/packs/Microsoft.NETCore.App.Ref/8.0.16/ref/net8.0/System.Net.HttpListener.dll
                 Private = 'false'
             /usr/lib/dotnet/packs/Microsoft.NETCore.App.Ref/8.0.16/ref/net8.0/System.Net.Mail.dll
                 Private = 'false'
             /usr/lib/dotnet/packs/Microsoft.NETCore.App.Ref/8.0.16/ref/net8.0/System.Net.NameResolution.dll
                 Private = 'false'
             /usr/lib/dotnet/packs/Microsoft.NETCore.App.Ref/8.0.16/ref/net8.0/System.Net.NetworkInformation.dll
                 Private = 'false'
             /usr/lib/dotnet/packs/Microsoft.NETCore.App.Ref/8.0.16/ref/net8.0/System.Net.Ping.dll
                 Private = 'false'
             /usr/lib/dotnet/packs/Microsoft.NETCore.App.Ref/8.0.16/ref/net8.0/System.Net.Primitives.dll
                 Private = 'false'
             /usr/lib/dotnet/packs/Microsoft.NETCore.App.Ref/8.0.16/ref/net8.0/System.Net.Quic.dll
                 Private = 'false'
             /usr/lib/dotnet/packs/Microsoft.NETCore.App.Ref/8.0.16/ref/net8.0/System.Net.Requests.dll
                 Private = 'false'
             /usr/lib/dotnet/packs/Microsoft.NETCore.App.Ref/8.0.16/ref/net8.0/System.Net.Security.dll
                 Private = 'false'
             /usr/lib/dotnet/packs/Microsoft.NETCore.App.Ref/8.0.16/ref/net8.0/System.Net.ServicePoint.dll
                 Private = 'false'
             /usr/lib/dotnet/packs/Microsoft.NETCore.App.Ref/8.0.16/ref/net8.0/System.Net.Sockets.dll
                 Private = 'false'
             /usr/lib/dotnet/packs/Microsoft.NETCore.App.Ref/8.0.16/ref/net8.0/System.Net.WebClient.dll
                 Private = 'false'
             /usr/lib/dotnet/packs/Microsoft.NETCore.App.Ref/8.0.16/ref/net8.0/System.Net.WebHeaderCollection.dll
                 Private = 'false'
             /usr/lib/dotnet/packs/Microsoft.NETCore.App.Ref/8.0.16/ref/net8.0/System.Net.WebProxy.dll
                 Private = 'false'
             /usr/lib/dotnet/packs/Microsoft.NETCore.App.Ref/8.0.16/ref/net8.0/System.Net.WebSockets.Client.dll
                 Private = 'false'
             /usr/lib/dotnet/packs/Microsoft.NETCore.App.Ref/8.0.16/ref/net8.0/System.Net.WebSockets.dll
                 Private = 'false'
             /usr/lib/dotnet/packs/Microsoft.NETCore.App.Ref/8.0.16/ref/net8.0/System.Net.dll
                 Private = 'false'
             /usr/lib/dotnet/packs/Microsoft.NETCore.App.Ref/8.0.16/ref/net8.0/System.Numerics.Vectors.dll
                 Private = 'false'
             /usr/lib/dotnet/packs/Microsoft.NETCore.App.Ref/8.0.16/ref/net8.0/System.Numerics.dll
                 Private = 'false'
             /usr/lib/dotnet/packs/Microsoft.NETCore.App.Ref/8.0.16/ref/net8.0/System.ObjectModel.dll
                 Private = 'false'
             /usr/lib/dotnet/packs/Microsoft.NETCore.App.Ref/8.0.16/ref/net8.0/System.Reflection.DispatchProxy.dll
                 Private = 'false'
             /usr/lib/dotnet/packs/Microsoft.NETCore.App.Ref/8.0.16/ref/net8.0/System.Reflection.Emit.ILGeneration.dll
                 Private = 'false'
             /usr/lib/dotnet/packs/Microsoft.NETCore.App.Ref/8.0.16/ref/net8.0/System.Reflection.Emit.Lightweight.dll
                 Private = 'false'
             /usr/lib/dotnet/packs/Microsoft.NETCore.App.Ref/8.0.16/ref/net8.0/System.Reflection.Emit.dll
                 Private = 'false'
             /usr/lib/dotnet/packs/Microsoft.NETCore.App.Ref/8.0.16/ref/net8.0/System.Reflection.Extensions.dll
                 Private = 'false'
             /usr/lib/dotnet/packs/Microsoft.NETCore.App.Ref/8.0.16/ref/net8.0/System.Reflection.Metadata.dll
                 Private = 'false'
             /usr/lib/dotnet/packs/Microsoft.NETCore.App.Ref/8.0.16/ref/net8.0/System.Reflection.Primitives.dll
                 Private = 'false'
             /usr/lib/dotnet/packs/Microsoft.NETCore.App.Ref/8.0.16/ref/net8.0/System.Reflection.TypeExtensions.dll
                 Private = 'false'
             /usr/lib/dotnet/packs/Microsoft.NETCore.App.Ref/8.0.16/ref/net8.0/System.Reflection.dll
                 Private = 'false'
             /usr/lib/dotnet/packs/Microsoft.NETCore.App.Ref/8.0.16/ref/net8.0/System.Resources.Reader.dll
                 Private = 'false'
             /usr/lib/dotnet/packs/Microsoft.NETCore.App.Ref/8.0.16/ref/net8.0/System.Resources.ResourceManager.dll
                 Private = 'false'
             /usr/lib/dotnet/packs/Microsoft.NETCore.App.Ref/8.0.16/ref/net8.0/System.Resources.Writer.dll
                 Private = 'false'
             /usr/lib/dotnet/packs/Microsoft.NETCore.App.Ref/8.0.16/ref/net8.0/System.Runtime.CompilerServices.Unsafe.dll
                 Private = 'false'
             /usr/lib/dotnet/packs/Microsoft.NETCore.App.Ref/8.0.16/ref/net8.0/System.Runtime.CompilerServices.VisualC.dll
                 Private = 'false'
             /usr/lib/dotnet/packs/Microsoft.NETCore.App.Ref/8.0.16/ref/net8.0/System.Runtime.Extensions.dll
                 Private = 'false'
             /usr/lib/dotnet/packs/Microsoft.NETCore.App.Ref/8.0.16/ref/net8.0/System.Runtime.Handles.dll
                 Private = 'false'
             /usr/lib/dotnet/packs/Microsoft.NETCore.App.Ref/8.0.16/ref/net8.0/System.Runtime.InteropServices.JavaScript.dll
                 Private = 'false'
             /usr/lib/dotnet/packs/Microsoft.NETCore.App.Ref/8.0.16/ref/net8.0/System.Runtime.InteropServices.RuntimeInformation.dll
                 Private = 'false'
             /usr/lib/dotnet/packs/Microsoft.NETCore.App.Ref/8.0.16/ref/net8.0/System.Runtime.InteropServices.dll
                 Private = 'false'
             /usr/lib/dotnet/packs/Microsoft.NETCore.App.Ref/8.0.16/ref/net8.0/System.Runtime.Intrinsics.dll
                 Private = 'false'
             /usr/lib/dotnet/packs/Microsoft.NETCore.App.Ref/8.0.16/ref/net8.0/System.Runtime.Loader.dll
                 Private = 'false'
             /usr/lib/dotnet/packs/Microsoft.NETCore.App.Ref/8.0.16/ref/net8.0/System.Runtime.Numerics.dll
                 Private = 'false'
             /usr/lib/dotnet/packs/Microsoft.NETCore.App.Ref/8.0.16/ref/net8.0/System.Runtime.Serialization.Formatters.dll
                 Private = 'false'
             /usr/lib/dotnet/packs/Microsoft.NETCore.App.Ref/8.0.16/ref/net8.0/System.Runtime.Serialization.Json.dll
                 Private = 'false'
             /usr/lib/dotnet/packs/Microsoft.NETCore.App.Ref/8.0.16/ref/net8.0/System.Runtime.Serialization.Primitives.dll
                 Private = 'false'
             /usr/lib/dotnet/packs/Microsoft.NETCore.App.Ref/8.0.16/ref/net8.0/System.Runtime.Serialization.Xml.dll
                 Private = 'false'
             /usr/lib/dotnet/packs/Microsoft.NETCore.App.Ref/8.0.16/ref/net8.0/System.Runtime.Serialization.dll
                 Private = 'false'
             /usr/lib/dotnet/packs/Microsoft.NETCore.App.Ref/8.0.16/ref/net8.0/System.Runtime.dll
                 Private = 'false'
             /usr/lib/dotnet/packs/Microsoft.NETCore.App.Ref/8.0.16/ref/net8.0/System.Security.AccessControl.dll
                 Private = 'false'
             /usr/lib/dotnet/packs/Microsoft.NETCore.App.Ref/8.0.16/ref/net8.0/System.Security.Claims.dll
                 Private = 'false'
             /usr/lib/dotnet/packs/Microsoft.NETCore.App.Ref/8.0.16/ref/net8.0/System.Security.Cryptography.Algorithms.dll
                 Private = 'false'
             /usr/lib/dotnet/packs/Microsoft.NETCore.App.Ref/8.0.16/ref/net8.0/System.Security.Cryptography.Cng.dll
                 Private = 'false'
             /usr/lib/dotnet/packs/Microsoft.NETCore.App.Ref/8.0.16/ref/net8.0/System.Security.Cryptography.Csp.dll
                 Private = 'false'
             /usr/lib/dotnet/packs/Microsoft.NETCore.App.Ref/8.0.16/ref/net8.0/System.Security.Cryptography.Encoding.dll
                 Private = 'false'
             /usr/lib/dotnet/packs/Microsoft.NETCore.App.Ref/8.0.16/ref/net8.0/System.Security.Cryptography.OpenSsl.dll
                 Private = 'false'
             /usr/lib/dotnet/packs/Microsoft.NETCore.App.Ref/8.0.16/ref/net8.0/System.Security.Cryptography.Primitives.dll
                 Private = 'false'
             /usr/lib/dotnet/packs/Microsoft.NETCore.App.Ref/8.0.16/ref/net8.0/System.Security.Cryptography.X509Certificates.dll
                 Private = 'false'
             /usr/lib/dotnet/packs/Microsoft.NETCore.App.Ref/8.0.16/ref/net8.0/System.Security.Cryptography.dll
                 Private = 'false'
             /usr/lib/dotnet/packs/Microsoft.NETCore.App.Ref/8.0.16/ref/net8.0/System.Security.Principal.Windows.dll
                 Private = 'false'
             /usr/lib/dotnet/packs/Microsoft.NETCore.App.Ref/8.0.16/ref/net8.0/System.Security.Principal.dll
                 Private = 'false'
             /usr/lib/dotnet/packs/Microsoft.NETCore.App.Ref/8.0.16/ref/net8.0/System.Security.SecureString.dll
                 Private = 'false'
             /usr/lib/dotnet/packs/Microsoft.NETCore.App.Ref/8.0.16/ref/net8.0/System.Security.dll
                 Private = 'false'
             /usr/lib/dotnet/packs/Microsoft.NETCore.App.Ref/8.0.16/ref/net8.0/System.ServiceModel.Web.dll
                 Private = 'false'
             /usr/lib/dotnet/packs/Microsoft.NETCore.App.Ref/8.0.16/ref/net8.0/System.ServiceProcess.dll
                 Private = 'false'
             /usr/lib/dotnet/packs/Microsoft.NETCore.App.Ref/8.0.16/ref/net8.0/System.Text.Encoding.CodePages.dll
                 Private = 'false'
             /usr/lib/dotnet/packs/Microsoft.NETCore.App.Ref/8.0.16/ref/net8.0/System.Text.Encoding.Extensions.dll
                 Private = 'false'
             /usr/lib/dotnet/packs/Microsoft.NETCore.App.Ref/8.0.16/ref/net8.0/System.Text.Encoding.dll
                 Private = 'false'
             /usr/lib/dotnet/packs/Microsoft.NETCore.App.Ref/8.0.16/ref/net8.0/System.Text.Encodings.Web.dll
                 Private = 'false'
             /usr/lib/dotnet/packs/Microsoft.NETCore.App.Ref/8.0.16/ref/net8.0/System.Text.Json.dll
                 Private = 'false'
             /usr/lib/dotnet/packs/Microsoft.NETCore.App.Ref/8.0.16/ref/net8.0/System.Text.RegularExpressions.dll
                 Private = 'false'
             /usr/lib/dotnet/packs/Microsoft.NETCore.App.Ref/8.0.16/ref/net8.0/System.Threading.Channels.dll
                 Private = 'false'
             /usr/lib/dotnet/packs/Microsoft.NETCore.App.Ref/8.0.16/ref/net8.0/System.Threading.Overlapped.dll
                 Private = 'false'
             /usr/lib/dotnet/packs/Microsoft.NETCore.App.Ref/8.0.16/ref/net8.0/System.Threading.Tasks.Dataflow.dll
                 Private = 'false'
             /usr/lib/dotnet/packs/Microsoft.NETCore.App.Ref/8.0.16/ref/net8.0/System.Threading.Tasks.Extensions.dll
                 Private = 'false'
             /usr/lib/dotnet/packs/Microsoft.NETCore.App.Ref/8.0.16/ref/net8.0/System.Threading.Tasks.Parallel.dll
                 Private = 'false'
             /usr/lib/dotnet/packs/Microsoft.NETCore.App.Ref/8.0.16/ref/net8.0/System.Threading.Tasks.dll
                 Private = 'false'
             /usr/lib/dotnet/packs/Microsoft.NETCore.App.Ref/8.0.16/ref/net8.0/System.Threading.Thread.dll
                 Private = 'false'
             /usr/lib/dotnet/packs/Microsoft.NETCore.App.Ref/8.0.16/ref/net8.0/System.Threading.ThreadPool.dll
                 Private = 'false'
             /usr/lib/dotnet/packs/Microsoft.NETCore.App.Ref/8.0.16/ref/net8.0/System.Threading.Timer.dll
                 Private = 'false'
             /usr/lib/dotnet/packs/Microsoft.NETCore.App.Ref/8.0.16/ref/net8.0/System.Threading.dll
                 Private = 'false'
             /usr/lib/dotnet/packs/Microsoft.NETCore.App.Ref/8.0.16/ref/net8.0/System.Transactions.Local.dll
                 Private = 'false'
             /usr/lib/dotnet/packs/Microsoft.NETCore.App.Ref/8.0.16/ref/net8.0/System.Transactions.dll
                 Private = 'false'
             /usr/lib/dotnet/packs/Microsoft.NETCore.App.Ref/8.0.16/ref/net8.0/System.ValueTuple.dll
                 Private = 'false'
             /usr/lib/dotnet/packs/Microsoft.NETCore.App.Ref/8.0.16/ref/net8.0/System.Web.HttpUtility.dll
                 Private = 'false'
             /usr/lib/dotnet/packs/Microsoft.NETCore.App.Ref/8.0.16/ref/net8.0/System.Web.dll
                 Private = 'false'
             /usr/lib/dotnet/packs/Microsoft.NETCore.App.Ref/8.0.16/ref/net8.0/System.Windows.dll
                 Private = 'false'
             /usr/lib/dotnet/packs/Microsoft.NETCore.App.Ref/8.0.16/ref/net8.0/System.Xml.Linq.dll
                 Private = 'false'
             /usr/lib/dotnet/packs/Microsoft.NETCore.App.Ref/8.0.16/ref/net8.0/System.Xml.ReaderWriter.dll
                 Private = 'false'
             /usr/lib/dotnet/packs/Microsoft.NETCore.App.Ref/8.0.16/ref/net8.0/System.Xml.Serialization.dll
                 Private = 'false'
             /usr/lib/dotnet/packs/Microsoft.NETCore.App.Ref/8.0.16/ref/net8.0/System.Xml.XDocument.dll
                 Private = 'false'
             /usr/lib/dotnet/packs/Microsoft.NETCore.App.Ref/8.0.16/ref/net8.0/System.Xml.XPath.XDocument.dll
                 Private = 'false'
             /usr/lib/dotnet/packs/Microsoft.NETCore.App.Ref/8.0.16/ref/net8.0/System.Xml.XPath.dll
                 Private = 'false'
             /usr/lib/dotnet/packs/Microsoft.NETCore.App.Ref/8.0.16/ref/net8.0/System.Xml.XmlDocument.dll
                 Private = 'false'
             /usr/lib/dotnet/packs/Microsoft.NETCore.App.Ref/8.0.16/ref/net8.0/System.Xml.XmlSerializer.dll
                 Private = 'false'
             /usr/lib/dotnet/packs/Microsoft.NETCore.App.Ref/8.0.16/ref/net8.0/System.Xml.dll
                 Private = 'false'
             /usr/lib/dotnet/packs/Microsoft.NETCore.App.Ref/8.0.16/ref/net8.0/System.dll
                 Private = 'false'
             /usr/lib/dotnet/packs/Microsoft.NETCore.App.Ref/8.0.16/ref/net8.0/WindowsBase.dll
                 Private = 'false'
             /usr/lib/dotnet/packs/Microsoft.NETCore.App.Ref/8.0.16/ref/net8.0/mscorlib.dll
                 Private = 'false'
             /usr/lib/dotnet/packs/Microsoft.NETCore.App.Ref/8.0.16/ref/net8.0/netstandard.dll
                 Private = 'false'
         AssemblyFiles:
             /app/Prism.PubSubEvents/bin/Debug/net8.0/Microsoft.Practices.Prism.PubSubEvents.dll
         CandidateAssemblyFiles:
         TargetFrameworkDirectories:

         InstalledAssemblyTables:
         IgnoreInstalledAssemblyTable:
             False
         SearchPaths:
             {CandidateAssemblyFiles}
             {HintPathFromItem}
             {TargetFrameworkDirectory}
             {RawFileName}
         AllowedAssemblyExtensions:
             .winmd
             .dll
             .exe
         AllowedRelatedFileExtensions:
             .pdb
             .xml
             .pri
             .dll.config
             .exe.config
         AppConfigFile:

         AutoUnify:
             True
         CopyLocalDependenciesWhenParentReferenceInGac:
             True
         FindDependencies:
             True
         TargetProcessorArchitecture:
             msil
         StateFile:
             obj/Debug/net8.0/Microsoft.Practices.Prism.StoreApps.csproj.AssemblyReference.cache
         InstalledAssemblySubsetTables:
         IgnoreInstalledAssemblySubsetTable:
             False
         TargetFrameworkSubsets:
         FullTargetFrameworkSubsetNames:
             Full
         ProfileName:

         FullFrameworkFolders:
         LatestTargetFrameworkDirectories:
         ProfileTablesLocation:
         Primary reference "Microsoft.Practices.Prism.PubSubEvents, Version=1.0.0.0, Culture=neutral, PublicKeyToken=null".
             Resolved file path is "/app/Prism.PubSubEvents/bin/Debug/net8.0/Microsoft.Practices.Prism.PubSubEvents.dll".
             Reference found at search path location "/app/Prism.PubSubEvents/bin/Debug/net8.0/Microsoft.Practices.Prism.PubSubEvents.dll".
             Found related file "/app/Prism.PubSubEvents/bin/Debug/net8.0/Microsoft.Practices.Prism.PubSubEvents.pdb".
             The ImageRuntimeVersion for this reference is "".
         Primary reference "Microsoft.CSharp, Version=8.0.0.0, Culture=neutral, PublicKeyToken=b03f5f7f11d50a3a".
             Resolved file path is "/usr/lib/dotnet/packs/Microsoft.NETCore.App.Ref/8.0.16/ref/net8.0/Microsoft.CSharp.dll".
             Reference found at search path location "{RawFileName}".
             This reference is not "CopyLocal" because at least one source item had "Private" set to "false" and no source items had "Private" set to "true".
             The ImageRuntimeVersion for this reference is "".
         Primary reference "Microsoft.VisualBasic.Core, Version=13.0.0.0, Culture=neutral, PublicKeyToken=b03f5f7f11d50a3a".
             Resolved file path is "/usr/lib/dotnet/packs/Microsoft.NETCore.App.Ref/8.0.16/ref/net8.0/Microsoft.VisualBasic.Core.dll".
             Reference found at search path location "{RawFileName}".
             This reference is not "CopyLocal" because at least one source item had "Private" set to "false" and no source items had "Private" set to "true".
             The ImageRuntimeVersion for this reference is "".
         Primary reference "Microsoft.VisualBasic, Version=10.0.0.0, Culture=neutral, PublicKeyToken=b03f5f7f11d50a3a".
             Resolved file path is "/usr/lib/dotnet/packs/Microsoft.NETCore.App.Ref/8.0.16/ref/net8.0/Microsoft.VisualBasic.dll".
             Reference found at search path location "{RawFileName}".
             This reference is not "CopyLocal" because at least one source item had "Private" set to "false" and no source items had "Private" set to "true".
             The ImageRuntimeVersion for this reference is "".
         Primary reference "Microsoft.Win32.Primitives, Version=8.0.0.0, Culture=neutral, PublicKeyToken=b03f5f7f11d50a3a".
             Resolved file path is "/usr/lib/dotnet/packs/Microsoft.NETCore.App.Ref/8.0.16/ref/net8.0/Microsoft.Win32.Primitives.dll".
             Reference found at search path location "{RawFileName}".
             This reference is not "CopyLocal" because at least one source item had "Private" set to "false" and no source items had "Private" set to "true".
             The ImageRuntimeVersion for this reference is "".
         Primary reference "Microsoft.Win32.Registry, Version=8.0.0.0, Culture=neutral, PublicKeyToken=b03f5f7f11d50a3a".
             Resolved file path is "/usr/lib/dotnet/packs/Microsoft.NETCore.App.Ref/8.0.16/ref/net8.0/Microsoft.Win32.Registry.dll".
             Reference found at search path location "{RawFileName}".
             This reference is not "CopyLocal" because at least one source item had "Private" set to "false" and no source items had "Private" set to "true".
             The ImageRuntimeVersion for this reference is "".
         Primary reference "System.AppContext, Version=8.0.0.0, Culture=neutral, PublicKeyToken=b03f5f7f11d50a3a".
             Resolved file path is "/usr/lib/dotnet/packs/Microsoft.NETCore.App.Ref/8.0.16/ref/net8.0/System.AppContext.dll".
             Reference found at search path location "{RawFileName}".
             This reference is not "CopyLocal" because at least one source item had "Private" set to "false" and no source items had "Private" set to "true".
             The ImageRuntimeVersion for this reference is "".
         Primary reference "System.Buffers, Version=8.0.0.0, Culture=neutral, PublicKeyToken=cc7b13ffcd2ddd51".
             Resolved file path is "/usr/lib/dotnet/packs/Microsoft.NETCore.App.Ref/8.0.16/ref/net8.0/System.Buffers.dll".
             Reference found at search path location "{RawFileName}".
             This reference is not "CopyLocal" because at least one source item had "Private" set to "false" and no source items had "Private" set to "true".
             The ImageRuntimeVersion for this reference is "".
         Primary reference "System.Collections.Concurrent, Version=8.0.0.0, Culture=neutral, PublicKeyToken=b03f5f7f11d50a3a".
             Resolved file path is "/usr/lib/dotnet/packs/Microsoft.NETCore.App.Ref/8.0.16/ref/net8.0/System.Collections.Concurrent.dll".
             Reference found at search path location "{RawFileName}".
             This reference is not "CopyLocal" because at least one source item had "Private" set to "false" and no source items had "Private" set to "true".
             The ImageRuntimeVersion for this reference is "".
         Primary reference "System.Collections.Immutable, Version=8.0.0.0, Culture=neutral, PublicKeyToken=b03f5f7f11d50a3a".
             Resolved file path is "/usr/lib/dotnet/packs/Microsoft.NETCore.App.Ref/8.0.16/ref/net8.0/System.Collections.Immutable.dll".
             Reference found at search path location "{RawFileName}".
             This reference is not "CopyLocal" because at least one source item had "Private" set to "false" and no source items had "Private" set to "true".
             The ImageRuntimeVersion for this reference is "".
         Primary reference "System.Collections.NonGeneric, Version=8.0.0.0, Culture=neutral, PublicKeyToken=b03f5f7f11d50a3a".
             Resolved file path is "/usr/lib/dotnet/packs/Microsoft.NETCore.App.Ref/8.0.16/ref/net8.0/System.Collections.NonGeneric.dll".
             Reference found at search path location "{RawFileName}".
             This reference is not "CopyLocal" because at least one source item had "Private" set to "false" and no source items had "Private" set to "true".
             The ImageRuntimeVersion for this reference is "".
         Primary reference "System.Collections.Specialized, Version=8.0.0.0, Culture=neutral, PublicKeyToken=b03f5f7f11d50a3a".
             Resolved file path is "/usr/lib/dotnet/packs/Microsoft.NETCore.App.Ref/8.0.16/ref/net8.0/System.Collections.Specialized.dll".
             Reference found at search path location "{RawFileName}".
             This reference is not "CopyLocal" because at least one source item had "Private" set to "false" and no source items had "Private" set to "true".
             The ImageRuntimeVersion for this reference is "".
         Primary reference "System.Collections, Version=8.0.0.0, Culture=neutral, PublicKeyToken=b03f5f7f11d50a3a".
             Resolved file path is "/usr/lib/dotnet/packs/Microsoft.NETCore.App.Ref/8.0.16/ref/net8.0/System.Collections.dll".
             Reference found at search path location "{RawFileName}".
             This reference is not "CopyLocal" because at least one source item had "Private" set to "false" and no source items had "Private" set to "true".
             The ImageRuntimeVersion for this reference is "".
         Primary reference "System.ComponentModel.Annotations, Version=8.0.0.0, Culture=neutral, PublicKeyToken=b03f5f7f11d50a3a".
             Resolved file path is "/usr/lib/dotnet/packs/Microsoft.NETCore.App.Ref/8.0.16/ref/net8.0/System.ComponentModel.Annotations.dll".
             Reference found at search path location "{RawFileName}".
             This reference is not "CopyLocal" because at least one source item had "Private" set to "false" and no source items had "Private" set to "true".
             The ImageRuntimeVersion for this reference is "".
         Primary reference "System.ComponentModel.DataAnnotations, Version=4.0.0.0, Culture=neutral, PublicKeyToken=31bf3856ad364e35".
             Resolved file path is "/usr/lib/dotnet/packs/Microsoft.NETCore.App.Ref/8.0.16/ref/net8.0/System.ComponentModel.DataAnnotations.dll".
             Reference found at search path location "{RawFileName}".
             This reference is not "CopyLocal" because at least one source item had "Private" set to "false" and no source items had "Private" set to "true".
             The ImageRuntimeVersion for this reference is "".
         Primary reference "System.ComponentModel.EventBasedAsync, Version=8.0.0.0, Culture=neutral, PublicKeyToken=b03f5f7f11d50a3a".
             Resolved file path is "/usr/lib/dotnet/packs/Microsoft.NETCore.App.Ref/8.0.16/ref/net8.0/System.ComponentModel.EventBasedAsync.dll".
             Reference found at search path location "{RawFileName}".
             This reference is not "CopyLocal" because at least one source item had "Private" set to "false" and no source items had "Private" set to "true".
             The ImageRuntimeVersion for this reference is "".
         Primary reference "System.ComponentModel.Primitives, Version=8.0.0.0, Culture=neutral, PublicKeyToken=b03f5f7f11d50a3a".
             Resolved file path is "/usr/lib/dotnet/packs/Microsoft.NETCore.App.Ref/8.0.16/ref/net8.0/System.ComponentModel.Primitives.dll".
             Reference found at search path location "{RawFileName}".
             This reference is not "CopyLocal" because at least one source item had "Private" set to "false" and no source items had "Private" set to "true".
             The ImageRuntimeVersion for this reference is "".
         Primary reference "System.ComponentModel.TypeConverter, Version=8.0.0.0, Culture=neutral, PublicKeyToken=b03f5f7f11d50a3a".
             Resolved file path is "/usr/lib/dotnet/packs/Microsoft.NETCore.App.Ref/8.0.16/ref/net8.0/System.ComponentModel.TypeConverter.dll".
             Reference found at search path location "{RawFileName}".
             This reference is not "CopyLocal" because at least one source item had "Private" set to "false" and no source items had "Private" set to "true".
             The ImageRuntimeVersion for this reference is "".
         Primary reference "System.ComponentModel, Version=8.0.0.0, Culture=neutral, PublicKeyToken=b03f5f7f11d50a3a".
             Resolved file path is "/usr/lib/dotnet/packs/Microsoft.NETCore.App.Ref/8.0.16/ref/net8.0/System.ComponentModel.dll".
             Reference found at search path location "{RawFileName}".
             This reference is not "CopyLocal" because at least one source item had "Private" set to "false" and no source items had "Private" set to "true".
             The ImageRuntimeVersion for this reference is "".
         Primary reference "System.Configuration, Version=4.0.0.0, Culture=neutral, PublicKeyToken=b03f5f7f11d50a3a".
             Resolved file path is "/usr/lib/dotnet/packs/Microsoft.NETCore.App.Ref/8.0.16/ref/net8.0/System.Configuration.dll".
             Reference found at search path location "{RawFileName}".
             This reference is not "CopyLocal" because at least one source item had "Private" set to "false" and no source items had "Private" set to "true".
             The ImageRuntimeVersion for this reference is "".
         Primary reference "System.Console, Version=8.0.0.0, Culture=neutral, PublicKeyToken=b03f5f7f11d50a3a".
             Resolved file path is "/usr/lib/dotnet/packs/Microsoft.NETCore.App.Ref/8.0.16/ref/net8.0/System.Console.dll".
             Reference found at search path location "{RawFileName}".
             This reference is not "CopyLocal" because at least one source item had "Private" set to "false" and no source items had "Private" set to "true".
             The ImageRuntimeVersion for this reference is "".
         Primary reference "System.Core, Version=4.0.0.0, Culture=neutral, PublicKeyToken=b77a5c561934e089".
             Resolved file path is "/usr/lib/dotnet/packs/Microsoft.NETCore.App.Ref/8.0.16/ref/net8.0/System.Core.dll".
             Reference found at search path location "{RawFileName}".
             This reference is not "CopyLocal" because at least one source item had "Private" set to "false" and no source items had "Private" set to "true".
             The ImageRuntimeVersion for this reference is "".
         Primary reference "System.Data.Common, Version=8.0.0.0, Culture=neutral, PublicKeyToken=b03f5f7f11d50a3a".
             Resolved file path is "/usr/lib/dotnet/packs/Microsoft.NETCore.App.Ref/8.0.16/ref/net8.0/System.Data.Common.dll".
             Reference found at search path location "{RawFileName}".
             This reference is not "CopyLocal" because at least one source item had "Private" set to "false" and no source items had "Private" set to "true".
             The ImageRuntimeVersion for this reference is "".
         Primary reference "System.Data.DataSetExtensions, Version=8.0.0.0, Culture=neutral, PublicKeyToken=b77a5c561934e089".
             Resolved file path is "/usr/lib/dotnet/packs/Microsoft.NETCore.App.Ref/8.0.16/ref/net8.0/System.Data.DataSetExtensions.dll".
             Reference found at search path location "{RawFileName}".
             This reference is not "CopyLocal" because at least one source item had "Private" set to "false" and no source items had "Private" set to "true".
             The ImageRuntimeVersion for this reference is "".
         Primary reference "System.Data, Version=4.0.0.0, Culture=neutral, PublicKeyToken=b77a5c561934e089".
             Resolved file path is "/usr/lib/dotnet/packs/Microsoft.NETCore.App.Ref/8.0.16/ref/net8.0/System.Data.dll".
             Reference found at search path location "{RawFileName}".
             This reference is not "CopyLocal" because at least one source item had "Private" set to "false" and no source items had "Private" set to "true".
             The ImageRuntimeVersion for this reference is "".
         Primary reference "System.Diagnostics.Contracts, Version=8.0.0.0, Culture=neutral, PublicKeyToken=b03f5f7f11d50a3a".
             Resolved file path is "/usr/lib/dotnet/packs/Microsoft.NETCore.App.Ref/8.0.16/ref/net8.0/System.Diagnostics.Contracts.dll".
             Reference found at search path location "{RawFileName}".
             This reference is not "CopyLocal" because at least one source item had "Private" set to "false" and no source items had "Private" set to "true".
             The ImageRuntimeVersion for this reference is "".
         Primary reference "System.Diagnostics.Debug, Version=8.0.0.0, Culture=neutral, PublicKeyToken=b03f5f7f11d50a3a".
             Resolved file path is "/usr/lib/dotnet/packs/Microsoft.NETCore.App.Ref/8.0.16/ref/net8.0/System.Diagnostics.Debug.dll".
             Reference found at search path location "{RawFileName}".
             This reference is not "CopyLocal" because at least one source item had "Private" set to "false" and no source items had "Private" set to "true".
             The ImageRuntimeVersion for this reference is "".
         Primary reference "System.Diagnostics.DiagnosticSource, Version=8.0.0.0, Culture=neutral, PublicKeyToken=cc7b13ffcd2ddd51".
             Resolved file path is "/usr/lib/dotnet/packs/Microsoft.NETCore.App.Ref/8.0.16/ref/net8.0/System.Diagnostics.DiagnosticSource.dll".
             Reference found at search path location "{RawFileName}".
             This reference is not "CopyLocal" because at least one source item had "Private" set to "false" and no source items had "Private" set to "true".
             The ImageRuntimeVersion for this reference is "".
         Primary reference "System.Diagnostics.FileVersionInfo, Version=8.0.0.0, Culture=neutral, PublicKeyToken=b03f5f7f11d50a3a".
             Resolved file path is "/usr/lib/dotnet/packs/Microsoft.NETCore.App.Ref/8.0.16/ref/net8.0/System.Diagnostics.FileVersionInfo.dll".
             Reference found at search path location "{RawFileName}".
             This reference is not "CopyLocal" because at least one source item had "Private" set to "false" and no source items had "Private" set to "true".
             The ImageRuntimeVersion for this reference is "".
         Primary reference "System.Diagnostics.Process, Version=8.0.0.0, Culture=neutral, PublicKeyToken=b03f5f7f11d50a3a".
             Resolved file path is "/usr/lib/dotnet/packs/Microsoft.NETCore.App.Ref/8.0.16/ref/net8.0/System.Diagnostics.Process.dll".
             Reference found at search path location "{RawFileName}".
             This reference is not "CopyLocal" because at least one source item had "Private" set to "false" and no source items had "Private" set to "true".
             The ImageRuntimeVersion for this reference is "".
         Primary reference "System.Diagnostics.StackTrace, Version=8.0.0.0, Culture=neutral, PublicKeyToken=b03f5f7f11d50a3a".
             Resolved file path is "/usr/lib/dotnet/packs/Microsoft.NETCore.App.Ref/8.0.16/ref/net8.0/System.Diagnostics.StackTrace.dll".
             Reference found at search path location "{RawFileName}".
             This reference is not "CopyLocal" because at least one source item had "Private" set to "false" and no source items had "Private" set to "true".
             The ImageRuntimeVersion for this reference is "".
         Primary reference "System.Diagnostics.TextWriterTraceListener, Version=8.0.0.0, Culture=neutral, PublicKeyToken=b03f5f7f11d50a3a".
             Resolved file path is "/usr/lib/dotnet/packs/Microsoft.NETCore.App.Ref/8.0.16/ref/net8.0/System.Diagnostics.TextWriterTraceListener.dll".
             Reference found at search path location "{RawFileName}".
             This reference is not "CopyLocal" because at least one source item had "Private" set to "false" and no source items had "Private" set to "true".
             The ImageRuntimeVersion for this reference is "".
         Primary reference "System.Diagnostics.Tools, Version=8.0.0.0, Culture=neutral, PublicKeyToken=b03f5f7f11d50a3a".
             Resolved file path is "/usr/lib/dotnet/packs/Microsoft.NETCore.App.Ref/8.0.16/ref/net8.0/System.Diagnostics.Tools.dll".
             Reference found at search path location "{RawFileName}".
             This reference is not "CopyLocal" because at least one source item had "Private" set to "false" and no source items had "Private" set to "true".
             The ImageRuntimeVersion for this reference is "".
         Primary reference "System.Diagnostics.TraceSource, Version=8.0.0.0, Culture=neutral, PublicKeyToken=b03f5f7f11d50a3a".
             Resolved file path is "/usr/lib/dotnet/packs/Microsoft.NETCore.App.Ref/8.0.16/ref/net8.0/System.Diagnostics.TraceSource.dll".
             Reference found at search path location "{RawFileName}".
             This reference is not "CopyLocal" because at least one source item had "Private" set to "false" and no source items had "Private" set to "true".
             The ImageRuntimeVersion for this reference is "".
         Primary reference "System.Diagnostics.Tracing, Version=8.0.0.0, Culture=neutral, PublicKeyToken=b03f5f7f11d50a3a".
             Resolved file path is "/usr/lib/dotnet/packs/Microsoft.NETCore.App.Ref/8.0.16/ref/net8.0/System.Diagnostics.Tracing.dll".
             Reference found at search path location "{RawFileName}".
             This reference is not "CopyLocal" because at least one source item had "Private" set to "false" and no source items had "Private" set to "true".
             The ImageRuntimeVersion for this reference is "".
         Primary reference "System.Drawing.Primitives, Version=8.0.0.0, Culture=neutral, PublicKeyToken=b03f5f7f11d50a3a".
             Resolved file path is "/usr/lib/dotnet/packs/Microsoft.NETCore.App.Ref/8.0.16/ref/net8.0/System.Drawing.Primitives.dll".
             Reference found at search path location "{RawFileName}".
             This reference is not "CopyLocal" because at least one source item had "Private" set to "false" and no source items had "Private" set to "true".
             The ImageRuntimeVersion for this reference is "".
         Primary reference "System.Drawing, Version=4.0.0.0, Culture=neutral, PublicKeyToken=b03f5f7f11d50a3a".
             Resolved file path is "/usr/lib/dotnet/packs/Microsoft.NETCore.App.Ref/8.0.16/ref/net8.0/System.Drawing.dll".
             Reference found at search path location "{RawFileName}".
             This reference is not "CopyLocal" because at least one source item had "Private" set to "false" and no source items had "Private" set to "true".
             The ImageRuntimeVersion for this reference is "".
         Primary reference "System.Dynamic.Runtime, Version=8.0.0.0, Culture=neutral, PublicKeyToken=b03f5f7f11d50a3a".
             Resolved file path is "/usr/lib/dotnet/packs/Microsoft.NETCore.App.Ref/8.0.16/ref/net8.0/System.Dynamic.Runtime.dll".
             Reference found at search path location "{RawFileName}".
             This reference is not "CopyLocal" because at least one source item had "Private" set to "false" and no source items had "Private" set to "true".
             The ImageRuntimeVersion for this reference is "".
         Primary reference "System.Formats.Asn1, Version=8.0.0.0, Culture=neutral, PublicKeyToken=cc7b13ffcd2ddd51".
             Resolved file path is "/usr/lib/dotnet/packs/Microsoft.NETCore.App.Ref/8.0.16/ref/net8.0/System.Formats.Asn1.dll".
             Reference found at search path location "{RawFileName}".
             This reference is not "CopyLocal" because at least one source item had "Private" set to "false" and no source items had "Private" set to "true".
             The ImageRuntimeVersion for this reference is "".
         Primary reference "System.Formats.Tar, Version=8.0.0.0, Culture=neutral, PublicKeyToken=cc7b13ffcd2ddd51".
             Resolved file path is "/usr/lib/dotnet/packs/Microsoft.NETCore.App.Ref/8.0.16/ref/net8.0/System.Formats.Tar.dll".
             Reference found at search path location "{RawFileName}".
             This reference is not "CopyLocal" because at least one source item had "Private" set to "false" and no source items had "Private" set to "true".
             The ImageRuntimeVersion for this reference is "".
         Primary reference "System.Globalization.Calendars, Version=8.0.0.0, Culture=neutral, PublicKeyToken=b03f5f7f11d50a3a".
             Resolved file path is "/usr/lib/dotnet/packs/Microsoft.NETCore.App.Ref/8.0.16/ref/net8.0/System.Globalization.Calendars.dll".
             Reference found at search path location "{RawFileName}".
             This reference is not "CopyLocal" because at least one source item had "Private" set to "false" and no source items had "Private" set to "true".
             The ImageRuntimeVersion for this reference is "".
         Primary reference "System.Globalization.Extensions, Version=8.0.0.0, Culture=neutral, PublicKeyToken=b03f5f7f11d50a3a".
             Resolved file path is "/usr/lib/dotnet/packs/Microsoft.NETCore.App.Ref/8.0.16/ref/net8.0/System.Globalization.Extensions.dll".
             Reference found at search path location "{RawFileName}".
             This reference is not "CopyLocal" because at least one source item had "Private" set to "false" and no source items had "Private" set to "true".
             The ImageRuntimeVersion for this reference is "".
         Primary reference "System.Globalization, Version=8.0.0.0, Culture=neutral, PublicKeyToken=b03f5f7f11d50a3a".
             Resolved file path is "/usr/lib/dotnet/packs/Microsoft.NETCore.App.Ref/8.0.16/ref/net8.0/System.Globalization.dll".
             Reference found at search path location "{RawFileName}".
             This reference is not "CopyLocal" because at least one source item had "Private" set to "false" and no source items had "Private" set to "true".
             The ImageRuntimeVersion for this reference is "".
         Primary reference "System.IO.Compression.Brotli, Version=8.0.0.0, Culture=neutral, PublicKeyToken=b77a5c561934e089".
             Resolved file path is "/usr/lib/dotnet/packs/Microsoft.NETCore.App.Ref/8.0.16/ref/net8.0/System.IO.Compression.Brotli.dll".
             Reference found at search path location "{RawFileName}".
             This reference is not "CopyLocal" because at least one source item had "Private" set to "false" and no source items had "Private" set to "true".
             The ImageRuntimeVersion for this reference is "".
         Primary reference "System.IO.Compression.FileSystem, Version=4.0.0.0, Culture=neutral, PublicKeyToken=b77a5c561934e089".
             Resolved file path is "/usr/lib/dotnet/packs/Microsoft.NETCore.App.Ref/8.0.16/ref/net8.0/System.IO.Compression.FileSystem.dll".
             Reference found at search path location "{RawFileName}".
             This reference is not "CopyLocal" because at least one source item had "Private" set to "false" and no source items had "Private" set to "true".
             The ImageRuntimeVersion for this reference is "".
         Primary reference "System.IO.Compression.ZipFile, Version=8.0.0.0, Culture=neutral, PublicKeyToken=b77a5c561934e089".
             Resolved file path is "/usr/lib/dotnet/packs/Microsoft.NETCore.App.Ref/8.0.16/ref/net8.0/System.IO.Compression.ZipFile.dll".
             Reference found at search path location "{RawFileName}".
             This reference is not "CopyLocal" because at least one source item had "Private" set to "false" and no source items had "Private" set to "true".
             The ImageRuntimeVersion for this reference is "".
         Primary reference "System.IO.Compression, Version=8.0.0.0, Culture=neutral, PublicKeyToken=b77a5c561934e089".
             Resolved file path is "/usr/lib/dotnet/packs/Microsoft.NETCore.App.Ref/8.0.16/ref/net8.0/System.IO.Compression.dll".
             Reference found at search path location "{RawFileName}".
             This reference is not "CopyLocal" because at least one source item had "Private" set to "false" and no source items had "Private" set to "true".
             The ImageRuntimeVersion for this reference is "".
         Primary reference "System.IO.FileSystem.AccessControl, Version=8.0.0.0, Culture=neutral, PublicKeyToken=b03f5f7f11d50a3a".
             Resolved file path is "/usr/lib/dotnet/packs/Microsoft.NETCore.App.Ref/8.0.16/ref/net8.0/System.IO.FileSystem.AccessControl.dll".
             Reference found at search path location "{RawFileName}".
             This reference is not "CopyLocal" because at least one source item had "Private" set to "false" and no source items had "Private" set to "true".
             The ImageRuntimeVersion for this reference is "".
         Primary reference "System.IO.FileSystem.DriveInfo, Version=8.0.0.0, Culture=neutral, PublicKeyToken=b03f5f7f11d50a3a".
             Resolved file path is "/usr/lib/dotnet/packs/Microsoft.NETCore.App.Ref/8.0.16/ref/net8.0/System.IO.FileSystem.DriveInfo.dll".
             Reference found at search path location "{RawFileName}".
             This reference is not "CopyLocal" because at least one source item had "Private" set to "false" and no source items had "Private" set to "true".
             The ImageRuntimeVersion for this reference is "".
         Primary reference "System.IO.FileSystem.Primitives, Version=8.0.0.0, Culture=neutral, PublicKeyToken=b03f5f7f11d50a3a".
             Resolved file path is "/usr/lib/dotnet/packs/Microsoft.NETCore.App.Ref/8.0.16/ref/net8.0/System.IO.FileSystem.Primitives.dll".
             Reference found at search path location "{RawFileName}".
             This reference is not "CopyLocal" because at least one source item had "Private" set to "false" and no source items had "Private" set to "true".
             The ImageRuntimeVersion for this reference is "".
         Primary reference "System.IO.FileSystem.Watcher, Version=8.0.0.0, Culture=neutral, PublicKeyToken=b03f5f7f11d50a3a".
             Resolved file path is "/usr/lib/dotnet/packs/Microsoft.NETCore.App.Ref/8.0.16/ref/net8.0/System.IO.FileSystem.Watcher.dll".
             Reference found at search path location "{RawFileName}".
             This reference is not "CopyLocal" because at least one source item had "Private" set to "false" and no source items had "Private" set to "true".
             The ImageRuntimeVersion for this reference is "".
         Primary reference "System.IO.FileSystem, Version=8.0.0.0, Culture=neutral, PublicKeyToken=b03f5f7f11d50a3a".
             Resolved file path is "/usr/lib/dotnet/packs/Microsoft.NETCore.App.Ref/8.0.16/ref/net8.0/System.IO.FileSystem.dll".
             Reference found at search path location "{RawFileName}".
             This reference is not "CopyLocal" because at least one source item had "Private" set to "false" and no source items had "Private" set to "true".
             The ImageRuntimeVersion for this reference is "".
         Primary reference "System.IO.IsolatedStorage, Version=8.0.0.0, Culture=neutral, PublicKeyToken=b03f5f7f11d50a3a".
             Resolved file path is "/usr/lib/dotnet/packs/Microsoft.NETCore.App.Ref/8.0.16/ref/net8.0/System.IO.IsolatedStorage.dll".
             Reference found at search path location "{RawFileName}".
             This reference is not "CopyLocal" because at least one source item had "Private" set to "false" and no source items had "Private" set to "true".
             The ImageRuntimeVersion for this reference is "".
         Primary reference "System.IO.MemoryMappedFiles, Version=8.0.0.0, Culture=neutral, PublicKeyToken=b03f5f7f11d50a3a".
             Resolved file path is "/usr/lib/dotnet/packs/Microsoft.NETCore.App.Ref/8.0.16/ref/net8.0/System.IO.MemoryMappedFiles.dll".
             Reference found at search path location "{RawFileName}".
             This reference is not "CopyLocal" because at least one source item had "Private" set to "false" and no source items had "Private" set to "true".
             The ImageRuntimeVersion for this reference is "".
         Primary reference "System.IO.Pipes.AccessControl, Version=8.0.0.0, Culture=neutral, PublicKeyToken=b03f5f7f11d50a3a".
             Resolved file path is "/usr/lib/dotnet/packs/Microsoft.NETCore.App.Ref/8.0.16/ref/net8.0/System.IO.Pipes.AccessControl.dll".
             Reference found at search path location "{RawFileName}".
             This reference is not "CopyLocal" because at least one source item had "Private" set to "false" and no source items had "Private" set to "true".
             The ImageRuntimeVersion for this reference is "".
         Primary reference "System.IO.Pipes, Version=8.0.0.0, Culture=neutral, PublicKeyToken=b03f5f7f11d50a3a".
             Resolved file path is "/usr/lib/dotnet/packs/Microsoft.NETCore.App.Ref/8.0.16/ref/net8.0/System.IO.Pipes.dll".
             Reference found at search path location "{RawFileName}".
             This reference is not "CopyLocal" because at least one source item had "Private" set to "false" and no source items had "Private" set to "true".
             The ImageRuntimeVersion for this reference is "".
         Primary reference "System.IO.UnmanagedMemoryStream, Version=8.0.0.0, Culture=neutral, PublicKeyToken=b03f5f7f11d50a3a".
             Resolved file path is "/usr/lib/dotnet/packs/Microsoft.NETCore.App.Ref/8.0.16/ref/net8.0/System.IO.UnmanagedMemoryStream.dll".
             Reference found at search path location "{RawFileName}".
             This reference is not "CopyLocal" because at least one source item had "Private" set to "false" and no source items had "Private" set to "true".
             The ImageRuntimeVersion for this reference is "".
         Primary reference "System.IO, Version=8.0.0.0, Culture=neutral, PublicKeyToken=b03f5f7f11d50a3a".
             Resolved file path is "/usr/lib/dotnet/packs/Microsoft.NETCore.App.Ref/8.0.16/ref/net8.0/System.IO.dll".
             Reference found at search path location "{RawFileName}".
             This reference is not "CopyLocal" because at least one source item had "Private" set to "false" and no source items had "Private" set to "true".
             The ImageRuntimeVersion for this reference is "".
         Primary reference "System.Linq.Expressions, Version=8.0.0.0, Culture=neutral, PublicKeyToken=b03f5f7f11d50a3a".
             Resolved file path is "/usr/lib/dotnet/packs/Microsoft.NETCore.App.Ref/8.0.16/ref/net8.0/System.Linq.Expressions.dll".
             Reference found at search path location "{RawFileName}".
             This reference is not "CopyLocal" because at least one source item had "Private" set to "false" and no source items had "Private" set to "true".
             The ImageRuntimeVersion for this reference is "".
         Primary reference "System.Linq.Parallel, Version=8.0.0.0, Culture=neutral, PublicKeyToken=b03f5f7f11d50a3a".
             Resolved file path is "/usr/lib/dotnet/packs/Microsoft.NETCore.App.Ref/8.0.16/ref/net8.0/System.Linq.Parallel.dll".
             Reference found at search path location "{RawFileName}".
             This reference is not "CopyLocal" because at least one source item had "Private" set to "false" and no source items had "Private" set to "true".
             The ImageRuntimeVersion for this reference is "".
         Primary reference "System.Linq.Queryable, Version=8.0.0.0, Culture=neutral, PublicKeyToken=b03f5f7f11d50a3a".
             Resolved file path is "/usr/lib/dotnet/packs/Microsoft.NETCore.App.Ref/8.0.16/ref/net8.0/System.Linq.Queryable.dll".
             Reference found at search path location "{RawFileName}".
             This reference is not "CopyLocal" because at least one source item had "Private" set to "false" and no source items had "Private" set to "true".
             The ImageRuntimeVersion for this reference is "".
         Primary reference "System.Linq, Version=8.0.0.0, Culture=neutral, PublicKeyToken=b03f5f7f11d50a3a".
             Resolved file path is "/usr/lib/dotnet/packs/Microsoft.NETCore.App.Ref/8.0.16/ref/net8.0/System.Linq.dll".
             Reference found at search path location "{RawFileName}".
             This reference is not "CopyLocal" because at least one source item had "Private" set to "false" and no source items had "Private" set to "true".
             The ImageRuntimeVersion for this reference is "".
         Primary reference "System.Memory, Version=8.0.0.0, Culture=neutral, PublicKeyToken=cc7b13ffcd2ddd51".
             Resolved file path is "/usr/lib/dotnet/packs/Microsoft.NETCore.App.Ref/8.0.16/ref/net8.0/System.Memory.dll".
             Reference found at search path location "{RawFileName}".
             This reference is not "CopyLocal" because at least one source item had "Private" set to "false" and no source items had "Private" set to "true".
             The ImageRuntimeVersion for this reference is "".
         Primary reference "System.Net.Http.Json, Version=8.0.0.0, Culture=neutral, PublicKeyToken=cc7b13ffcd2ddd51".
             Resolved file path is "/usr/lib/dotnet/packs/Microsoft.NETCore.App.Ref/8.0.16/ref/net8.0/System.Net.Http.Json.dll".
             Reference found at search path location "{RawFileName}".
             This reference is not "CopyLocal" because at least one source item had "Private" set to "false" and no source items had "Private" set to "true".
             The ImageRuntimeVersion for this reference is "".
         Primary reference "System.Net.Http, Version=8.0.0.0, Culture=neutral, PublicKeyToken=b03f5f7f11d50a3a".
             Resolved file path is "/usr/lib/dotnet/packs/Microsoft.NETCore.App.Ref/8.0.16/ref/net8.0/System.Net.Http.dll".
             Reference found at search path location "{RawFileName}".
             This reference is not "CopyLocal" because at least one source item had "Private" set to "false" and no source items had "Private" set to "true".
             The ImageRuntimeVersion for this reference is "".
         Primary reference "System.Net.HttpListener, Version=8.0.0.0, Culture=neutral, PublicKeyToken=cc7b13ffcd2ddd51".
             Resolved file path is "/usr/lib/dotnet/packs/Microsoft.NETCore.App.Ref/8.0.16/ref/net8.0/System.Net.HttpListener.dll".
             Reference found at search path location "{RawFileName}".
             This reference is not "CopyLocal" because at least one source item had "Private" set to "false" and no source items had "Private" set to "true".
             The ImageRuntimeVersion for this reference is "".
         Primary reference "System.Net.Mail, Version=8.0.0.0, Culture=neutral, PublicKeyToken=cc7b13ffcd2ddd51".
             Resolved file path is "/usr/lib/dotnet/packs/Microsoft.NETCore.App.Ref/8.0.16/ref/net8.0/System.Net.Mail.dll".
             Reference found at search path location "{RawFileName}".
             This reference is not "CopyLocal" because at least one source item had "Private" set to "false" and no source items had "Private" set to "true".
             The ImageRuntimeVersion for this reference is "".
         Primary reference "System.Net.NameResolution, Version=8.0.0.0, Culture=neutral, PublicKeyToken=b03f5f7f11d50a3a".
             Resolved file path is "/usr/lib/dotnet/packs/Microsoft.NETCore.App.Ref/8.0.16/ref/net8.0/System.Net.NameResolution.dll".
             Reference found at search path location "{RawFileName}".
             This reference is not "CopyLocal" because at least one source item had "Private" set to "false" and no source items had "Private" set to "true".
             The ImageRuntimeVersion for this reference is "".
         Primary reference "System.Net.NetworkInformation, Version=8.0.0.0, Culture=neutral, PublicKeyToken=b03f5f7f11d50a3a".
             Resolved file path is "/usr/lib/dotnet/packs/Microsoft.NETCore.App.Ref/8.0.16/ref/net8.0/System.Net.NetworkInformation.dll".
             Reference found at search path location "{RawFileName}".
             This reference is not "CopyLocal" because at least one source item had "Private" set to "false" and no source items had "Private" set to "true".
             The ImageRuntimeVersion for this reference is "".
         Primary reference "System.Net.Ping, Version=8.0.0.0, Culture=neutral, PublicKeyToken=b03f5f7f11d50a3a".
             Resolved file path is "/usr/lib/dotnet/packs/Microsoft.NETCore.App.Ref/8.0.16/ref/net8.0/System.Net.Ping.dll".
             Reference found at search path location "{RawFileName}".
             This reference is not "CopyLocal" because at least one source item had "Private" set to "false" and no source items had "Private" set to "true".
             The ImageRuntimeVersion for this reference is "".
         Primary reference "System.Net.Primitives, Version=8.0.0.0, Culture=neutral, PublicKeyToken=b03f5f7f11d50a3a".
             Resolved file path is "/usr/lib/dotnet/packs/Microsoft.NETCore.App.Ref/8.0.16/ref/net8.0/System.Net.Primitives.dll".
             Reference found at search path location "{RawFileName}".
             This reference is not "CopyLocal" because at least one source item had "Private" set to "false" and no source items had "Private" set to "true".
             The ImageRuntimeVersion for this reference is "".
         Primary reference "System.Net.Quic, Version=8.0.0.0, Culture=neutral, PublicKeyToken=b03f5f7f11d50a3a".
             Resolved file path is "/usr/lib/dotnet/packs/Microsoft.NETCore.App.Ref/8.0.16/ref/net8.0/System.Net.Quic.dll".
             Reference found at search path location "{RawFileName}".
             This reference is not "CopyLocal" because at least one source item had "Private" set to "false" and no source items had "Private" set to "true".
             The ImageRuntimeVersion for this reference is "".
         Primary reference "System.Net.Requests, Version=8.0.0.0, Culture=neutral, PublicKeyToken=b03f5f7f11d50a3a".
             Resolved file path is "/usr/lib/dotnet/packs/Microsoft.NETCore.App.Ref/8.0.16/ref/net8.0/System.Net.Requests.dll".
             Reference found at search path location "{RawFileName}".
             This reference is not "CopyLocal" because at least one source item had "Private" set to "false" and no source items had "Private" set to "true".
             The ImageRuntimeVersion for this reference is "".
         Primary reference "System.Net.Security, Version=8.0.0.0, Culture=neutral, PublicKeyToken=b03f5f7f11d50a3a".
             Resolved file path is "/usr/lib/dotnet/packs/Microsoft.NETCore.App.Ref/8.0.16/ref/net8.0/System.Net.Security.dll".
             Reference found at search path location "{RawFileName}".
             This reference is not "CopyLocal" because at least one source item had "Private" set to "false" and no source items had "Private" set to "true".
             The ImageRuntimeVersion for this reference is "".
         Primary reference "System.Net.ServicePoint, Version=8.0.0.0, Culture=neutral, PublicKeyToken=cc7b13ffcd2ddd51".
             Resolved file path is "/usr/lib/dotnet/packs/Microsoft.NETCore.App.Ref/8.0.16/ref/net8.0/System.Net.ServicePoint.dll".
             Reference found at search path location "{RawFileName}".
             This reference is not "CopyLocal" because at least one source item had "Private" set to "false" and no source items had "Private" set to "true".
             The ImageRuntimeVersion for this reference is "".
         Primary reference "System.Net.Sockets, Version=8.0.0.0, Culture=neutral, PublicKeyToken=b03f5f7f11d50a3a".
             Resolved file path is "/usr/lib/dotnet/packs/Microsoft.NETCore.App.Ref/8.0.16/ref/net8.0/System.Net.Sockets.dll".
             Reference found at search path location "{RawFileName}".
             This reference is not "CopyLocal" because at least one source item had "Private" set to "false" and no source items had "Private" set to "true".
             The ImageRuntimeVersion for this reference is "".
         Primary reference "System.Net.WebClient, Version=8.0.0.0, Culture=neutral, PublicKeyToken=cc7b13ffcd2ddd51".
             Resolved file path is "/usr/lib/dotnet/packs/Microsoft.NETCore.App.Ref/8.0.16/ref/net8.0/System.Net.WebClient.dll".
             Reference found at search path location "{RawFileName}".
             This reference is not "CopyLocal" because at least one source item had "Private" set to "false" and no source items had "Private" set to "true".
             The ImageRuntimeVersion for this reference is "".
         Primary reference "System.Net.WebHeaderCollection, Version=8.0.0.0, Culture=neutral, PublicKeyToken=b03f5f7f11d50a3a".
             Resolved file path is "/usr/lib/dotnet/packs/Microsoft.NETCore.App.Ref/8.0.16/ref/net8.0/System.Net.WebHeaderCollection.dll".
             Reference found at search path location "{RawFileName}".
             This reference is not "CopyLocal" because at least one source item had "Private" set to "false" and no source items had "Private" set to "true".
             The ImageRuntimeVersion for this reference is "".
         Primary reference "System.Net.WebProxy, Version=8.0.0.0, Culture=neutral, PublicKeyToken=cc7b13ffcd2ddd51".
             Resolved file path is "/usr/lib/dotnet/packs/Microsoft.NETCore.App.Ref/8.0.16/ref/net8.0/System.Net.WebProxy.dll".
             Reference found at search path location "{RawFileName}".
             This reference is not "CopyLocal" because at least one source item had "Private" set to "false" and no source items had "Private" set to "true".
             The ImageRuntimeVersion for this reference is "".
         Primary reference "System.Net.WebSockets.Client, Version=8.0.0.0, Culture=neutral, PublicKeyToken=b03f5f7f11d50a3a".
             Resolved file path is "/usr/lib/dotnet/packs/Microsoft.NETCore.App.Ref/8.0.16/ref/net8.0/System.Net.WebSockets.Client.dll".
             Reference found at search path location "{RawFileName}".
             This reference is not "CopyLocal" because at least one source item had "Private" set to "false" and no source items had "Private" set to "true".
             The ImageRuntimeVersion for this reference is "".
         Primary reference "System.Net.WebSockets, Version=8.0.0.0, Culture=neutral, PublicKeyToken=b03f5f7f11d50a3a".
             Resolved file path is "/usr/lib/dotnet/packs/Microsoft.NETCore.App.Ref/8.0.16/ref/net8.0/System.Net.WebSockets.dll".
             Reference found at search path location "{RawFileName}".
             This reference is not "CopyLocal" because at least one source item had "Private" set to "false" and no source items had "Private" set to "true".
             The ImageRuntimeVersion for this reference is "".
         Primary reference "System.Net, Version=4.0.0.0, Culture=neutral, PublicKeyToken=b03f5f7f11d50a3a".
             Resolved file path is "/usr/lib/dotnet/packs/Microsoft.NETCore.App.Ref/8.0.16/ref/net8.0/System.Net.dll".
             Reference found at search path location "{RawFileName}".
             This reference is not "CopyLocal" because at least one source item had "Private" set to "false" and no source items had "Private" set to "true".
             The ImageRuntimeVersion for this reference is "".
         Primary reference "System.Numerics.Vectors, Version=8.0.0.0, Culture=neutral, PublicKeyToken=b03f5f7f11d50a3a".
             Resolved file path is "/usr/lib/dotnet/packs/Microsoft.NETCore.App.Ref/8.0.16/ref/net8.0/System.Numerics.Vectors.dll".
             Reference found at search path location "{RawFileName}".
             This reference is not "CopyLocal" because at least one source item had "Private" set to "false" and no source items had "Private" set to "true".
             The ImageRuntimeVersion for this reference is "".
         Primary reference "System.Numerics, Version=4.0.0.0, Culture=neutral, PublicKeyToken=b77a5c561934e089".
             Resolved file path is "/usr/lib/dotnet/packs/Microsoft.NETCore.App.Ref/8.0.16/ref/net8.0/System.Numerics.dll".
             Reference found at search path location "{RawFileName}".
             This reference is not "CopyLocal" because at least one source item had "Private" set to "false" and no source items had "Private" set to "true".
             The ImageRuntimeVersion for this reference is "".
         Primary reference "System.ObjectModel, Version=8.0.0.0, Culture=neutral, PublicKeyToken=b03f5f7f11d50a3a".
             Resolved file path is "/usr/lib/dotnet/packs/Microsoft.NETCore.App.Ref/8.0.16/ref/net8.0/System.ObjectModel.dll".
             Reference found at search path location "{RawFileName}".
             This reference is not "CopyLocal" because at least one source item had "Private" set to "false" and no source items had "Private" set to "true".
             The ImageRuntimeVersion for this reference is "".
         Primary reference "System.Reflection.DispatchProxy, Version=8.0.0.0, Culture=neutral, PublicKeyToken=b03f5f7f11d50a3a".
             Resolved file path is "/usr/lib/dotnet/packs/Microsoft.NETCore.App.Ref/8.0.16/ref/net8.0/System.Reflection.DispatchProxy.dll".
             Reference found at search path location "{RawFileName}".
             This reference is not "CopyLocal" because at least one source item had "Private" set to "false" and no source items had "Private" set to "true".
             The ImageRuntimeVersion for this reference is "".
         Primary reference "System.Reflection.Emit.ILGeneration, Version=8.0.0.0, Culture=neutral, PublicKeyToken=b03f5f7f11d50a3a".
             Resolved file path is "/usr/lib/dotnet/packs/Microsoft.NETCore.App.Ref/8.0.16/ref/net8.0/System.Reflection.Emit.ILGeneration.dll".
             Reference found at search path location "{RawFileName}".
             This reference is not "CopyLocal" because at least one source item had "Private" set to "false" and no source items had "Private" set to "true".
             The ImageRuntimeVersion for this reference is "".
         Primary reference "System.Reflection.Emit.Lightweight, Version=8.0.0.0, Culture=neutral, PublicKeyToken=b03f5f7f11d50a3a".
             Resolved file path is "/usr/lib/dotnet/packs/Microsoft.NETCore.App.Ref/8.0.16/ref/net8.0/System.Reflection.Emit.Lightweight.dll".
             Reference found at search path location "{RawFileName}".
             This reference is not "CopyLocal" because at least one source item had "Private" set to "false" and no source items had "Private" set to "true".
             The ImageRuntimeVersion for this reference is "".
         Primary reference "System.Reflection.Emit, Version=8.0.0.0, Culture=neutral, PublicKeyToken=b03f5f7f11d50a3a".
             Resolved file path is "/usr/lib/dotnet/packs/Microsoft.NETCore.App.Ref/8.0.16/ref/net8.0/System.Reflection.Emit.dll".
             Reference found at search path location "{RawFileName}".
             This reference is not "CopyLocal" because at least one source item had "Private" set to "false" and no source items had "Private" set to "true".
             The ImageRuntimeVersion for this reference is "".
         Primary reference "System.Reflection.Extensions, Version=8.0.0.0, Culture=neutral, PublicKeyToken=b03f5f7f11d50a3a".
             Resolved file path is "/usr/lib/dotnet/packs/Microsoft.NETCore.App.Ref/8.0.16/ref/net8.0/System.Reflection.Extensions.dll".
             Reference found at search path location "{RawFileName}".
             This reference is not "CopyLocal" because at least one source item had "Private" set to "false" and no source items had "Private" set to "true".
             The ImageRuntimeVersion for this reference is "".
         Primary reference "System.Reflection.Metadata, Version=8.0.0.0, Culture=neutral, PublicKeyToken=b03f5f7f11d50a3a".
             Resolved file path is "/usr/lib/dotnet/packs/Microsoft.NETCore.App.Ref/8.0.16/ref/net8.0/System.Reflection.Metadata.dll".
             Reference found at search path location "{RawFileName}".
             This reference is not "CopyLocal" because at least one source item had "Private" set to "false" and no source items had "Private" set to "true".
             The ImageRuntimeVersion for this reference is "".
         Primary reference "System.Reflection.Primitives, Version=8.0.0.0, Culture=neutral, PublicKeyToken=b03f5f7f11d50a3a".
             Resolved file path is "/usr/lib/dotnet/packs/Microsoft.NETCore.App.Ref/8.0.16/ref/net8.0/System.Reflection.Primitives.dll".
             Reference found at search path location "{RawFileName}".
             This reference is not "CopyLocal" because at least one source item had "Private" set to "false" and no source items had "Private" set to "true".
             The ImageRuntimeVersion for this reference is "".
         Primary reference "System.Reflection.TypeExtensions, Version=8.0.0.0, Culture=neutral, PublicKeyToken=b03f5f7f11d50a3a".
             Resolved file path is "/usr/lib/dotnet/packs/Microsoft.NETCore.App.Ref/8.0.16/ref/net8.0/System.Reflection.TypeExtensions.dll".
             Reference found at search path location "{RawFileName}".
             This reference is not "CopyLocal" because at least one source item had "Private" set to "false" and no source items had "Private" set to "true".
             The ImageRuntimeVersion for this reference is "".
         Primary reference "System.Reflection, Version=8.0.0.0, Culture=neutral, PublicKeyToken=b03f5f7f11d50a3a".
             Resolved file path is "/usr/lib/dotnet/packs/Microsoft.NETCore.App.Ref/8.0.16/ref/net8.0/System.Reflection.dll".
             Reference found at search path location "{RawFileName}".
             This reference is not "CopyLocal" because at least one source item had "Private" set to "false" and no source items had "Private" set to "true".
             The ImageRuntimeVersion for this reference is "".
         Primary reference "System.Resources.Reader, Version=8.0.0.0, Culture=neutral, PublicKeyToken=b03f5f7f11d50a3a".
             Resolved file path is "/usr/lib/dotnet/packs/Microsoft.NETCore.App.Ref/8.0.16/ref/net8.0/System.Resources.Reader.dll".
             Reference found at search path location "{RawFileName}".
             This reference is not "CopyLocal" because at least one source item had "Private" set to "false" and no source items had "Private" set to "true".
             The ImageRuntimeVersion for this reference is "".
         Primary reference "System.Resources.ResourceManager, Version=8.0.0.0, Culture=neutral, PublicKeyToken=b03f5f7f11d50a3a".
             Resolved file path is "/usr/lib/dotnet/packs/Microsoft.NETCore.App.Ref/8.0.16/ref/net8.0/System.Resources.ResourceManager.dll".
             Reference found at search path location "{RawFileName}".
             This reference is not "CopyLocal" because at least one source item had "Private" set to "false" and no source items had "Private" set to "true".
             The ImageRuntimeVersion for this reference is "".
         Primary reference "System.Resources.Writer, Version=8.0.0.0, Culture=neutral, PublicKeyToken=b03f5f7f11d50a3a".
             Resolved file path is "/usr/lib/dotnet/packs/Microsoft.NETCore.App.Ref/8.0.16/ref/net8.0/System.Resources.Writer.dll".
             Reference found at search path location "{RawFileName}".
             This reference is not "CopyLocal" because at least one source item had "Private" set to "false" and no source items had "Private" set to "true".
             The ImageRuntimeVersion for this reference is "".
         Primary reference "System.Runtime.CompilerServices.Unsafe, Version=8.0.0.0, Culture=neutral, PublicKeyToken=b03f5f7f11d50a3a".
             Resolved file path is "/usr/lib/dotnet/packs/Microsoft.NETCore.App.Ref/8.0.16/ref/net8.0/System.Runtime.CompilerServices.Unsafe.dll".
             Reference found at search path location "{RawFileName}".
             This reference is not "CopyLocal" because at least one source item had "Private" set to "false" and no source items had "Private" set to "true".
             The ImageRuntimeVersion for this reference is "".
         Primary reference "System.Runtime.CompilerServices.VisualC, Version=8.0.0.0, Culture=neutral, PublicKeyToken=b03f5f7f11d50a3a".
             Resolved file path is "/usr/lib/dotnet/packs/Microsoft.NETCore.App.Ref/8.0.16/ref/net8.0/System.Runtime.CompilerServices.VisualC.dll".
             Reference found at search path location "{RawFileName}".
             This reference is not "CopyLocal" because at least one source item had "Private" set to "false" and no source items had "Private" set to "true".
             The ImageRuntimeVersion for this reference is "".
         Primary reference "System.Runtime.Extensions, Version=8.0.0.0, Culture=neutral, PublicKeyToken=b03f5f7f11d50a3a".
             Resolved file path is "/usr/lib/dotnet/packs/Microsoft.NETCore.App.Ref/8.0.16/ref/net8.0/System.Runtime.Extensions.dll".
             Reference found at search path location "{RawFileName}".
             This reference is not "CopyLocal" because at least one source item had "Private" set to "false" and no source items had "Private" set to "true".
             The ImageRuntimeVersion for this reference is "".
         Primary reference "System.Runtime.Handles, Version=8.0.0.0, Culture=neutral, PublicKeyToken=b03f5f7f11d50a3a".
             Resolved file path is "/usr/lib/dotnet/packs/Microsoft.NETCore.App.Ref/8.0.16/ref/net8.0/System.Runtime.Handles.dll".
             Reference found at search path location "{RawFileName}".
             This reference is not "CopyLocal" because at least one source item had "Private" set to "false" and no source items had "Private" set to "true".
             The ImageRuntimeVersion for this reference is "".
         Primary reference "System.Runtime.InteropServices.JavaScript, Version=8.0.0.0, Culture=neutral, PublicKeyToken=b03f5f7f11d50a3a".
             Resolved file path is "/usr/lib/dotnet/packs/Microsoft.NETCore.App.Ref/8.0.16/ref/net8.0/System.Runtime.InteropServices.JavaScript.dll".
             Reference found at search path location "{RawFileName}".
             This reference is not "CopyLocal" because at least one source item had "Private" set to "false" and no source items had "Private" set to "true".
             The ImageRuntimeVersion for this reference is "".
         Primary reference "System.Runtime.InteropServices.RuntimeInformation, Version=8.0.0.0, Culture=neutral, PublicKeyToken=b03f5f7f11d50a3a".
             Resolved file path is "/usr/lib/dotnet/packs/Microsoft.NETCore.App.Ref/8.0.16/ref/net8.0/System.Runtime.InteropServices.RuntimeInformation.dll".
             Reference found at search path location "{RawFileName}".
             This reference is not "CopyLocal" because at least one source item had "Private" set to "false" and no source items had "Private" set to "true".
             The ImageRuntimeVersion for this reference is "".
         Primary reference "System.Runtime.InteropServices, Version=8.0.0.0, Culture=neutral, PublicKeyToken=b03f5f7f11d50a3a".
             Resolved file path is "/usr/lib/dotnet/packs/Microsoft.NETCore.App.Ref/8.0.16/ref/net8.0/System.Runtime.InteropServices.dll".
             Reference found at search path location "{RawFileName}".
             This reference is not "CopyLocal" because at least one source item had "Private" set to "false" and no source items had "Private" set to "true".
             The ImageRuntimeVersion for this reference is "".
         Primary reference "System.Runtime.Intrinsics, Version=8.0.0.0, Culture=neutral, PublicKeyToken=cc7b13ffcd2ddd51".
             Resolved file path is "/usr/lib/dotnet/packs/Microsoft.NETCore.App.Ref/8.0.16/ref/net8.0/System.Runtime.Intrinsics.dll".
             Reference found at search path location "{RawFileName}".
             This reference is not "CopyLocal" because at least one source item had "Private" set to "false" and no source items had "Private" set to "true".
             The ImageRuntimeVersion for this reference is "".
         Primary reference "System.Runtime.Loader, Version=8.0.0.0, Culture=neutral, PublicKeyToken=b03f5f7f11d50a3a".
             Resolved file path is "/usr/lib/dotnet/packs/Microsoft.NETCore.App.Ref/8.0.16/ref/net8.0/System.Runtime.Loader.dll".
             Reference found at search path location "{RawFileName}".
             This reference is not "CopyLocal" because at least one source item had "Private" set to "false" and no source items had "Private" set to "true".
             The ImageRuntimeVersion for this reference is "".
         Primary reference "System.Runtime.Numerics, Version=8.0.0.0, Culture=neutral, PublicKeyToken=b03f5f7f11d50a3a".
             Resolved file path is "/usr/lib/dotnet/packs/Microsoft.NETCore.App.Ref/8.0.16/ref/net8.0/System.Runtime.Numerics.dll".
             Reference found at search path location "{RawFileName}".
             This reference is not "CopyLocal" because at least one source item had "Private" set to "false" and no source items had "Private" set to "true".
             The ImageRuntimeVersion for this reference is "".
         Primary reference "System.Runtime.Serialization.Formatters, Version=8.0.0.0, Culture=neutral, PublicKeyToken=b03f5f7f11d50a3a".
             Resolved file path is "/usr/lib/dotnet/packs/Microsoft.NETCore.App.Ref/8.0.16/ref/net8.0/System.Runtime.Serialization.Formatters.dll".
             Reference found at search path location "{RawFileName}".
             This reference is not "CopyLocal" because at least one source item had "Private" set to "false" and no source items had "Private" set to "true".
             The ImageRuntimeVersion for this reference is "".
         Primary reference "System.Runtime.Serialization.Json, Version=8.0.0.0, Culture=neutral, PublicKeyToken=b03f5f7f11d50a3a".
             Resolved file path is "/usr/lib/dotnet/packs/Microsoft.NETCore.App.Ref/8.0.16/ref/net8.0/System.Runtime.Serialization.Json.dll".
             Reference found at search path location "{RawFileName}".
             This reference is not "CopyLocal" because at least one source item had "Private" set to "false" and no source items had "Private" set to "true".
             The ImageRuntimeVersion for this reference is "".
         Primary reference "System.Runtime.Serialization.Primitives, Version=8.0.0.0, Culture=neutral, PublicKeyToken=b03f5f7f11d50a3a".
             Resolved file path is "/usr/lib/dotnet/packs/Microsoft.NETCore.App.Ref/8.0.16/ref/net8.0/System.Runtime.Serialization.Primitives.dll".
             Reference found at search path location "{RawFileName}".
             This reference is not "CopyLocal" because at least one source item had "Private" set to "false" and no source items had "Private" set to "true".
             The ImageRuntimeVersion for this reference is "".
         Primary reference "System.Runtime.Serialization.Xml, Version=8.0.0.0, Culture=neutral, PublicKeyToken=b03f5f7f11d50a3a".
             Resolved file path is "/usr/lib/dotnet/packs/Microsoft.NETCore.App.Ref/8.0.16/ref/net8.0/System.Runtime.Serialization.Xml.dll".
             Reference found at search path location "{RawFileName}".
             This reference is not "CopyLocal" because at least one source item had "Private" set to "false" and no source items had "Private" set to "true".
             The ImageRuntimeVersion for this reference is "".
         Primary reference "System.Runtime.Serialization, Version=4.0.0.0, Culture=neutral, PublicKeyToken=b77a5c561934e089".
             Resolved file path is "/usr/lib/dotnet/packs/Microsoft.NETCore.App.Ref/8.0.16/ref/net8.0/System.Runtime.Serialization.dll".
             Reference found at search path location "{RawFileName}".
             This reference is not "CopyLocal" because at least one source item had "Private" set to "false" and no source items had "Private" set to "true".
             The ImageRuntimeVersion for this reference is "".
         Primary reference "System.Runtime, Version=8.0.0.0, Culture=neutral, PublicKeyToken=b03f5f7f11d50a3a".
             Resolved file path is "/usr/lib/dotnet/packs/Microsoft.NETCore.App.Ref/8.0.16/ref/net8.0/System.Runtime.dll".
             Reference found at search path location "{RawFileName}".
             This reference is not "CopyLocal" because at least one source item had "Private" set to "false" and no source items had "Private" set to "true".
             The ImageRuntimeVersion for this reference is "".
         Primary reference "System.Security.AccessControl, Version=8.0.0.0, Culture=neutral, PublicKeyToken=b03f5f7f11d50a3a".
             Resolved file path is "/usr/lib/dotnet/packs/Microsoft.NETCore.App.Ref/8.0.16/ref/net8.0/System.Security.AccessControl.dll".
             Reference found at search path location "{RawFileName}".
             This reference is not "CopyLocal" because at least one source item had "Private" set to "false" and no source items had "Private" set to "true".
             The ImageRuntimeVersion for this reference is "".
         Primary reference "System.Security.Claims, Version=8.0.0.0, Culture=neutral, PublicKeyToken=b03f5f7f11d50a3a".
             Resolved file path is "/usr/lib/dotnet/packs/Microsoft.NETCore.App.Ref/8.0.16/ref/net8.0/System.Security.Claims.dll".
             Reference found at search path location "{RawFileName}".
             This reference is not "CopyLocal" because at least one source item had "Private" set to "false" and no source items had "Private" set to "true".
             The ImageRuntimeVersion for this reference is "".
         Primary reference "System.Security.Cryptography.Algorithms, Version=8.0.0.0, Culture=neutral, PublicKeyToken=b03f5f7f11d50a3a".
             Resolved file path is "/usr/lib/dotnet/packs/Microsoft.NETCore.App.Ref/8.0.16/ref/net8.0/System.Security.Cryptography.Algorithms.dll".
             Reference found at search path location "{RawFileName}".
             This reference is not "CopyLocal" because at least one source item had "Private" set to "false" and no source items had "Private" set to "true".
             The ImageRuntimeVersion for this reference is "".
         Primary reference "System.Security.Cryptography.Cng, Version=8.0.0.0, Culture=neutral, PublicKeyToken=b03f5f7f11d50a3a".
             Resolved file path is "/usr/lib/dotnet/packs/Microsoft.NETCore.App.Ref/8.0.16/ref/net8.0/System.Security.Cryptography.Cng.dll".
             Reference found at search path location "{RawFileName}".
             This reference is not "CopyLocal" because at least one source item had "Private" set to "false" and no source items had "Private" set to "true".
             The ImageRuntimeVersion for this reference is "".
         Primary reference "System.Security.Cryptography.Csp, Version=8.0.0.0, Culture=neutral, PublicKeyToken=b03f5f7f11d50a3a".
             Resolved file path is "/usr/lib/dotnet/packs/Microsoft.NETCore.App.Ref/8.0.16/ref/net8.0/System.Security.Cryptography.Csp.dll".
             Reference found at search path location "{RawFileName}".
             This reference is not "CopyLocal" because at least one source item had "Private" set to "false" and no source items had "Private" set to "true".
             The ImageRuntimeVersion for this reference is "".
         Primary reference "System.Security.Cryptography.Encoding, Version=8.0.0.0, Culture=neutral, PublicKeyToken=b03f5f7f11d50a3a".
             Resolved file path is "/usr/lib/dotnet/packs/Microsoft.NETCore.App.Ref/8.0.16/ref/net8.0/System.Security.Cryptography.Encoding.dll".
             Reference found at search path location "{RawFileName}".
             This reference is not "CopyLocal" because at least one source item had "Private" set to "false" and no source items had "Private" set to "true".
             The ImageRuntimeVersion for this reference is "".
         Primary reference "System.Security.Cryptography.OpenSsl, Version=8.0.0.0, Culture=neutral, PublicKeyToken=b03f5f7f11d50a3a".
             Resolved file path is "/usr/lib/dotnet/packs/Microsoft.NETCore.App.Ref/8.0.16/ref/net8.0/System.Security.Cryptography.OpenSsl.dll".
             Reference found at search path location "{RawFileName}".
             This reference is not "CopyLocal" because at least one source item had "Private" set to "false" and no source items had "Private" set to "true".
             The ImageRuntimeVersion for this reference is "".
         Primary reference "System.Security.Cryptography.Primitives, Version=8.0.0.0, Culture=neutral, PublicKeyToken=b03f5f7f11d50a3a".
             Resolved file path is "/usr/lib/dotnet/packs/Microsoft.NETCore.App.Ref/8.0.16/ref/net8.0/System.Security.Cryptography.Primitives.dll".
             Reference found at search path location "{RawFileName}".
             This reference is not "CopyLocal" because at least one source item had "Private" set to "false" and no source items had "Private" set to "true".
             The ImageRuntimeVersion for this reference is "".
         Primary reference "System.Security.Cryptography.X509Certificates, Version=8.0.0.0, Culture=neutral, PublicKeyToken=b03f5f7f11d50a3a".
             Resolved file path is "/usr/lib/dotnet/packs/Microsoft.NETCore.App.Ref/8.0.16/ref/net8.0/System.Security.Cryptography.X509Certificates.dll".
             Reference found at search path location "{RawFileName}".
             This reference is not "CopyLocal" because at least one source item had "Private" set to "false" and no source items had "Private" set to "true".
             The ImageRuntimeVersion for this reference is "".
         Primary reference "System.Security.Cryptography, Version=8.0.0.0, Culture=neutral, PublicKeyToken=b03f5f7f11d50a3a".
             Resolved file path is "/usr/lib/dotnet/packs/Microsoft.NETCore.App.Ref/8.0.16/ref/net8.0/System.Security.Cryptography.dll".
             Reference found at search path location "{RawFileName}".
             This reference is not "CopyLocal" because at least one source item had "Private" set to "false" and no source items had "Private" set to "true".
             The ImageRuntimeVersion for this reference is "".
         Primary reference "System.Security.Principal.Windows, Version=8.0.0.0, Culture=neutral, PublicKeyToken=b03f5f7f11d50a3a".
             Resolved file path is "/usr/lib/dotnet/packs/Microsoft.NETCore.App.Ref/8.0.16/ref/net8.0/System.Security.Principal.Windows.dll".
             Reference found at search path location "{RawFileName}".
             This reference is not "CopyLocal" because at least one source item had "Private" set to "false" and no source items had "Private" set to "true".
             The ImageRuntimeVersion for this reference is "".
         Primary reference "System.Security.Principal, Version=8.0.0.0, Culture=neutral, PublicKeyToken=b03f5f7f11d50a3a".
             Resolved file path is "/usr/lib/dotnet/packs/Microsoft.NETCore.App.Ref/8.0.16/ref/net8.0/System.Security.Principal.dll".
             Reference found at search path location "{RawFileName}".
             This reference is not "CopyLocal" because at least one source item had "Private" set to "false" and no source items had "Private" set to "true".
             The ImageRuntimeVersion for this reference is "".
         Primary reference "System.Security.SecureString, Version=8.0.0.0, Culture=neutral, PublicKeyToken=b03f5f7f11d50a3a".
             Resolved file path is "/usr/lib/dotnet/packs/Microsoft.NETCore.App.Ref/8.0.16/ref/net8.0/System.Security.SecureString.dll".
             Reference found at search path location "{RawFileName}".
             This reference is not "CopyLocal" because at least one source item had "Private" set to "false" and no source items had "Private" set to "true".
             The ImageRuntimeVersion for this reference is "".
         Primary reference "System.Security, Version=4.0.0.0, Culture=neutral, PublicKeyToken=b03f5f7f11d50a3a".
             Resolved file path is "/usr/lib/dotnet/packs/Microsoft.NETCore.App.Ref/8.0.16/ref/net8.0/System.Security.dll".
             Reference found at search path location "{RawFileName}".
             This reference is not "CopyLocal" because at least one source item had "Private" set to "false" and no source items had "Private" set to "true".
             The ImageRuntimeVersion for this reference is "".
         Primary reference "System.ServiceModel.Web, Version=4.0.0.0, Culture=neutral, PublicKeyToken=31bf3856ad364e35".
             Resolved file path is "/usr/lib/dotnet/packs/Microsoft.NETCore.App.Ref/8.0.16/ref/net8.0/System.ServiceModel.Web.dll".
             Reference found at search path location "{RawFileName}".
             This reference is not "CopyLocal" because at least one source item had "Private" set to "false" and no source items had "Private" set to "true".
             The ImageRuntimeVersion for this reference is "".
         Primary reference "System.ServiceProcess, Version=4.0.0.0, Culture=neutral, PublicKeyToken=b03f5f7f11d50a3a".
             Resolved file path is "/usr/lib/dotnet/packs/Microsoft.NETCore.App.Ref/8.0.16/ref/net8.0/System.ServiceProcess.dll".
             Reference found at search path location "{RawFileName}".
             This reference is not "CopyLocal" because at least one source item had "Private" set to "false" and no source items had "Private" set to "true".
             The ImageRuntimeVersion for this reference is "".
         Primary reference "System.Text.Encoding.CodePages, Version=8.0.0.0, Culture=neutral, PublicKeyToken=b03f5f7f11d50a3a".
             Resolved file path is "/usr/lib/dotnet/packs/Microsoft.NETCore.App.Ref/8.0.16/ref/net8.0/System.Text.Encoding.CodePages.dll".
             Reference found at search path location "{RawFileName}".
             This reference is not "CopyLocal" because at least one source item had "Private" set to "false" and no source items had "Private" set to "true".
             The ImageRuntimeVersion for this reference is "".
         Primary reference "System.Text.Encoding.Extensions, Version=8.0.0.0, Culture=neutral, PublicKeyToken=b03f5f7f11d50a3a".
             Resolved file path is "/usr/lib/dotnet/packs/Microsoft.NETCore.App.Ref/8.0.16/ref/net8.0/System.Text.Encoding.Extensions.dll".
             Reference found at search path location "{RawFileName}".
             This reference is not "CopyLocal" because at least one source item had "Private" set to "false" and no source items had "Private" set to "true".
             The ImageRuntimeVersion for this reference is "".
         Primary reference "System.Text.Encoding, Version=8.0.0.0, Culture=neutral, PublicKeyToken=b03f5f7f11d50a3a".
             Resolved file path is "/usr/lib/dotnet/packs/Microsoft.NETCore.App.Ref/8.0.16/ref/net8.0/System.Text.Encoding.dll".
             Reference found at search path location "{RawFileName}".
             This reference is not "CopyLocal" because at least one source item had "Private" set to "false" and no source items had "Private" set to "true".
             The ImageRuntimeVersion for this reference is "".
         Primary reference "System.Text.Encodings.Web, Version=8.0.0.0, Culture=neutral, PublicKeyToken=cc7b13ffcd2ddd51".
             Resolved file path is "/usr/lib/dotnet/packs/Microsoft.NETCore.App.Ref/8.0.16/ref/net8.0/System.Text.Encodings.Web.dll".
             Reference found at search path location "{RawFileName}".
             This reference is not "CopyLocal" because at least one source item had "Private" set to "false" and no source items had "Private" set to "true".
             The ImageRuntimeVersion for this reference is "".
         Primary reference "System.Text.Json, Version=8.0.0.0, Culture=neutral, PublicKeyToken=cc7b13ffcd2ddd51".
             Resolved file path is "/usr/lib/dotnet/packs/Microsoft.NETCore.App.Ref/8.0.16/ref/net8.0/System.Text.Json.dll".
             Reference found at search path location "{RawFileName}".
             This reference is not "CopyLocal" because at least one source item had "Private" set to "false" and no source items had "Private" set to "true".
             The ImageRuntimeVersion for this reference is "".
         Primary reference "System.Text.RegularExpressions, Version=8.0.0.0, Culture=neutral, PublicKeyToken=b03f5f7f11d50a3a".
             Resolved file path is "/usr/lib/dotnet/packs/Microsoft.NETCore.App.Ref/8.0.16/ref/net8.0/System.Text.RegularExpressions.dll".
             Reference found at search path location "{RawFileName}".
             This reference is not "CopyLocal" because at least one source item had "Private" set to "false" and no source items had "Private" set to "true".
             The ImageRuntimeVersion for this reference is "".
         Primary reference "System.Threading.Channels, Version=8.0.0.0, Culture=neutral, PublicKeyToken=cc7b13ffcd2ddd51".
             Resolved file path is "/usr/lib/dotnet/packs/Microsoft.NETCore.App.Ref/8.0.16/ref/net8.0/System.Threading.Channels.dll".
             Reference found at search path location "{RawFileName}".
             This reference is not "CopyLocal" because at least one source item had "Private" set to "false" and no source items had "Private" set to "true".
             The ImageRuntimeVersion for this reference is "".
         Primary reference "System.Threading.Overlapped, Version=8.0.0.0, Culture=neutral, PublicKeyToken=b03f5f7f11d50a3a".
             Resolved file path is "/usr/lib/dotnet/packs/Microsoft.NETCore.App.Ref/8.0.16/ref/net8.0/System.Threading.Overlapped.dll".
             Reference found at search path location "{RawFileName}".
             This reference is not "CopyLocal" because at least one source item had "Private" set to "false" and no source items had "Private" set to "true".
             The ImageRuntimeVersion for this reference is "".
         Primary reference "System.Threading.Tasks.Dataflow, Version=8.0.0.0, Culture=neutral, PublicKeyToken=b03f5f7f11d50a3a".
             Resolved file path is "/usr/lib/dotnet/packs/Microsoft.NETCore.App.Ref/8.0.16/ref/net8.0/System.Threading.Tasks.Dataflow.dll".
             Reference found at search path location "{RawFileName}".
             This reference is not "CopyLocal" because at least one source item had "Private" set to "false" and no source items had "Private" set to "true".
             The ImageRuntimeVersion for this reference is "".
         Primary reference "System.Threading.Tasks.Extensions, Version=8.0.0.0, Culture=neutral, PublicKeyToken=cc7b13ffcd2ddd51".
             Resolved file path is "/usr/lib/dotnet/packs/Microsoft.NETCore.App.Ref/8.0.16/ref/net8.0/System.Threading.Tasks.Extensions.dll".
             Reference found at search path location "{RawFileName}".
             This reference is not "CopyLocal" because at least one source item had "Private" set to "false" and no source items had "Private" set to "true".
             The ImageRuntimeVersion for this reference is "".
         Primary reference "System.Threading.Tasks.Parallel, Version=8.0.0.0, Culture=neutral, PublicKeyToken=b03f5f7f11d50a3a".
             Resolved file path is "/usr/lib/dotnet/packs/Microsoft.NETCore.App.Ref/8.0.16/ref/net8.0/System.Threading.Tasks.Parallel.dll".
             Reference found at search path location "{RawFileName}".
             This reference is not "CopyLocal" because at least one source item had "Private" set to "false" and no source items had "Private" set to "true".
             The ImageRuntimeVersion for this reference is "".
         Primary reference "System.Threading.Tasks, Version=8.0.0.0, Culture=neutral, PublicKeyToken=b03f5f7f11d50a3a".
             Resolved file path is "/usr/lib/dotnet/packs/Microsoft.NETCore.App.Ref/8.0.16/ref/net8.0/System.Threading.Tasks.dll".
             Reference found at search path location "{RawFileName}".
             This reference is not "CopyLocal" because at least one source item had "Private" set to "false" and no source items had "Private" set to "true".
             The ImageRuntimeVersion for this reference is "".
         Primary reference "System.Threading.Thread, Version=8.0.0.0, Culture=neutral, PublicKeyToken=b03f5f7f11d50a3a".
             Resolved file path is "/usr/lib/dotnet/packs/Microsoft.NETCore.App.Ref/8.0.16/ref/net8.0/System.Threading.Thread.dll".
             Reference found at search path location "{RawFileName}".
             This reference is not "CopyLocal" because at least one source item had "Private" set to "false" and no source items had "Private" set to "true".
             The ImageRuntimeVersion for this reference is "".
         Primary reference "System.Threading.ThreadPool, Version=8.0.0.0, Culture=neutral, PublicKeyToken=b03f5f7f11d50a3a".
             Resolved file path is "/usr/lib/dotnet/packs/Microsoft.NETCore.App.Ref/8.0.16/ref/net8.0/System.Threading.ThreadPool.dll".
             Reference found at search path location "{RawFileName}".
             This reference is not "CopyLocal" because at least one source item had "Private" set to "false" and no source items had "Private" set to "true".
             The ImageRuntimeVersion for this reference is "".
         Primary reference "System.Threading.Timer, Version=8.0.0.0, Culture=neutral, PublicKeyToken=b03f5f7f11d50a3a".
             Resolved file path is "/usr/lib/dotnet/packs/Microsoft.NETCore.App.Ref/8.0.16/ref/net8.0/System.Threading.Timer.dll".
             Reference found at search path location "{RawFileName}".
             This reference is not "CopyLocal" because at least one source item had "Private" set to "false" and no source items had "Private" set to "true".
             The ImageRuntimeVersion for this reference is "".
         Primary reference "System.Threading, Version=8.0.0.0, Culture=neutral, PublicKeyToken=b03f5f7f11d50a3a".
             Resolved file path is "/usr/lib/dotnet/packs/Microsoft.NETCore.App.Ref/8.0.16/ref/net8.0/System.Threading.dll".
             Reference found at search path location "{RawFileName}".
             This reference is not "CopyLocal" because at least one source item had "Private" set to "false" and no source items had "Private" set to "true".
             The ImageRuntimeVersion for this reference is "".
         Primary reference "System.Transactions.Local, Version=8.0.0.0, Culture=neutral, PublicKeyToken=cc7b13ffcd2ddd51".
             Resolved file path is "/usr/lib/dotnet/packs/Microsoft.NETCore.App.Ref/8.0.16/ref/net8.0/System.Transactions.Local.dll".
             Reference found at search path location "{RawFileName}".
             This reference is not "CopyLocal" because at least one source item had "Private" set to "false" and no source items had "Private" set to "true".
             The ImageRuntimeVersion for this reference is "".
         Primary reference "System.Transactions, Version=4.0.0.0, Culture=neutral, PublicKeyToken=b77a5c561934e089".
             Resolved file path is "/usr/lib/dotnet/packs/Microsoft.NETCore.App.Ref/8.0.16/ref/net8.0/System.Transactions.dll".
             Reference found at search path location "{RawFileName}".
             This reference is not "CopyLocal" because at least one source item had "Private" set to "false" and no source items had "Private" set to "true".
             The ImageRuntimeVersion for this reference is "".
         Primary reference "System.ValueTuple, Version=8.0.0.0, Culture=neutral, PublicKeyToken=cc7b13ffcd2ddd51".
             Resolved file path is "/usr/lib/dotnet/packs/Microsoft.NETCore.App.Ref/8.0.16/ref/net8.0/System.ValueTuple.dll".
             Reference found at search path location "{RawFileName}".
             This reference is not "CopyLocal" because at least one source item had "Private" set to "false" and no source items had "Private" set to "true".
             The ImageRuntimeVersion for this reference is "".
         Primary reference "System.Web.HttpUtility, Version=8.0.0.0, Culture=neutral, PublicKeyToken=cc7b13ffcd2ddd51".
             Resolved file path is "/usr/lib/dotnet/packs/Microsoft.NETCore.App.Ref/8.0.16/ref/net8.0/System.Web.HttpUtility.dll".
             Reference found at search path location "{RawFileName}".
             This reference is not "CopyLocal" because at least one source item had "Private" set to "false" and no source items had "Private" set to "true".
             The ImageRuntimeVersion for this reference is "".
         Primary reference "System.Web, Version=4.0.0.0, Culture=neutral, PublicKeyToken=b03f5f7f11d50a3a".
             Resolved file path is "/usr/lib/dotnet/packs/Microsoft.NETCore.App.Ref/8.0.16/ref/net8.0/System.Web.dll".
             Reference found at search path location "{RawFileName}".
             This reference is not "CopyLocal" because at least one source item had "Private" set to "false" and no source items had "Private" set to "true".
             The ImageRuntimeVersion for this reference is "".
         Primary reference "System.Windows, Version=4.0.0.0, Culture=neutral, PublicKeyToken=b03f5f7f11d50a3a".
             Resolved file path is "/usr/lib/dotnet/packs/Microsoft.NETCore.App.Ref/8.0.16/ref/net8.0/System.Windows.dll".
             Reference found at search path location "{RawFileName}".
             This reference is not "CopyLocal" because at least one source item had "Private" set to "false" and no source items had "Private" set to "true".
             The ImageRuntimeVersion for this reference is "".
         Primary reference "System.Xml.Linq, Version=4.0.0.0, Culture=neutral, PublicKeyToken=b77a5c561934e089".
             Resolved file path is "/usr/lib/dotnet/packs/Microsoft.NETCore.App.Ref/8.0.16/ref/net8.0/System.Xml.Linq.dll".
             Reference found at search path location "{RawFileName}".
             This reference is not "CopyLocal" because at least one source item had "Private" set to "false" and no source items had "Private" set to "true".
             The ImageRuntimeVersion for this reference is "".
         Primary reference "System.Xml.ReaderWriter, Version=8.0.0.0, Culture=neutral, PublicKeyToken=b03f5f7f11d50a3a".
             Resolved file path is "/usr/lib/dotnet/packs/Microsoft.NETCore.App.Ref/8.0.16/ref/net8.0/System.Xml.ReaderWriter.dll".
             Reference found at search path location "{RawFileName}".
             This reference is not "CopyLocal" because at least one source item had "Private" set to "false" and no source items had "Private" set to "true".
             The ImageRuntimeVersion for this reference is "".
         Primary reference "System.Xml.Serialization, Version=4.0.0.0, Culture=neutral, PublicKeyToken=b77a5c561934e089".
             Resolved file path is "/usr/lib/dotnet/packs/Microsoft.NETCore.App.Ref/8.0.16/ref/net8.0/System.Xml.Serialization.dll".
             Reference found at search path location "{RawFileName}".
             This reference is not "CopyLocal" because at least one source item had "Private" set to "false" and no source items had "Private" set to "true".
             The ImageRuntimeVersion for this reference is "".
         Primary reference "System.Xml.XDocument, Version=8.0.0.0, Culture=neutral, PublicKeyToken=b03f5f7f11d50a3a".
             Resolved file path is "/usr/lib/dotnet/packs/Microsoft.NETCore.App.Ref/8.0.16/ref/net8.0/System.Xml.XDocument.dll".
             Reference found at search path location "{RawFileName}".
             This reference is not "CopyLocal" because at least one source item had "Private" set to "false" and no source items had "Private" set to "true".
             The ImageRuntimeVersion for this reference is "".
         Primary reference "System.Xml.XPath.XDocument, Version=8.0.0.0, Culture=neutral, PublicKeyToken=b03f5f7f11d50a3a".
             Resolved file path is "/usr/lib/dotnet/packs/Microsoft.NETCore.App.Ref/8.0.16/ref/net8.0/System.Xml.XPath.XDocument.dll".
             Reference found at search path location "{RawFileName}".
             This reference is not "CopyLocal" because at least one source item had "Private" set to "false" and no source items had "Private" set to "true".
             The ImageRuntimeVersion for this reference is "".
         Primary reference "System.Xml.XPath, Version=8.0.0.0, Culture=neutral, PublicKeyToken=b03f5f7f11d50a3a".
             Resolved file path is "/usr/lib/dotnet/packs/Microsoft.NETCore.App.Ref/8.0.16/ref/net8.0/System.Xml.XPath.dll".
             Reference found at search path location "{RawFileName}".
             This reference is not "CopyLocal" because at least one source item had "Private" set to "false" and no source items had "Private" set to "true".
             The ImageRuntimeVersion for this reference is "".
         Primary reference "System.Xml.XmlDocument, Version=8.0.0.0, Culture=neutral, PublicKeyToken=b03f5f7f11d50a3a".
             Resolved file path is "/usr/lib/dotnet/packs/Microsoft.NETCore.App.Ref/8.0.16/ref/net8.0/System.Xml.XmlDocument.dll".
             Reference found at search path location "{RawFileName}".
             This reference is not "CopyLocal" because at least one source item had "Private" set to "false" and no source items had "Private" set to "true".
             The ImageRuntimeVersion for this reference is "".
         Primary reference "System.Xml.XmlSerializer, Version=8.0.0.0, Culture=neutral, PublicKeyToken=b03f5f7f11d50a3a".
             Resolved file path is "/usr/lib/dotnet/packs/Microsoft.NETCore.App.Ref/8.0.16/ref/net8.0/System.Xml.XmlSerializer.dll".
             Reference found at search path location "{RawFileName}".
             This reference is not "CopyLocal" because at least one source item had "Private" set to "false" and no source items had "Private" set to "true".
             The ImageRuntimeVersion for this reference is "".
         Primary reference "System.Xml, Version=4.0.0.0, Culture=neutral, PublicKeyToken=b77a5c561934e089".
             Resolved file path is "/usr/lib/dotnet/packs/Microsoft.NETCore.App.Ref/8.0.16/ref/net8.0/System.Xml.dll".
             Reference found at search path location "{RawFileName}".
             This reference is not "CopyLocal" because at least one source item had "Private" set to "false" and no source items had "Private" set to "true".
             The ImageRuntimeVersion for this reference is "".
         Primary reference "System, Version=4.0.0.0, Culture=neutral, PublicKeyToken=b77a5c561934e089".
             Resolved file path is "/usr/lib/dotnet/packs/Microsoft.NETCore.App.Ref/8.0.16/ref/net8.0/System.dll".
             Reference found at search path location "{RawFileName}".
             This reference is not "CopyLocal" because at least one source item had "Private" set to "false" and no source items had "Private" set to "true".
             The ImageRuntimeVersion for this reference is "".
         Primary reference "WindowsBase, Version=4.0.0.0, Culture=neutral, PublicKeyToken=31bf3856ad364e35".
             Resolved file path is "/usr/lib/dotnet/packs/Microsoft.NETCore.App.Ref/8.0.16/ref/net8.0/WindowsBase.dll".
             Reference found at search path location "{RawFileName}".
             This reference is not "CopyLocal" because at least one source item had "Private" set to "false" and no source items had "Private" set to "true".
             The ImageRuntimeVersion for this reference is "".
         Primary reference "mscorlib, Version=4.0.0.0, Culture=neutral, PublicKeyToken=b77a5c561934e089".
             Resolved file path is "/usr/lib/dotnet/packs/Microsoft.NETCore.App.Ref/8.0.16/ref/net8.0/mscorlib.dll".
             Reference found at search path location "{RawFileName}".
             This reference is not "CopyLocal" because at least one source item had "Private" set to "false" and no source items had "Private" set to "true".
             The ImageRuntimeVersion for this reference is "".
         Primary reference "netstandard, Version=2.1.0.0, Culture=neutral, PublicKeyToken=cc7b13ffcd2ddd51".
             Resolved file path is "/usr/lib/dotnet/packs/Microsoft.NETCore.App.Ref/8.0.16/ref/net8.0/netstandard.dll".
             Reference found at search path location "{RawFileName}".
             This reference is not "CopyLocal" because at least one source item had "Private" set to "false" and no source items had "Private" set to "true".
             The ImageRuntimeVersion for this reference is "".
       Done executing task "ResolveAssemblyReference".
   1:7>Done building target "ResolveAssemblyReferences" in project "Microsoft.Practices.Prism.StoreApps.csproj".
       Target "GenerateBindingRedirects" skipped, due to false condition; ('$(AutoGenerateBindingRedirects)' == 'true' and '$(GenerateBindingRedirectsOutputType)' == 'true' and '@(SuggestedBindingRedirects)' != '' and '$(DesignTimeBuild)' != 'true' and '$(BuildingProject)' == 'true') was evaluated as ('' == 'true' and '' == 'true' and '' != '' and '' != 'true' and 'true' == 'true').
       Target "GenerateSupportedRuntime" skipped, due to false condition; ('$(GenerateSupportedRuntime)' != 'false' and '$(TargetFrameworkIdentifier)' == '.NETFramework' and '$(HasRuntimeOutput)' == 'true') was evaluated as ('' != 'false' and '.NETCoreApp' == '.NETFramework' and '' == 'true').
       Target "GenerateBindingRedirectsUpdateAppConfig" skipped, due to false condition; ('$(AutoGenerateBindingRedirects)' == 'true' and '$(GenerateBindingRedirectsOutputType)' == 'true') was evaluated as ('' == 'true' and '' == 'true').
       Target "ResolveComReferences" skipped, due to false condition; ('@(COMReference)'!='' or '@(COMFileReference)'!='') was evaluated as (''!='' or ''!='').
   1:7>Target "AfterResolveReferences" in file "/usr/lib/dotnet/sdk/8.0.116/Microsoft.Common.CurrentVersion.targets" from project "/app/Prism.StoreApps/Microsoft.Practices.Prism.StoreApps.csproj" (target "ResolveReferences" depends on it):
   1:7>Done building target "AfterResolveReferences" in project "Microsoft.Practices.Prism.StoreApps.csproj".
   1:7>Target "ResolveReferences" in file "/usr/lib/dotnet/sdk/8.0.116/Microsoft.Common.CurrentVersion.targets" from project "/app/Prism.StoreApps/Microsoft.Practices.Prism.StoreApps.csproj" (target "_BlockWinMDsOnUnsupportedTFMs" depends on it):
   1:7>Done building target "ResolveReferences" in project "Microsoft.Practices.Prism.StoreApps.csproj".
   1:7>Target "_BlockWinMDsOnUnsupportedTFMs" in file "/usr/lib/dotnet/sdk/8.0.116/Sdks/Microsoft.NET.Sdk/targets/Microsoft.NET.Sdk.targets" from project "/app/Prism.StoreApps/Microsoft.Practices.Prism.StoreApps.csproj" (target "CoreBuild" depends on it):
       Using "CheckForUnsupportedWinMDReferences" task from assembly "/usr/lib/dotnet/sdk/8.0.116/Sdks/Microsoft.NET.Sdk/targets/../tools/net8.0/Microsoft.NET.Build.Tasks.dll".
       Task "CheckForUnsupportedWinMDReferences"
       Done executing task "CheckForUnsupportedWinMDReferences".
       Task "NETSdkError" skipped, due to false condition; ('$(OutputType)' == 'winmdobj') was evaluated as ('Library' == 'winmdobj').
   1:7>Done building target "_BlockWinMDsOnUnsupportedTFMs" in project "Microsoft.Practices.Prism.StoreApps.csproj".
       Target "ResolveReferences" skipped. Previously built successfully.
       Target "ResolvePackageDependenciesForBuild" skipped. Previously built successfully.
       Target "_HandlePackageFileConflicts" skipped. Previously built successfully.
   1:7>Target "CopyAdditionalFiles" in file "/usr/lib/dotnet/sdk/8.0.116/Roslyn/Microsoft.Managed.Core.targets" from project "/app/Prism.StoreApps/Microsoft.Practices.Prism.StoreApps.csproj" (target "AssignTargetPaths" depends on it):
   1:7>Done building target "CopyAdditionalFiles" in project "Microsoft.Practices.Prism.StoreApps.csproj".
       Target "_ChooseAppHost" skipped, due to false condition; ('$(UseAppHost)' == 'true' and '$(_IsExecutable)' == 'true') was evaluated as ('' == 'true' and '' == 'true').
       Target "_GetComHostPaths" skipped, due to false condition; ('$(EnableComHosting)' == 'true' and '$(_IsExecutable)' != 'true') was evaluated as ('' == 'true' and '' != 'true').
       Target "_GetIjwHostPaths" skipped, due to false condition; ('$(UseIJWHost)' == 'true') was evaluated as ('' == 'true').
   1:7>Target "_ComputeNETCoreBuildOutputFiles" in file "/usr/lib/dotnet/sdk/8.0.116/Sdks/Microsoft.NET.Sdk/targets/Microsoft.NET.Sdk.targets" from project "/app/Prism.StoreApps/Microsoft.Practices.Prism.StoreApps.csproj" (target "AssignTargetPaths" depends on it):
   1:7>Done building target "_ComputeNETCoreBuildOutputFiles" in project "Microsoft.Practices.Prism.StoreApps.csproj".
   1:7>Target "AssignTargetPaths" in file "/usr/lib/dotnet/sdk/8.0.116/Microsoft.Common.CurrentVersion.targets" from project "/app/Prism.StoreApps/Microsoft.Practices.Prism.StoreApps.csproj" (target "PrepareResourceNames" depends on it):
       Task "AssignTargetPath"
       Done executing task "AssignTargetPath".
       Task "AssignTargetPath"
       Done executing task "AssignTargetPath".
       Task "AssignTargetPath"
       Done executing task "AssignTargetPath".
       Task "AssignTargetPath"
       Done executing task "AssignTargetPath".
       Task "AssignTargetPath" skipped, due to false condition; ('@(_DeploymentBaseManifestWithTargetPath)'=='' and '%(None.Extension)'=='.manifest') was evaluated as (''=='' and '.log'=='.manifest').
       Task "AssignTargetPath" skipped, due to false condition; ('@(_DeploymentBaseManifestWithTargetPath)'=='' and '%(None.Extension)'=='.manifest') was evaluated as (''=='' and '.bak'=='.manifest').
       Task "AssignTargetPath" skipped, due to false condition; ('@(_DeploymentBaseManifestWithTargetPath)'=='' and '%(None.Extension)'=='.manifest') was evaluated as (''=='' and '.resw'=='.manifest').
   1:7>Done building target "AssignTargetPaths" in project "Microsoft.Practices.Prism.StoreApps.csproj".
       Target "AssignTargetPaths" skipped. Previously built successfully.
   1:7>Target "SplitResourcesByCulture" in file "/usr/lib/dotnet/sdk/8.0.116/Microsoft.Common.CurrentVersion.targets" from project "/app/Prism.StoreApps/Microsoft.Practices.Prism.StoreApps.csproj" (target "PrepareResourceNames" depends on it):
       Task "Warning" skipped, due to false condition; ('@(ResxWithNoCulture)'!='') was evaluated as (''!='').
       Task "Warning" skipped, due to false condition; ('@(ResxWithCulture)'!='') was evaluated as (''!='').
       Task "Warning" skipped, due to false condition; ('@(NonResxWithCulture)'!='') was evaluated as (''!='').
       Task "Warning" skipped, due to false condition; ('@(NonResxWithNoCulture)'!='') was evaluated as (''!='').
       Task "AssignCulture"
       Done executing task "AssignCulture".
   1:7>Done building target "SplitResourcesByCulture" in project "Microsoft.Practices.Prism.StoreApps.csproj".
       Target "CreateManifestResourceNames" skipped, due to false condition; ('@(EmbeddedResource)' != '') was evaluated as ('' != '').
   1:7>Target "CreateCustomManifestResourceNames" in file "/usr/lib/dotnet/sdk/8.0.116/Microsoft.Common.CurrentVersion.targets" from project "/app/Prism.StoreApps/Microsoft.Practices.Prism.StoreApps.csproj" (target "PrepareResourceNames" depends on it):
   1:7>Done building target "CreateCustomManifestResourceNames" in project "Microsoft.Practices.Prism.StoreApps.csproj".
   1:7>Target "PrepareResourceNames" in file "/usr/lib/dotnet/sdk/8.0.116/Microsoft.Common.CurrentVersion.targets" from project "/app/Prism.StoreApps/Microsoft.Practices.Prism.StoreApps.csproj" (target "PrepareResources" depends on it):
   1:7>Done building target "PrepareResourceNames" in project "Microsoft.Practices.Prism.StoreApps.csproj".
       Target "ResolveAssemblyReferences" skipped. Previously built successfully.
       Target "SplitResourcesByCulture" skipped. Previously built successfully.
   1:7>Target "BeforeResGen" in file "/usr/lib/dotnet/sdk/8.0.116/Microsoft.Common.CurrentVersion.targets" from project "/app/Prism.StoreApps/Microsoft.Practices.Prism.StoreApps.csproj" (target "ResGen" depends on it):
   1:7>Done building target "BeforeResGen" in project "Microsoft.Practices.Prism.StoreApps.csproj".
       Target "ResolveReferences" skipped. Previously built successfully.
   1:7>Target "FindReferenceAssembliesForReferences" in file "/usr/lib/dotnet/sdk/8.0.116/Microsoft.Common.CurrentVersion.targets" from project "/app/Prism.StoreApps/Microsoft.Practices.Prism.StoreApps.csproj" (target "CoreResGen" depends on it):
   1:7>Done building target "FindReferenceAssembliesForReferences" in project "Microsoft.Practices.Prism.StoreApps.csproj".
   1:7>Target "CoreResGen" in file "/usr/lib/dotnet/sdk/8.0.116/Microsoft.Common.CurrentVersion.targets" from project "/app/Prism.StoreApps/Microsoft.Practices.Prism.StoreApps.csproj" (target "ResGen" depends on it):
       Task "GenerateResource" skipped, due to false condition; ('%(EmbeddedResource.Type)' == 'Resx' and '%(EmbeddedResource.GenerateResource)' != 'false' and '$(GenerateResourceMSBuildRuntime)' != 'CLR2') was evaluated as ('' == 'Resx' and '' != 'false' and 'CurrentRuntime' != 'CLR2').
       Task "GenerateResource" skipped, due to false condition; ('%(EmbeddedResource.Type)' == 'Resx' and '%(EmbeddedResource.GenerateResource)' != 'false' and '$(GenerateResourceMSBuildRuntime)' == 'CLR2') was evaluated as ('' == 'Resx' and '' != 'false' and 'CurrentRuntime' == 'CLR2').
   1:7>Done building target "CoreResGen" in project "Microsoft.Practices.Prism.StoreApps.csproj".
   1:7>Target "AfterResGen" in file "/usr/lib/dotnet/sdk/8.0.116/Microsoft.Common.CurrentVersion.targets" from project "/app/Prism.StoreApps/Microsoft.Practices.Prism.StoreApps.csproj" (target "ResGen" depends on it):
   1:7>Done building target "AfterResGen" in project "Microsoft.Practices.Prism.StoreApps.csproj".
   1:7>Target "ResGen" in file "/usr/lib/dotnet/sdk/8.0.116/Microsoft.Common.CurrentVersion.targets" from project "/app/Prism.StoreApps/Microsoft.Practices.Prism.StoreApps.csproj" (target "PrepareResources" depends on it):
   1:7>Done building target "ResGen" in project "Microsoft.Practices.Prism.StoreApps.csproj".
       Target "CompileLicxFiles" skipped, due to false condition; ('@(_LicxFile)'!='') was evaluated as (''!='').
   1:7>Target "PrepareResources" in file "/usr/lib/dotnet/sdk/8.0.116/Microsoft.Common.CurrentVersion.targets" from project "/app/Prism.StoreApps/Microsoft.Practices.Prism.StoreApps.csproj" (target "CoreBuild" depends on it):
   1:7>Done building target "PrepareResources" in project "Microsoft.Practices.Prism.StoreApps.csproj".
       Target "ResolveKeySource" skipped, due to false condition; ($(SignManifests) == 'true' or $(SignAssembly) == 'true') was evaluated as ( == 'true' or false == 'true').
       Target "ResolveReferences" skipped. Previously built successfully.
       Target "ResolveKeySource" skipped, due to false condition; ($(SignManifests) == 'true' or $(SignAssembly) == 'true') was evaluated as ( == 'true' or false == 'true').
       Target "ResolveComReferences" skipped, due to false condition; ('@(COMReference)'!='' or '@(COMFileReference)'!='') was evaluated as (''!='' or ''!='').
       Target "ResolveNativeReferences" skipped, due to false condition; ('@(NativeReference)'!='') was evaluated as (''!='').
       Target "_SetExternalWin32ManifestProperties" skipped, due to false condition; ('$(GenerateClickOnceManifests)'=='true' or '@(NativeReference)'!='' or '@(ResolvedIsolatedComModules)'!='') was evaluated as (''=='true' or ''!='' or ''!='').
   1:7>Target "_SetEmbeddedWin32ManifestProperties" in file "/usr/lib/dotnet/sdk/8.0.116/Microsoft.Common.CurrentVersion.targets" from project "/app/Prism.StoreApps/Microsoft.Practices.Prism.StoreApps.csproj" (target "SetWin32ManifestProperties" depends on it):
       Task "GetFrameworkPath"
       Done executing task "GetFrameworkPath".
   1:7>Done building target "_SetEmbeddedWin32ManifestProperties" in project "Microsoft.Practices.Prism.StoreApps.csproj".
   1:7>Target "SetWin32ManifestProperties" in file "/usr/lib/dotnet/sdk/8.0.116/Microsoft.Common.CurrentVersion.targets" from project "/app/Prism.StoreApps/Microsoft.Practices.Prism.StoreApps.csproj" (target "Compile" depends on it):
   1:7>Done building target "SetWin32ManifestProperties" in project "Microsoft.Practices.Prism.StoreApps.csproj".
       Target "FindReferenceAssembliesForReferences" skipped. Previously built successfully.
   1:7>Target "_GenerateCompileInputs" in file "/usr/lib/dotnet/sdk/8.0.116/Microsoft.Common.CurrentVersion.targets" from project "/app/Prism.StoreApps/Microsoft.Practices.Prism.StoreApps.csproj" (target "Compile" depends on it):
       Task "Warning" skipped, due to false condition; ('@(ManifestResourceWithNoCulture)'!='' and '%(ManifestResourceWithNoCulture.EmittedForCompatibilityOnly)'=='') was evaluated as (''!='' and ''=='').
       Task "Warning" skipped, due to false condition; ('@(ManifestNonResxWithNoCultureOnDisk)'!='' and '%(ManifestNonResxWithNoCultureOnDisk.EmittedForCompatibilityOnly)'=='') was evaluated as (''!='' and ''=='').
   1:7>Done building target "_GenerateCompileInputs" in project "Microsoft.Practices.Prism.StoreApps.csproj".
       Target "PrepareForBuild" skipped. Previously built successfully.
   1:7>Target "GenerateMSBuildEditorConfigFileShouldRun" in file "/usr/lib/dotnet/sdk/8.0.116/Roslyn/Microsoft.Managed.Core.targets" from project "/app/Prism.StoreApps/Microsoft.Practices.Prism.StoreApps.csproj" (target "GenerateMSBuildEditorConfigFile" depends on it):
   1:7>Done building target "GenerateMSBuildEditorConfigFileShouldRun" in project "Microsoft.Practices.Prism.StoreApps.csproj".
   1:7>Target "GenerateMSBuildEditorConfigFileCore" in file "/usr/lib/dotnet/sdk/8.0.116/Roslyn/Microsoft.Managed.Core.targets" from project "/app/Prism.StoreApps/Microsoft.Practices.Prism.StoreApps.csproj" (target "GenerateMSBuildEditorConfigFile" depends on it):
       Building target "GenerateMSBuildEditorConfigFileCore" completely.
       No input files were specified.
       Using "GenerateMSBuildEditorConfig" task from assembly "/usr/lib/dotnet/sdk/8.0.116/Roslyn/Microsoft.Build.Tasks.CodeAnalysis.dll".
       Task "GenerateMSBuildEditorConfig"
       Done executing task "GenerateMSBuildEditorConfig".
   1:7>Done building target "GenerateMSBuildEditorConfigFileCore" in project "Microsoft.Practices.Prism.StoreApps.csproj".
   1:7>Target "GenerateMSBuildEditorConfigFile" in file "/usr/lib/dotnet/sdk/8.0.116/Roslyn/Microsoft.Managed.Core.targets" from project "/app/Prism.StoreApps/Microsoft.Practices.Prism.StoreApps.csproj" (target "BeforeCompile" depends on it):
   1:7>Done building target "GenerateMSBuildEditorConfigFile" in project "Microsoft.Practices.Prism.StoreApps.csproj".
       Target "PrepareForBuild" skipped. Previously built successfully.
       Target "GetReferenceAssemblyPaths" skipped. Previously built successfully.
   1:7>Target "_SetTargetFrameworkMonikerAttribute" in file "/usr/lib/dotnet/sdk/8.0.116/Microsoft.CSharp.CurrentVersion.targets" from project "/app/Prism.StoreApps/Microsoft.Practices.Prism.StoreApps.csproj" (target "GenerateTargetFrameworkMonikerAttribute" depends on it):
   1:7>Done building target "_SetTargetFrameworkMonikerAttribute" in project "Microsoft.Practices.Prism.StoreApps.csproj".
   1:7>Target "GenerateTargetFrameworkMonikerAttribute" in file "/usr/lib/dotnet/sdk/8.0.116/Microsoft.Common.CurrentVersion.targets" from project "/app/Prism.StoreApps/Microsoft.Practices.Prism.StoreApps.csproj" (target "BeforeCompile" depends on it):
       Building target "GenerateTargetFrameworkMonikerAttribute" completely.
       Output file "obj/Debug/net8.0/.NETCoreApp,Version=v8.0.AssemblyAttributes.cs" does not exist.
       Task "WriteLinesToFile"
       Done executing task "WriteLinesToFile".
   1:7>Done building target "GenerateTargetFrameworkMonikerAttribute" in project "Microsoft.Practices.Prism.StoreApps.csproj".
       Target "GenerateAdditionalSources" skipped, due to false condition; ('@(AssemblyAttributes)' != '' and '$(GenerateAdditionalSources)' == 'true') was evaluated as ('' != '' and '' == 'true').
       Target "GenerateAssemblyInfo" skipped, due to false condition; ('$(GenerateAssemblyInfo)' == 'true') was evaluated as ('false' == 'true').
       Target "GenerateGlobalUsings" skipped, due to false condition; (@(Using->Count()) != 0) was evaluated as (0 != 0).
   1:7>Target "BeforeCompile" in file "/usr/lib/dotnet/sdk/8.0.116/Microsoft.Common.CurrentVersion.targets" from project "/app/Prism.StoreApps/Microsoft.Practices.Prism.StoreApps.csproj" (target "Compile" depends on it):
   1:7>Done building target "BeforeCompile" in project "Microsoft.Practices.Prism.StoreApps.csproj".
       Target "_TimeStampBeforeCompile" skipped, due to false condition; ('$(RunPostBuildEvent)'=='OnOutputUpdated' or ('$(RegisterForComInterop)'=='true' and '$(OutputType)'=='library')) was evaluated as (''=='OnOutputUpdated' or (''=='true' and 'Library'=='library')).
       Target "ResolveAssemblyReferences" skipped. Previously built successfully.
   1:7>Target "_GenerateCompileDependencyCache" in file "/usr/lib/dotnet/sdk/8.0.116/Microsoft.Common.CurrentVersion.targets" from project "/app/Prism.StoreApps/Microsoft.Practices.Prism.StoreApps.csproj" (target "Compile" depends on it):
       Task "Hash"
       Done executing task "Hash".
       Task "WriteLinesToFile"
       Done executing task "WriteLinesToFile".
   1:7>Done building target "_GenerateCompileDependencyCache" in project "Microsoft.Practices.Prism.StoreApps.csproj".
       Target "_ComputeNonExistentFileProperty" skipped, due to false condition; (('$(BuildingInsideVisualStudio)' == 'true') and ('$(BuildingOutOfProcess)' != 'true') and (('$(BuildingProject)' == 'false') or ('$(UseHostCompilerIfAvailable)' == 'true'))) was evaluated as (('' == 'true') and ('' != 'true') and (('true' == 'false') or ('true' == 'true'))).
       Target "ResolveCodeAnalysisRuleSet" skipped, due to false condition; ('$(CodeAnalysisRuleSet)' != '') was evaluated as ('' != '').
       Target "ShimReferencePathsWhenCommonTargetsDoesNotUnderstandReferenceAssemblies" skipped, due to false condition; ('@(ReferencePathWithRefAssemblies)' == '') was evaluated as ('/usr/lib/dotnet/packs/Microsoft.NETCore.App.Ref/8.0.16/ref/net8.0/Microsoft.CSharp.dll;/app/Prism.PubSubEvents/obj/Debug/net8.0/ref/Microsoft.Practices.Prism.PubSubEvents.dll;/usr/lib/dotnet/packs/Microsoft.NETCore.App.Ref/8.0.16/ref/net8.0/Microsoft.VisualBasic.Core.dll;...' == '').
   1:7>Target "_BeforeVBCSCoreCompile" in file "/usr/lib/dotnet/sdk/8.0.116/Roslyn/Microsoft.Managed.Core.targets" from project "/app/Prism.StoreApps/Microsoft.Practices.Prism.StoreApps.csproj" (target "CoreCompile" depends on it):
   1:7>Done building target "_BeforeVBCSCoreCompile" in project "Microsoft.Practices.Prism.StoreApps.csproj".
       Target "AdjustDefaultPlatformTargetForNetFrameworkExeWithNoNativeCopyLocalItems" skipped, due to false condition; ('$(_UsingDefaultPlatformTarget)' == 'true' and
                            '$(_UsingDefaultRuntimeIdentifier)' == 'true') was evaluated as ('true' == 'true' and
                            '' == 'true').
       Target "_DisableDiagnosticTracing" skipped, due to false condition; ('$(DisableDiagnosticTracing)' == 'true') was evaluated as ('' == 'true').
       Target "GenerateTargetPlatformDefineConstants" skipped, due to false condition; ( '$(DisableImplicitFrameworkDefines)' != 'true' and '$(TargetPlatformIdentifier)' != '' and '$(TargetFrameworkIdentifier)' == '.NETCoreApp' and $([MSBuild]::VersionGreaterThanOrEquals($(TargetFrameworkVersion), 5.0)) ) was evaluated as ( '' != 'true' and '' != '' and '.NETCoreApp' == '.NETCoreApp' and True ).
   1:7>Target "GenerateNETCompatibleDefineConstants" in file "/usr/lib/dotnet/sdk/8.0.116/Sdks/Microsoft.NET.Sdk/targets/Microsoft.NET.Sdk.BeforeCommon.targets" from project "/app/Prism.StoreApps/Microsoft.Practices.Prism.StoreApps.csproj" (target "AddImplicitDefineConstants" depends on it):
   1:7>Done building target "GenerateNETCompatibleDefineConstants" in project "Microsoft.Practices.Prism.StoreApps.csproj".
       Target "GeneratePlatformCompatibleDefineConstants" skipped, due to false condition; ( '$(DisableImplicitFrameworkDefines)' != 'true' and '$(TargetPlatformIdentifier)' != '' and '$(TargetFrameworkIdentifier)' == '.NETCoreApp' and $([MSBuild]::VersionGreaterThanOrEquals($(TargetFrameworkVersion), 5.0)) ) was evaluated as ( '' != 'true' and '' != '' and '.NETCoreApp' == '.NETCoreApp' and True ).
       Target "_DisableDiagnosticTracing" skipped, due to false condition; ('$(DisableDiagnosticTracing)' == 'true') was evaluated as ('' == 'true').
   1:7>Target "AddImplicitDefineConstants" in file "/usr/lib/dotnet/sdk/8.0.116/Sdks/Microsoft.NET.Sdk/targets/Microsoft.NET.Sdk.BeforeCommon.targets" from project "/app/Prism.StoreApps/Microsoft.Practices.Prism.StoreApps.csproj" (target "CoreCompile" depends on it):
   1:7>Done building target "AddImplicitDefineConstants" in project "Microsoft.Practices.Prism.StoreApps.csproj".
       Target "ShimReferencePathsWhenCommonTargetsDoesNotUnderstandReferenceAssemblies" skipped, due to false condition; ('@(ReferencePathWithRefAssemblies)' == '') was evaluated as ('/usr/lib/dotnet/packs/Microsoft.NETCore.App.Ref/8.0.16/ref/net8.0/Microsoft.CSharp.dll;/app/Prism.PubSubEvents/obj/Debug/net8.0/ref/Microsoft.Practices.Prism.PubSubEvents.dll;/usr/lib/dotnet/packs/Microsoft.NETCore.App.Ref/8.0.16/ref/net8.0/Microsoft.VisualBasic.Core.dll;...' == '').
   1:7>Target "_ComputeSkipAnalyzers" in file "/usr/lib/dotnet/sdk/8.0.116/Roslyn/Microsoft.Managed.Core.targets" from project "/app/Prism.StoreApps/Microsoft.Practices.Prism.StoreApps.csproj" (target "CoreCompile" depends on it):
       Task "ShowMessageForImplicitlySkipAnalyzers" skipped, due to false condition; ('$(_ImplicitlySkipAnalyzers)' == 'true') was evaluated as ('' == 'true').
   1:7>Done building target "_ComputeSkipAnalyzers" in project "Microsoft.Practices.Prism.StoreApps.csproj".
       Target "_SetPathMapFromSourceRoots" skipped, due to false condition; ('$(DeterministicSourcePaths)' == 'true') was evaluated as ('' == 'true').
       Target "CreateCompilerGeneratedFilesOutputPath" skipped, due to false condition; ('$(EmitCompilerGeneratedFiles)' == 'true' and !('$(DesignTimeBuild)' == 'true' OR '$(BuildingProject)' != 'true')) was evaluated as ('false' == 'true' and !('' == 'true' OR 'true' != 'true')).
       Target "BeforeCompile" skipped. Previously built successfully.
   1:7>Target "InitializeSourceControlInformationFromSourceControlManager" in file "/usr/lib/dotnet/sdk/8.0.116/Sdks/Microsoft.Build.Tasks.Git/build/Microsoft.Build.Tasks.Git.targets" from project "/app/Prism.StoreApps/Microsoft.Practices.Prism.StoreApps.csproj" (target "SetEmbeddedFilesFromSourceControlManagerUntrackedFiles" depends on it):
       Using "Microsoft.Build.Tasks.Git.LocateRepository" task from assembly "/usr/lib/dotnet/sdk/8.0.116/Sdks/Microsoft.Build.Tasks.Git/build/../tools/core/Microsoft.Build.Tasks.Git.dll".
       Task "Microsoft.Build.Tasks.Git.LocateRepository"
         SourceLink: Reusing cached git repository information.
       Done executing task "Microsoft.Build.Tasks.Git.LocateRepository".
   1:7>Done building target "InitializeSourceControlInformationFromSourceControlManager" in project "Microsoft.Practices.Prism.StoreApps.csproj".
   1:7>Target "SetEmbeddedFilesFromSourceControlManagerUntrackedFiles" in file "/usr/lib/dotnet/sdk/8.0.116/Sdks/Microsoft.Build.Tasks.Git/build/Microsoft.Build.Tasks.Git.targets" from project "/app/Prism.StoreApps/Microsoft.Practices.Prism.StoreApps.csproj" (target "_SetEmbeddedFilesFromSourceControlManagerUntrackedFiles" depends on it):
       Using "Microsoft.Build.Tasks.Git.GetUntrackedFiles" task from assembly "/usr/lib/dotnet/sdk/8.0.116/Sdks/Microsoft.Build.Tasks.Git/build/../tools/core/Microsoft.Build.Tasks.Git.dll".
       Task "Microsoft.Build.Tasks.Git.GetUntrackedFiles"
         SourceLink: Reusing cached git repository information.
       Done executing task "Microsoft.Build.Tasks.Git.GetUntrackedFiles".
   1:7>Done building target "SetEmbeddedFilesFromSourceControlManagerUntrackedFiles" in project "Microsoft.Practices.Prism.StoreApps.csproj".
   1:7>Target "_SetEmbeddedFilesFromSourceControlManagerUntrackedFiles" in file "/usr/lib/dotnet/sdk/8.0.116/Sdks/Microsoft.SourceLink.Common/build/Microsoft.SourceLink.Common.targets" from project "/app/Prism.StoreApps/Microsoft.Practices.Prism.StoreApps.csproj" (target "CoreCompile" depends on it):
   1:7>Done building target "_SetEmbeddedFilesFromSourceControlManagerUntrackedFiles" in project "Microsoft.Practices.Prism.StoreApps.csproj".
       Target "InitializeSourceControlInformationFromSourceControlManager" skipped. Previously built successfully.
   1:7>Target "_SourceLinkHasSingleProvider" in file "/usr/lib/dotnet/sdk/8.0.116/Sdks/Microsoft.SourceLink.Common/build/InitializeSourceControlInformation.targets" from project "/app/Prism.StoreApps/Microsoft.Practices.Prism.StoreApps.csproj" (target "_InitializeSourceControlInformationFromSourceControlManager" depends on it):
       Using "Microsoft.SourceLink.Common.SourceLinkHasSingleProvider" task from assembly "/usr/lib/dotnet/sdk/8.0.116/Sdks/Microsoft.SourceLink.Common/build/../tools/core/Microsoft.SourceLink.Common.dll".
       Task "Microsoft.SourceLink.Common.SourceLinkHasSingleProvider"
       Done executing task "Microsoft.SourceLink.Common.SourceLinkHasSingleProvider".
   1:7>Done building target "_SourceLinkHasSingleProvider" in project "Microsoft.Practices.Prism.StoreApps.csproj".
   1:7>Target "TranslateGitHubUrlsInSourceControlInformation" in file "/usr/lib/dotnet/sdk/8.0.116/Sdks/Microsoft.SourceLink.GitHub/build/Microsoft.SourceLink.GitHub.targets" from project "/app/Prism.StoreApps/Microsoft.Practices.Prism.StoreApps.csproj" (target "_InitializeSourceControlInformationFromSourceControlManager" depends on it):
       Using "Microsoft.SourceLink.GitHub.TranslateRepositoryUrls" task from assembly "/usr/lib/dotnet/sdk/8.0.116/Sdks/Microsoft.SourceLink.GitHub/build/../tools/core/Microsoft.SourceLink.GitHub.dll".
       Task "Microsoft.SourceLink.GitHub.TranslateRepositoryUrls"
       Done executing task "Microsoft.SourceLink.GitHub.TranslateRepositoryUrls".
   1:7>Done building target "TranslateGitHubUrlsInSourceControlInformation" in project "Microsoft.Practices.Prism.StoreApps.csproj".
   1:7>Target "TranslateGitLabUrlsInSourceControlInformation" in file "/usr/lib/dotnet/sdk/8.0.116/Sdks/Microsoft.SourceLink.GitLab/build/Microsoft.SourceLink.GitLab.targets" from project "/app/Prism.StoreApps/Microsoft.Practices.Prism.StoreApps.csproj" (target "_InitializeSourceControlInformationFromSourceControlManager" depends on it):
       Using "Microsoft.SourceLink.GitLab.TranslateRepositoryUrls" task from assembly "/usr/lib/dotnet/sdk/8.0.116/Sdks/Microsoft.SourceLink.GitLab/build/../tools/core/Microsoft.SourceLink.GitLab.dll".
       Task "Microsoft.SourceLink.GitLab.TranslateRepositoryUrls"
       Done executing task "Microsoft.SourceLink.GitLab.TranslateRepositoryUrls".
   1:7>Done building target "TranslateGitLabUrlsInSourceControlInformation" in project "Microsoft.Practices.Prism.StoreApps.csproj".
   1:7>Target "TranslateAzureReposGitUrlsInSourceControlInformation" in file "/usr/lib/dotnet/sdk/8.0.116/Sdks/Microsoft.SourceLink.AzureRepos.Git/build/Microsoft.SourceLink.AzureRepos.Git.targets" from project "/app/Prism.StoreApps/Microsoft.Practices.Prism.StoreApps.csproj" (target "_InitializeSourceControlInformationFromSourceControlManager" depends on it):
       Using "Microsoft.SourceLink.AzureRepos.Git.TranslateRepositoryUrls" task from assembly "/usr/lib/dotnet/sdk/8.0.116/Sdks/Microsoft.SourceLink.AzureRepos.Git/build/../tools/core/Microsoft.SourceLink.AzureRepos.Git.dll".
       Task "Microsoft.SourceLink.AzureRepos.Git.TranslateRepositoryUrls"
       Done executing task "Microsoft.SourceLink.AzureRepos.Git.TranslateRepositoryUrls".
   1:7>Done building target "TranslateAzureReposGitUrlsInSourceControlInformation" in project "Microsoft.Practices.Prism.StoreApps.csproj".
   1:7>Target "TranslateBitbucketGitUrlsInSourceControlInformation" in file "/usr/lib/dotnet/sdk/8.0.116/Sdks/Microsoft.SourceLink.Bitbucket.Git/build/Microsoft.SourceLink.Bitbucket.Git.targets" from project "/app/Prism.StoreApps/Microsoft.Practices.Prism.StoreApps.csproj" (target "_InitializeSourceControlInformationFromSourceControlManager" depends on it):
       Using "Microsoft.SourceLink.Bitbucket.Git.TranslateRepositoryUrls" task from assembly "/usr/lib/dotnet/sdk/8.0.116/Sdks/Microsoft.SourceLink.Bitbucket.Git/build/../tools/core/Microsoft.SourceLink.Bitbucket.Git.dll".
       Task "Microsoft.SourceLink.Bitbucket.Git.TranslateRepositoryUrls"
       Done executing task "Microsoft.SourceLink.Bitbucket.Git.TranslateRepositoryUrls".
   1:7>Done building target "TranslateBitbucketGitUrlsInSourceControlInformation" in project "Microsoft.Practices.Prism.StoreApps.csproj".
   1:7>Target "SourceControlManagerPublishTranslatedUrls" in file "/usr/lib/dotnet/sdk/8.0.116/Sdks/Microsoft.SourceLink.Common/build/InitializeSourceControlInformation.targets" from project "/app/Prism.StoreApps/Microsoft.Practices.Prism.StoreApps.csproj" (target "_InitializeSourceControlInformationFromSourceControlManager" depends on it):
   1:7>Done building target "SourceControlManagerPublishTranslatedUrls" in project "Microsoft.Practices.Prism.StoreApps.csproj".
   1:7>Target "_InitializeSourceControlInformationFromSourceControlManager" in file "/usr/lib/dotnet/sdk/8.0.116/Sdks/Microsoft.SourceLink.Common/build/InitializeSourceControlInformation.targets" from project "/app/Prism.StoreApps/Microsoft.Practices.Prism.StoreApps.csproj" (target "InitializeSourceControlInformation" depends on it):
   1:7>Done building target "_InitializeSourceControlInformationFromSourceControlManager" in project "Microsoft.Practices.Prism.StoreApps.csproj".
   1:7>Target "InitializeSourceControlInformation" in file "/usr/lib/dotnet/sdk/8.0.116/Microsoft.Common.CurrentVersion.targets" from project "/app/Prism.StoreApps/Microsoft.Practices.Prism.StoreApps.csproj" (target "GenerateSourceLinkFile" depends on it):
   1:7>Done building target "InitializeSourceControlInformation" in project "Microsoft.Practices.Prism.StoreApps.csproj".
   1:7>Target "_SetSourceLinkFilePath" in file "/usr/lib/dotnet/sdk/8.0.116/Sdks/Microsoft.SourceLink.Common/build/Microsoft.SourceLink.Common.targets" from project "/app/Prism.StoreApps/Microsoft.Practices.Prism.StoreApps.csproj" (target "_GenerateSourceLinkFile" depends on it):
   1:7>Done building target "_SetSourceLinkFilePath" in project "Microsoft.Practices.Prism.StoreApps.csproj".
       Target "InitializeSourceControlInformation" skipped. Previously built successfully.
   1:7>Target "_InitializeSourceRootMappedPathsFromSourceControl" in file "/usr/lib/dotnet/sdk/8.0.116/Roslyn/Microsoft.Managed.Core.targets" from project "/app/Prism.StoreApps/Microsoft.Practices.Prism.StoreApps.csproj" (target "InitializeSourceRootMappedPaths" depends on it):
   1:7>Done building target "_InitializeSourceRootMappedPathsFromSourceControl" in project "Microsoft.Practices.Prism.StoreApps.csproj".
   1:7>Target "InitializeSourceRootMappedPaths" in file "/usr/lib/dotnet/sdk/8.0.116/Roslyn/Microsoft.Managed.Core.targets" from project "/app/Prism.StoreApps/Microsoft.Practices.Prism.StoreApps.csproj" (target "_InitializeSourceRootMappedPathsOpt" depends on it):
       Using "Microsoft.CodeAnalysis.BuildTasks.MapSourceRoots" task from assembly "/usr/lib/dotnet/sdk/8.0.116/Roslyn/Microsoft.Build.Tasks.CodeAnalysis.dll".
       Task "Microsoft.CodeAnalysis.BuildTasks.MapSourceRoots"
       Done executing task "Microsoft.CodeAnalysis.BuildTasks.MapSourceRoots".
   1:7>Done building target "InitializeSourceRootMappedPaths" in project "Microsoft.Practices.Prism.StoreApps.csproj".
   1:7>Target "_InitializeSourceRootMappedPathsOpt" in file "/usr/lib/dotnet/sdk/8.0.116/Sdks/Microsoft.SourceLink.Common/build/Microsoft.SourceLink.Common.targets" from project "/app/Prism.StoreApps/Microsoft.Practices.Prism.StoreApps.csproj" (target "_GenerateSourceLinkFile" depends on it):
   1:7>Done building target "_InitializeSourceRootMappedPathsOpt" in project "Microsoft.Practices.Prism.StoreApps.csproj".
   1:7>Target "_InitializeGitHubSourceLinkUrl" in file "/usr/lib/dotnet/sdk/8.0.116/Sdks/Microsoft.SourceLink.GitHub/build/Microsoft.SourceLink.GitHub.targets" from project "/app/Prism.StoreApps/Microsoft.Practices.Prism.StoreApps.csproj" (target "_GenerateSourceLinkFile" depends on it):
       Building target "_InitializeGitHubSourceLinkUrl" completely.
       No input files were specified.
       Using "Microsoft.SourceLink.GitHub.GetSourceLinkUrl" task from assembly "/usr/lib/dotnet/sdk/8.0.116/Sdks/Microsoft.SourceLink.GitHub/build/../tools/core/Microsoft.SourceLink.GitHub.dll".
       Task "Microsoft.SourceLink.GitHub.GetSourceLinkUrl"
       Done executing task "Microsoft.SourceLink.GitHub.GetSourceLinkUrl".
   1:7>Done building target "_InitializeGitHubSourceLinkUrl" in project "Microsoft.Practices.Prism.StoreApps.csproj".
   1:7>Target "_InitializeGitHubSourceLinkUrl" in file "/usr/lib/dotnet/sdk/8.0.116/Sdks/Microsoft.SourceLink.GitHub/build/Microsoft.SourceLink.GitHub.targets" from project "/app/Prism.StoreApps/Microsoft.Practices.Prism.StoreApps.csproj" (target "_GenerateSourceLinkFile" depends on it):
       Building target "_InitializeGitHubSourceLinkUrl" completely.
       No input files were specified.
       Task "Microsoft.SourceLink.GitHub.GetSourceLinkUrl"
       Done executing task "Microsoft.SourceLink.GitHub.GetSourceLinkUrl".
   1:7>Done building target "_InitializeGitHubSourceLinkUrl" in project "Microsoft.Practices.Prism.StoreApps.csproj".
   1:7>Target "_InitializeGitLabSourceLinkUrl" in file "/usr/lib/dotnet/sdk/8.0.116/Sdks/Microsoft.SourceLink.GitLab/build/Microsoft.SourceLink.GitLab.targets" from project "/app/Prism.StoreApps/Microsoft.Practices.Prism.StoreApps.csproj" (target "_GenerateSourceLinkFile" depends on it):
       Building target "_InitializeGitLabSourceLinkUrl" completely.
       No input files were specified.
       Using "Microsoft.SourceLink.GitLab.GetSourceLinkUrl" task from assembly "/usr/lib/dotnet/sdk/8.0.116/Sdks/Microsoft.SourceLink.GitLab/build/../tools/core/Microsoft.SourceLink.GitLab.dll".
       Task "Microsoft.SourceLink.GitLab.GetSourceLinkUrl"
       Done executing task "Microsoft.SourceLink.GitLab.GetSourceLinkUrl".
   1:7>Done building target "_InitializeGitLabSourceLinkUrl" in project "Microsoft.Practices.Prism.StoreApps.csproj".
   1:7>Target "_InitializeGitLabSourceLinkUrl" in file "/usr/lib/dotnet/sdk/8.0.116/Sdks/Microsoft.SourceLink.GitLab/build/Microsoft.SourceLink.GitLab.targets" from project "/app/Prism.StoreApps/Microsoft.Practices.Prism.StoreApps.csproj" (target "_GenerateSourceLinkFile" depends on it):
       Building target "_InitializeGitLabSourceLinkUrl" completely.
       No input files were specified.
       Task "Microsoft.SourceLink.GitLab.GetSourceLinkUrl"
       Done executing task "Microsoft.SourceLink.GitLab.GetSourceLinkUrl".
   1:7>Done building target "_InitializeGitLabSourceLinkUrl" in project "Microsoft.Practices.Prism.StoreApps.csproj".
   1:7>Target "_InitializeAzureReposGitSourceLinkUrl" in file "/usr/lib/dotnet/sdk/8.0.116/Sdks/Microsoft.SourceLink.AzureRepos.Git/build/Microsoft.SourceLink.AzureRepos.Git.targets" from project "/app/Prism.StoreApps/Microsoft.Practices.Prism.StoreApps.csproj" (target "_GenerateSourceLinkFile" depends on it):
       Building target "_InitializeAzureReposGitSourceLinkUrl" completely.
       No input files were specified.
       Using "Microsoft.SourceLink.AzureRepos.Git.GetSourceLinkUrl" task from assembly "/usr/lib/dotnet/sdk/8.0.116/Sdks/Microsoft.SourceLink.AzureRepos.Git/build/../tools/core/Microsoft.SourceLink.AzureRepos.Git.dll".
       Task "Microsoft.SourceLink.AzureRepos.Git.GetSourceLinkUrl"
       Done executing task "Microsoft.SourceLink.AzureRepos.Git.GetSourceLinkUrl".
   1:7>Done building target "_InitializeAzureReposGitSourceLinkUrl" in project "Microsoft.Practices.Prism.StoreApps.csproj".
   1:7>Target "_InitializeAzureReposGitSourceLinkUrl" in file "/usr/lib/dotnet/sdk/8.0.116/Sdks/Microsoft.SourceLink.AzureRepos.Git/build/Microsoft.SourceLink.AzureRepos.Git.targets" from project "/app/Prism.StoreApps/Microsoft.Practices.Prism.StoreApps.csproj" (target "_GenerateSourceLinkFile" depends on it):
       Building target "_InitializeAzureReposGitSourceLinkUrl" completely.
       No input files were specified.
       Task "Microsoft.SourceLink.AzureRepos.Git.GetSourceLinkUrl"
       Done executing task "Microsoft.SourceLink.AzureRepos.Git.GetSourceLinkUrl".
   1:7>Done building target "_InitializeAzureReposGitSourceLinkUrl" in project "Microsoft.Practices.Prism.StoreApps.csproj".
   1:7>Target "_InitializeBitbucketGitSourceLinkUrl" in file "/usr/lib/dotnet/sdk/8.0.116/Sdks/Microsoft.SourceLink.Bitbucket.Git/build/Microsoft.SourceLink.Bitbucket.Git.targets" from project "/app/Prism.StoreApps/Microsoft.Practices.Prism.StoreApps.csproj" (target "_GenerateSourceLinkFile" depends on it):
       Building target "_InitializeBitbucketGitSourceLinkUrl" completely.
       No input files were specified.
       Using "Microsoft.SourceLink.Bitbucket.Git.GetSourceLinkUrl" task from assembly "/usr/lib/dotnet/sdk/8.0.116/Sdks/Microsoft.SourceLink.Bitbucket.Git/build/../tools/core/Microsoft.SourceLink.Bitbucket.Git.dll".
       Task "Microsoft.SourceLink.Bitbucket.Git.GetSourceLinkUrl"
       Done executing task "Microsoft.SourceLink.Bitbucket.Git.GetSourceLinkUrl".
   1:7>Done building target "_InitializeBitbucketGitSourceLinkUrl" in project "Microsoft.Practices.Prism.StoreApps.csproj".
   1:7>Target "_InitializeBitbucketGitSourceLinkUrl" in file "/usr/lib/dotnet/sdk/8.0.116/Sdks/Microsoft.SourceLink.Bitbucket.Git/build/Microsoft.SourceLink.Bitbucket.Git.targets" from project "/app/Prism.StoreApps/Microsoft.Practices.Prism.StoreApps.csproj" (target "_GenerateSourceLinkFile" depends on it):
       Building target "_InitializeBitbucketGitSourceLinkUrl" completely.
       No input files were specified.
       Task "Microsoft.SourceLink.Bitbucket.Git.GetSourceLinkUrl"
       Done executing task "Microsoft.SourceLink.Bitbucket.Git.GetSourceLinkUrl".
   1:7>Done building target "_InitializeBitbucketGitSourceLinkUrl" in project "Microsoft.Practices.Prism.StoreApps.csproj".
   1:7>Target "_GenerateSourceLinkFile" in file "/usr/lib/dotnet/sdk/8.0.116/Sdks/Microsoft.SourceLink.Common/build/Microsoft.SourceLink.Common.targets" from project "/app/Prism.StoreApps/Microsoft.Practices.Prism.StoreApps.csproj" (target "GenerateSourceLinkFile" depends on it):
       Building target "_GenerateSourceLinkFile" completely.
       No input files were specified.
       Using "Microsoft.SourceLink.Common.GenerateSourceLinkFile" task from assembly "/usr/lib/dotnet/sdk/8.0.116/Sdks/Microsoft.SourceLink.Common/build/../tools/core/Microsoft.SourceLink.Common.dll".
       Task "Microsoft.SourceLink.Common.GenerateSourceLinkFile"
         Updating Source Link file 'obj/Debug/net8.0/Microsoft.Practices.Prism.StoreApps.sourcelink.json'.
       Done executing task "Microsoft.SourceLink.Common.GenerateSourceLinkFile".
   1:7>Done building target "_GenerateSourceLinkFile" in project "Microsoft.Practices.Prism.StoreApps.csproj".
   1:7>Target "GenerateSourceLinkFile" in file "/usr/lib/dotnet/sdk/8.0.116/Sdks/Microsoft.SourceLink.Common/build/Microsoft.SourceLink.Common.targets" from project "/app/Prism.StoreApps/Microsoft.Practices.Prism.StoreApps.csproj" (target "CoreCompile" depends on it):
   1:7>Done building target "GenerateSourceLinkFile" in project "Microsoft.Practices.Prism.StoreApps.csproj".
       Target "GenerateAssemblyInfo" skipped, due to false condition; ('$(GenerateAssemblyInfo)' == 'true') was evaluated as ('false' == 'true').
       Target "GenerateGlobalUsings" skipped, due to false condition; (@(Using->Count()) != 0) was evaluated as (0 != 0).
   1:7>Target "AddGlobalAnalyzerConfigForPackage_MicrosoftCodeAnalysisNetAnalyzers" in file "/usr/lib/dotnet/sdk/8.0.116/Sdks/Microsoft.NET.Sdk/analyzers/build/Microsoft.CodeAnalysis.NetAnalyzers.targets" from project "/app/Prism.StoreApps/Microsoft.Practices.Prism.StoreApps.csproj" (target "CoreCompile" depends on it):
   1:7>Done building target "AddGlobalAnalyzerConfigForPackage_MicrosoftCodeAnalysisNetAnalyzers" in project "Microsoft.Practices.Prism.StoreApps.csproj".
       Target "AddGlobalAnalyzerConfigForPackage_MicrosoftCodeAnalysisNetAnalyzersDesign" skipped, due to false condition; ('$(SkipGlobalAnalyzerConfigForPackage)' != 'true' and ('$(AnalysisLevelDesign)' != '' or '$(AnalysisModeDesign)' != '')) was evaluated as ('' != 'true' and ('' != '' or '' != '')).
       Target "AddGlobalAnalyzerConfigForPackage_MicrosoftCodeAnalysisNetAnalyzersDocumentation" skipped, due to false condition; ('$(SkipGlobalAnalyzerConfigForPackage)' != 'true' and ('$(AnalysisLevelDocumentation)' != '' or '$(AnalysisModeDocumentation)' != '')) was evaluated as ('' != 'true' and ('' != '' or '' != '')).
       Target "AddGlobalAnalyzerConfigForPackage_MicrosoftCodeAnalysisNetAnalyzersGlobalization" skipped, due to false condition; ('$(SkipGlobalAnalyzerConfigForPackage)' != 'true' and ('$(AnalysisLevelGlobalization)' != '' or '$(AnalysisModeGlobalization)' != '')) was evaluated as ('' != 'true' and ('' != '' or '' != '')).
       Target "AddGlobalAnalyzerConfigForPackage_MicrosoftCodeAnalysisNetAnalyzersInteroperability" skipped, due to false condition; ('$(SkipGlobalAnalyzerConfigForPackage)' != 'true' and ('$(AnalysisLevelInteroperability)' != '' or '$(AnalysisModeInteroperability)' != '')) was evaluated as ('' != 'true' and ('' != '' or '' != '')).
       Target "AddGlobalAnalyzerConfigForPackage_MicrosoftCodeAnalysisNetAnalyzersMaintainability" skipped, due to false condition; ('$(SkipGlobalAnalyzerConfigForPackage)' != 'true' and ('$(AnalysisLevelMaintainability)' != '' or '$(AnalysisModeMaintainability)' != '')) was evaluated as ('' != 'true' and ('' != '' or '' != '')).
       Target "AddGlobalAnalyzerConfigForPackage_MicrosoftCodeAnalysisNetAnalyzersNaming" skipped, due to false condition; ('$(SkipGlobalAnalyzerConfigForPackage)' != 'true' and ('$(AnalysisLevelNaming)' != '' or '$(AnalysisModeNaming)' != '')) was evaluated as ('' != 'true' and ('' != '' or '' != '')).
       Target "AddGlobalAnalyzerConfigForPackage_MicrosoftCodeAnalysisNetAnalyzersPerformance" skipped, due to false condition; ('$(SkipGlobalAnalyzerConfigForPackage)' != 'true' and ('$(AnalysisLevelPerformance)' != '' or '$(AnalysisModePerformance)' != '')) was evaluated as ('' != 'true' and ('' != '' or '' != '')).
       Target "AddGlobalAnalyzerConfigForPackage_MicrosoftCodeAnalysisNetAnalyzersReliability" skipped, due to false condition; ('$(SkipGlobalAnalyzerConfigForPackage)' != 'true' and ('$(AnalysisLevelReliability)' != '' or '$(AnalysisModeReliability)' != '')) was evaluated as ('' != 'true' and ('' != '' or '' != '')).
       Target "AddGlobalAnalyzerConfigForPackage_MicrosoftCodeAnalysisNetAnalyzersSecurity" skipped, due to false condition; ('$(SkipGlobalAnalyzerConfigForPackage)' != 'true' and ('$(AnalysisLevelSecurity)' != '' or '$(AnalysisModeSecurity)' != '')) was evaluated as ('' != 'true' and ('' != '' or '' != '')).
       Target "AddGlobalAnalyzerConfigForPackage_MicrosoftCodeAnalysisNetAnalyzersUsage" skipped, due to false condition; ('$(SkipGlobalAnalyzerConfigForPackage)' != 'true' and ('$(AnalysisLevelUsage)' != '' or '$(AnalysisModeUsage)' != '')) was evaluated as ('' != 'true' and ('' != '' or '' != '')).
       Target "_CodeAnalysisTreatWarningsAsErrors" skipped, due to false condition; ('$(DesignTimeBuild)' == 'true' OR '$(BuildingProject)' != 'true') was evaluated as ('' == 'true' OR 'true' != 'true').
   1:7>Target "_ReportUpgradeNetAnalyzersNuGetWarning" in file "/usr/lib/dotnet/sdk/8.0.116/Sdks/Microsoft.NET.Sdk/analyzers/build/Microsoft.CodeAnalysis.NetAnalyzers.targets" from project "/app/Prism.StoreApps/Microsoft.Practices.Prism.StoreApps.csproj" (target "CoreCompile" depends on it):
       Task "Warning" skipped, due to false condition; ('$(_NETAnalyzersNuGetAssemblyVersion)' != '' AND
                                '$(_NETAnalyzersSDKAssemblyVersion)' != '' AND
                                 $(_NETAnalyzersNuGetAssemblyVersion) < $(_NETAnalyzersSDKAssemblyVersion)) was evaluated as ('' != '' AND
                                '8.0.0' != '' AND
                                  < 8.0.0).
   1:7>Done building target "_ReportUpgradeNetAnalyzersNuGetWarning" in project "Microsoft.Practices.Prism.StoreApps.csproj".
   1:7>Target "CoreCompile" in file "/usr/lib/dotnet/sdk/8.0.116/Roslyn/Microsoft.CSharp.Core.targets" from project "/app/Prism.StoreApps/Microsoft.Practices.Prism.StoreApps.csproj" (target "Compile" depends on it):
       Building target "CoreCompile" completely.
       Output file "obj/Debug/net8.0/Microsoft.Practices.Prism.StoreApps.dll" does not exist.
       Task "Csc"
         /usr/lib/dotnet/dotnet exec "/usr/lib/dotnet/sdk/8.0.116/Roslyn/bincore/csc.dll" /noconfig /unsafe- /checked- /nowarn:1701,1702,1701,1702 /fullpaths /nostdlib+ /errorreport:prompt /warn:8 /define:TRACE;DEBUG;NET;NET8_0;NETCOREAPP;NET5_0_OR_GREATER;NET6_0_OR_GREATER;NET7_0_OR_GREATER;NET8_0_OR_GREATER;NETCOREAPP1_0_OR_GREATER;NETCOREAPP1_1_OR_GREATER;NETCOREAPP2_0_OR_GREATER;NETCOREAPP2_1_OR_GREATER;NETCOREAPP2_2_OR_GREATER;NETCOREAPP3_0_OR_GREATER;NETCOREAPP3_1_OR_GREATER /highentropyva+ /reference:/usr/lib/dotnet/packs/Microsoft.NETCore.App.Ref/8.0.16/ref/net8.0/Microsoft.CSharp.dll /reference:/app/Prism.PubSubEvents/obj/Debug/net8.0/ref/Microsoft.Practices.Prism.PubSubEvents.dll /reference:/usr/lib/dotnet/packs/Microsoft.NETCore.App.Ref/8.0.16/ref/net8.0/Microsoft.VisualBasic.Core.dll /reference:/usr/lib/dotnet/packs/Microsoft.NETCore.App.Ref/8.0.16/ref/net8.0/Microsoft.VisualBasic.dll /reference:/usr/lib/dotnet/packs/Microsoft.NETCore.App.Ref/8.0.16/ref/net8.0/Microsoft.Win32.Primitives.dll /reference:/usr/lib/dotnet/packs/Microsoft.NETCore.App.Ref/8.0.16/ref/net8.0/Microsoft.Win32.Registry.dll /reference:/usr/lib/dotnet/packs/Microsoft.NETCore.App.Ref/8.0.16/ref/net8.0/mscorlib.dll /reference:/usr/lib/dotnet/packs/Microsoft.NETCore.App.Ref/8.0.16/ref/net8.0/netstandard.dll /reference:/usr/lib/dotnet/packs/Microsoft.NETCore.App.Ref/8.0.16/ref/net8.0/System.AppContext.dll /reference:/usr/lib/dotnet/packs/Microsoft.NETCore.App.Ref/8.0.16/ref/net8.0/System.Buffers.dll /reference:/usr/lib/dotnet/packs/Microsoft.NETCore.App.Ref/8.0.16/ref/net8.0/System.Collections.Concurrent.dll /reference:/usr/lib/dotnet/packs/Microsoft.NETCore.App.Ref/8.0.16/ref/net8.0/System.Collections.dll /reference:/usr/lib/dotnet/packs/Microsoft.NETCore.App.Ref/8.0.16/ref/net8.0/System.Collections.Immutable.dll /reference:/usr/lib/dotnet/packs/Microsoft.NETCore.App.Ref/8.0.16/ref/net8.0/System.Collections.NonGeneric.dll /reference:/usr/lib/dotnet/packs/Microsoft.NETCore.App.Ref/8.0.16/ref/net8.0/System.Collections.Specialized.dll /reference:/usr/lib/dotnet/packs/Microsoft.NETCore.App.Ref/8.0.16/ref/net8.0/System.ComponentModel.Annotations.dll /reference:/usr/lib/dotnet/packs/Microsoft.NETCore.App.Ref/8.0.16/ref/net8.0/System.ComponentModel.DataAnnotations.dll /reference:/usr/lib/dotnet/packs/Microsoft.NETCore.App.Ref/8.0.16/ref/net8.0/System.ComponentModel.dll /reference:/usr/lib/dotnet/packs/Microsoft.NETCore.App.Ref/8.0.16/ref/net8.0/System.ComponentModel.EventBasedAsync.dll /reference:/usr/lib/dotnet/packs/Microsoft.NETCore.App.Ref/8.0.16/ref/net8.0/System.ComponentModel.Primitives.dll /reference:/usr/lib/dotnet/packs/Microsoft.NETCore.App.Ref/8.0.16/ref/net8.0/System.ComponentModel.TypeConverter.dll /reference:/usr/lib/dotnet/packs/Microsoft.NETCore.App.Ref/8.0.16/ref/net8.0/System.Configuration.dll /reference:/usr/lib/dotnet/packs/Microsoft.NETCore.App.Ref/8.0.16/ref/net8.0/System.Console.dll /reference:/usr/lib/dotnet/packs/Microsoft.NETCore.App.Ref/8.0.16/ref/net8.0/System.Core.dll /reference:/usr/lib/dotnet/packs/Microsoft.NETCore.App.Ref/8.0.16/ref/net8.0/System.Data.Common.dll /reference:/usr/lib/dotnet/packs/Microsoft.NETCore.App.Ref/8.0.16/ref/net8.0/System.Data.DataSetExtensions.dll /reference:/usr/lib/dotnet/packs/Microsoft.NETCore.App.Ref/8.0.16/ref/net8.0/System.Data.dll /reference:/usr/lib/dotnet/packs/Microsoft.NETCore.App.Ref/8.0.16/ref/net8.0/System.Diagnostics.Contracts.dll /reference:/usr/lib/dotnet/packs/Microsoft.NETCore.App.Ref/8.0.16/ref/net8.0/System.Diagnostics.Debug.dll /reference:/usr/lib/dotnet/packs/Microsoft.NETCore.App.Ref/8.0.16/ref/net8.0/System.Diagnostics.DiagnosticSource.dll /reference:/usr/lib/dotnet/packs/Microsoft.NETCore.App.Ref/8.0.16/ref/net8.0/System.Diagnostics.FileVersionInfo.dll /reference:/usr/lib/dotnet/packs/Microsoft.NETCore.App.Ref/8.0.16/ref/net8.0/System.Diagnostics.Process.dll /reference:/usr/lib/dotnet/packs/Microsoft.NETCore.App.Ref/8.0.16/ref/net8.0/System.Diagnostics.StackTrace.dll /reference:/usr/lib/dotnet/packs/Microsoft.NETCore.App.Ref/8.0.16/ref/net8.0/System.Diagnostics.TextWriterTraceListener.dll /reference:/usr/lib/dotnet/packs/Microsoft.NETCore.App.Ref/8.0.16/ref/net8.0/System.Diagnostics.Tools.dll /reference:/usr/lib/dotnet/packs/Microsoft.NETCore.App.Ref/8.0.16/ref/net8.0/System.Diagnostics.TraceSource.dll /reference:/usr/lib/dotnet/packs/Microsoft.NETCore.App.Ref/8.0.16/ref/net8.0/System.Diagnostics.Tracing.dll /reference:/usr/lib/dotnet/packs/Microsoft.NETCore.App.Ref/8.0.16/ref/net8.0/System.dll /reference:/usr/lib/dotnet/packs/Microsoft.NETCore.App.Ref/8.0.16/ref/net8.0/System.Drawing.dll /reference:/usr/lib/dotnet/packs/Microsoft.NETCore.App.Ref/8.0.16/ref/net8.0/System.Drawing.Primitives.dll /reference:/usr/lib/dotnet/packs/Microsoft.NETCore.App.Ref/8.0.16/ref/net8.0/System.Dynamic.Runtime.dll /reference:/usr/lib/dotnet/packs/Microsoft.NETCore.App.Ref/8.0.16/ref/net8.0/System.Formats.Asn1.dll /reference:/usr/lib/dotnet/packs/Microsoft.NETCore.App.Ref/8.0.16/ref/net8.0/System.Formats.Tar.dll /reference:/usr/lib/dotnet/packs/Microsoft.NETCore.App.Ref/8.0.16/ref/net8.0/System.Globalization.Calendars.dll /reference:/usr/lib/dotnet/packs/Microsoft.NETCore.App.Ref/8.0.16/ref/net8.0/System.Globalization.dll /reference:/usr/lib/dotnet/packs/Microsoft.NETCore.App.Ref/8.0.16/ref/net8.0/System.Globalization.Extensions.dll /reference:/usr/lib/dotnet/packs/Microsoft.NETCore.App.Ref/8.0.16/ref/net8.0/System.IO.Compression.Brotli.dll /reference:/usr/lib/dotnet/packs/Microsoft.NETCore.App.Ref/8.0.16/ref/net8.0/System.IO.Compression.dll /reference:/usr/lib/dotnet/packs/Microsoft.NETCore.App.Ref/8.0.16/ref/net8.0/System.IO.Compression.FileSystem.dll /reference:/usr/lib/dotnet/packs/Microsoft.NETCore.App.Ref/8.0.16/ref/net8.0/System.IO.Compression.ZipFile.dll /reference:/usr/lib/dotnet/packs/Microsoft.NETCore.App.Ref/8.0.16/ref/net8.0/System.IO.dll /reference:/usr/lib/dotnet/packs/Microsoft.NETCore.App.Ref/8.0.16/ref/net8.0/System.IO.FileSystem.AccessControl.dll /reference:/usr/lib/dotnet/packs/Microsoft.NETCore.App.Ref/8.0.16/ref/net8.0/System.IO.FileSystem.dll /reference:/usr/lib/dotnet/packs/Microsoft.NETCore.App.Ref/8.0.16/ref/net8.0/System.IO.FileSystem.DriveInfo.dll /reference:/usr/lib/dotnet/packs/Microsoft.NETCore.App.Ref/8.0.16/ref/net8.0/System.IO.FileSystem.Primitives.dll /reference:/usr/lib/dotnet/packs/Microsoft.NETCore.App.Ref/8.0.16/ref/net8.0/System.IO.FileSystem.Watcher.dll /reference:/usr/lib/dotnet/packs/Microsoft.NETCore.App.Ref/8.0.16/ref/net8.0/System.IO.IsolatedStorage.dll /reference:/usr/lib/dotnet/packs/Microsoft.NETCore.App.Ref/8.0.16/ref/net8.0/System.IO.MemoryMappedFiles.dll /reference:/usr/lib/dotnet/packs/Microsoft.NETCore.App.Ref/8.0.16/ref/net8.0/System.IO.Pipes.AccessControl.dll /reference:/usr/lib/dotnet/packs/Microsoft.NETCore.App.Ref/8.0.16/ref/net8.0/System.IO.Pipes.dll /reference:/usr/lib/dotnet/packs/Microsoft.NETCore.App.Ref/8.0.16/ref/net8.0/System.IO.UnmanagedMemoryStream.dll /reference:/usr/lib/dotnet/packs/Microsoft.NETCore.App.Ref/8.0.16/ref/net8.0/System.Linq.dll /reference:/usr/lib/dotnet/packs/Microsoft.NETCore.App.Ref/8.0.16/ref/net8.0/System.Linq.Expressions.dll /reference:/usr/lib/dotnet/packs/Microsoft.NETCore.App.Ref/8.0.16/ref/net8.0/System.Linq.Parallel.dll /reference:/usr/lib/dotnet/packs/Microsoft.NETCore.App.Ref/8.0.16/ref/net8.0/System.Linq.Queryable.dll /reference:/usr/lib/dotnet/packs/Microsoft.NETCore.App.Ref/8.0.16/ref/net8.0/System.Memory.dll /reference:/usr/lib/dotnet/packs/Microsoft.NETCore.App.Ref/8.0.16/ref/net8.0/System.Net.dll /reference:/usr/lib/dotnet/packs/Microsoft.NETCore.App.Ref/8.0.16/ref/net8.0/System.Net.Http.dll /reference:/usr/lib/dotnet/packs/Microsoft.NETCore.App.Ref/8.0.16/ref/net8.0/System.Net.Http.Json.dll /reference:/usr/lib/dotnet/packs/Microsoft.NETCore.App.Ref/8.0.16/ref/net8.0/System.Net.HttpListener.dll /reference:/usr/lib/dotnet/packs/Microsoft.NETCore.App.Ref/8.0.16/ref/net8.0/System.Net.Mail.dll /reference:/usr/lib/dotnet/packs/Microsoft.NETCore.App.Ref/8.0.16/ref/net8.0/System.Net.NameResolution.dll /reference:/usr/lib/dotnet/packs/Microsoft.NETCore.App.Ref/8.0.16/ref/net8.0/System.Net.NetworkInformation.dll /reference:/usr/lib/dotnet/packs/Microsoft.NETCore.App.Ref/8.0.16/ref/net8.0/System.Net.Ping.dll /reference:/usr/lib/dotnet/packs/Microsoft.NETCore.App.Ref/8.0.16/ref/net8.0/System.Net.Primitives.dll /reference:/usr/lib/dotnet/packs/Microsoft.NETCore.App.Ref/8.0.16/ref/net8.0/System.Net.Quic.dll /reference:/usr/lib/dotnet/packs/Microsoft.NETCore.App.Ref/8.0.16/ref/net8.0/System.Net.Requests.dll /reference:/usr/lib/dotnet/packs/Microsoft.NETCore.App.Ref/8.0.16/ref/net8.0/System.Net.Security.dll /reference:/usr/lib/dotnet/packs/Microsoft.NETCore.App.Ref/8.0.16/ref/net8.0/System.Net.ServicePoint.dll /reference:/usr/lib/dotnet/packs/Microsoft.NETCore.App.Ref/8.0.16/ref/net8.0/System.Net.Sockets.dll /reference:/usr/lib/dotnet/packs/Microsoft.NETCore.App.Ref/8.0.16/ref/net8.0/System.Net.WebClient.dll /reference:/usr/lib/dotnet/packs/Microsoft.NETCore.App.Ref/8.0.16/ref/net8.0/System.Net.WebHeaderCollection.dll /reference:/usr/lib/dotnet/packs/Microsoft.NETCore.App.Ref/8.0.16/ref/net8.0/System.Net.WebProxy.dll /reference:/usr/lib/dotnet/packs/Microsoft.NETCore.App.Ref/8.0.16/ref/net8.0/System.Net.WebSockets.Client.dll /reference:/usr/lib/dotnet/packs/Microsoft.NETCore.App.Ref/8.0.16/ref/net8.0/System.Net.WebSockets.dll /reference:/usr/lib/dotnet/packs/Microsoft.NETCore.App.Ref/8.0.16/ref/net8.0/System.Numerics.dll /reference:/usr/lib/dotnet/packs/Microsoft.NETCore.App.Ref/8.0.16/ref/net8.0/System.Numerics.Vectors.dll /reference:/usr/lib/dotnet/packs/Microsoft.NETCore.App.Ref/8.0.16/ref/net8.0/System.ObjectModel.dll /reference:/usr/lib/dotnet/packs/Microsoft.NETCore.App.Ref/8.0.16/ref/net8.0/System.Reflection.DispatchProxy.dll /reference:/usr/lib/dotnet/packs/Microsoft.NETCore.App.Ref/8.0.16/ref/net8.0/System.Reflection.dll /reference:/usr/lib/dotnet/packs/Microsoft.NETCore.App.Ref/8.0.16/ref/net8.0/System.Reflection.Emit.dll /reference:/usr/lib/dotnet/packs/Microsoft.NETCore.App.Ref/8.0.16/ref/net8.0/System.Reflection.Emit.ILGeneration.dll /reference:/usr/lib/dotnet/packs/Microsoft.NETCore.App.Ref/8.0.16/ref/net8.0/System.Reflection.Emit.Lightweight.dll /reference:/usr/lib/dotnet/packs/Microsoft.NETCore.App.Ref/8.0.16/ref/net8.0/System.Reflection.Extensions.dll /reference:/usr/lib/dotnet/packs/Microsoft.NETCore.App.Ref/8.0.16/ref/net8.0/System.Reflection.Metadata.dll /reference:/usr/lib/dotnet/packs/Microsoft.NETCore.App.Ref/8.0.16/ref/net8.0/System.Reflection.Primitives.dll /reference:/usr/lib/dotnet/packs/Microsoft.NETCore.App.Ref/8.0.16/ref/net8.0/System.Reflection.TypeExtensions.dll /reference:/usr/lib/dotnet/packs/Microsoft.NETCore.App.Ref/8.0.16/ref/net8.0/System.Resources.Reader.dll /reference:/usr/lib/dotnet/packs/Microsoft.NETCore.App.Ref/8.0.16/ref/net8.0/System.Resources.ResourceManager.dll /reference:/usr/lib/dotnet/packs/Microsoft.NETCore.App.Ref/8.0.16/ref/net8.0/System.Resources.Writer.dll /reference:/usr/lib/dotnet/packs/Microsoft.NETCore.App.Ref/8.0.16/ref/net8.0/System.Runtime.CompilerServices.Unsafe.dll /reference:/usr/lib/dotnet/packs/Microsoft.NETCore.App.Ref/8.0.16/ref/net8.0/System.Runtime.CompilerServices.VisualC.dll /reference:/usr/lib/dotnet/packs/Microsoft.NETCore.App.Ref/8.0.16/ref/net8.0/System.Runtime.dll /reference:/usr/lib/dotnet/packs/Microsoft.NETCore.App.Ref/8.0.16/ref/net8.0/System.Runtime.Extensions.dll /reference:/usr/lib/dotnet/packs/Microsoft.NETCore.App.Ref/8.0.16/ref/net8.0/System.Runtime.Handles.dll /reference:/usr/lib/dotnet/packs/Microsoft.NETCore.App.Ref/8.0.16/ref/net8.0/System.Runtime.InteropServices.dll /reference:/usr/lib/dotnet/packs/Microsoft.NETCore.App.Ref/8.0.16/ref/net8.0/System.Runtime.InteropServices.JavaScript.dll /reference:/usr/lib/dotnet/packs/Microsoft.NETCore.App.Ref/8.0.16/ref/net8.0/System.Runtime.InteropServices.RuntimeInformation.dll /reference:/usr/lib/dotnet/packs/Microsoft.NETCore.App.Ref/8.0.16/ref/net8.0/System.Runtime.Intrinsics.dll /reference:/usr/lib/dotnet/packs/Microsoft.NETCore.App.Ref/8.0.16/ref/net8.0/System.Runtime.Loader.dll /reference:/usr/lib/dotnet/packs/Microsoft.NETCore.App.Ref/8.0.16/ref/net8.0/System.Runtime.Numerics.dll /reference:/usr/lib/dotnet/packs/Microsoft.NETCore.App.Ref/8.0.16/ref/net8.0/System.Runtime.Serialization.dll /reference:/usr/lib/dotnet/packs/Microsoft.NETCore.App.Ref/8.0.16/ref/net8.0/System.Runtime.Serialization.Formatters.dll /reference:/usr/lib/dotnet/packs/Microsoft.NETCore.App.Ref/8.0.16/ref/net8.0/System.Runtime.Serialization.Json.dll /reference:/usr/lib/dotnet/packs/Microsoft.NETCore.App.Ref/8.0.16/ref/net8.0/System.Runtime.Serialization.Primitives.dll /reference:/usr/lib/dotnet/packs/Microsoft.NETCore.App.Ref/8.0.16/ref/net8.0/System.Runtime.Serialization.Xml.dll /reference:/usr/lib/dotnet/packs/Microsoft.NETCore.App.Ref/8.0.16/ref/net8.0/System.Security.AccessControl.dll /reference:/usr/lib/dotnet/packs/Microsoft.NETCore.App.Ref/8.0.16/ref/net8.0/System.Security.Claims.dll /reference:/usr/lib/dotnet/packs/Microsoft.NETCore.App.Ref/8.0.16/ref/net8.0/System.Security.Cryptography.Algorithms.dll /reference:/usr/lib/dotnet/packs/Microsoft.NETCore.App.Ref/8.0.16/ref/net8.0/System.Security.Cryptography.Cng.dll /reference:/usr/lib/dotnet/packs/Microsoft.NETCore.App.Ref/8.0.16/ref/net8.0/System.Security.Cryptography.Csp.dll /reference:/usr/lib/dotnet/packs/Microsoft.NETCore.App.Ref/8.0.16/ref/net8.0/System.Security.Cryptography.dll /reference:/usr/lib/dotnet/packs/Microsoft.NETCore.App.Ref/8.0.16/ref/net8.0/System.Security.Cryptography.Encoding.dll /reference:/usr/lib/dotnet/packs/Microsoft.NETCore.App.Ref/8.0.16/ref/net8.0/System.Security.Cryptography.OpenSsl.dll /reference:/usr/lib/dotnet/packs/Microsoft.NETCore.App.Ref/8.0.16/ref/net8.0/System.Security.Cryptography.Primitives.dll /reference:/usr/lib/dotnet/packs/Microsoft.NETCore.App.Ref/8.0.16/ref/net8.0/System.Security.Cryptography.X509Certificates.dll /reference:/usr/lib/dotnet/packs/Microsoft.NETCore.App.Ref/8.0.16/ref/net8.0/System.Security.dll /reference:/usr/lib/dotnet/packs/Microsoft.NETCore.App.Ref/8.0.16/ref/net8.0/System.Security.Principal.dll /reference:/usr/lib/dotnet/packs/Microsoft.NETCore.App.Ref/8.0.16/ref/net8.0/System.Security.Principal.Windows.dll /reference:/usr/lib/dotnet/packs/Microsoft.NETCore.App.Ref/8.0.16/ref/net8.0/System.Security.SecureString.dll /reference:/usr/lib/dotnet/packs/Microsoft.NETCore.App.Ref/8.0.16/ref/net8.0/System.ServiceModel.Web.dll /reference:/usr/lib/dotnet/packs/Microsoft.NETCore.App.Ref/8.0.16/ref/net8.0/System.ServiceProcess.dll /reference:/usr/lib/dotnet/packs/Microsoft.NETCore.App.Ref/8.0.16/ref/net8.0/System.Text.Encoding.CodePages.dll /reference:/usr/lib/dotnet/packs/Microsoft.NETCore.App.Ref/8.0.16/ref/net8.0/System.Text.Encoding.dll /reference:/usr/lib/dotnet/packs/Microsoft.NETCore.App.Ref/8.0.16/ref/net8.0/System.Text.Encoding.Extensions.dll /reference:/usr/lib/dotnet/packs/Microsoft.NETCore.App.Ref/8.0.16/ref/net8.0/System.Text.Encodings.Web.dll /reference:/usr/lib/dotnet/packs/Microsoft.NETCore.App.Ref/8.0.16/ref/net8.0/System.Text.Json.dll /reference:/usr/lib/dotnet/packs/Microsoft.NETCore.App.Ref/8.0.16/ref/net8.0/System.Text.RegularExpressions.dll /reference:/usr/lib/dotnet/packs/Microsoft.NETCore.App.Ref/8.0.16/ref/net8.0/System.Threading.Channels.dll /reference:/usr/lib/dotnet/packs/Microsoft.NETCore.App.Ref/8.0.16/ref/net8.0/System.Threading.dll /reference:/usr/lib/dotnet/packs/Microsoft.NETCore.App.Ref/8.0.16/ref/net8.0/System.Threading.Overlapped.dll /reference:/usr/lib/dotnet/packs/Microsoft.NETCore.App.Ref/8.0.16/ref/net8.0/System.Threading.Tasks.Dataflow.dll /reference:/usr/lib/dotnet/packs/Microsoft.NETCore.App.Ref/8.0.16/ref/net8.0/System.Threading.Tasks.dll /reference:/usr/lib/dotnet/packs/Microsoft.NETCore.App.Ref/8.0.16/ref/net8.0/System.Threading.Tasks.Extensions.dll /reference:/usr/lib/dotnet/packs/Microsoft.NETCore.App.Ref/8.0.16/ref/net8.0/System.Threading.Tasks.Parallel.dll /reference:/usr/lib/dotnet/packs/Microsoft.NETCore.App.Ref/8.0.16/ref/net8.0/System.Threading.Thread.dll /reference:/usr/lib/dotnet/packs/Microsoft.NETCore.App.Ref/8.0.16/ref/net8.0/System.Threading.ThreadPool.dll /reference:/usr/lib/dotnet/packs/Microsoft.NETCore.App.Ref/8.0.16/ref/net8.0/System.Threading.Timer.dll /reference:/usr/lib/dotnet/packs/Microsoft.NETCore.App.Ref/8.0.16/ref/net8.0/System.Transactions.dll /reference:/usr/lib/dotnet/packs/Microsoft.NETCore.App.Ref/8.0.16/ref/net8.0/System.Transactions.Local.dll /reference:/usr/lib/dotnet/packs/Microsoft.NETCore.App.Ref/8.0.16/ref/net8.0/System.ValueTuple.dll /reference:/usr/lib/dotnet/packs/Microsoft.NETCore.App.Ref/8.0.16/ref/net8.0/System.Web.dll /reference:/usr/lib/dotnet/packs/Microsoft.NETCore.App.Ref/8.0.16/ref/net8.0/System.Web.HttpUtility.dll /reference:/usr/lib/dotnet/packs/Microsoft.NETCore.App.Ref/8.0.16/ref/net8.0/System.Windows.dll /reference:/usr/lib/dotnet/packs/Microsoft.NETCore.App.Ref/8.0.16/ref/net8.0/System.Xml.dll /reference:/usr/lib/dotnet/packs/Microsoft.NETCore.App.Ref/8.0.16/ref/net8.0/System.Xml.Linq.dll /reference:/usr/lib/dotnet/packs/Microsoft.NETCore.App.Ref/8.0.16/ref/net8.0/System.Xml.ReaderWriter.dll /reference:/usr/lib/dotnet/packs/Microsoft.NETCore.App.Ref/8.0.16/ref/net8.0/System.Xml.Serialization.dll /reference:/usr/lib/dotnet/packs/Microsoft.NETCore.App.Ref/8.0.16/ref/net8.0/System.Xml.XDocument.dll /reference:/usr/lib/dotnet/packs/Microsoft.NETCore.App.Ref/8.0.16/ref/net8.0/System.Xml.XmlDocument.dll /reference:/usr/lib/dotnet/packs/Microsoft.NETCore.App.Ref/8.0.16/ref/net8.0/System.Xml.XmlSerializer.dll /reference:/usr/lib/dotnet/packs/Microsoft.NETCore.App.Ref/8.0.16/ref/net8.0/System.Xml.XPath.dll /reference:/usr/lib/dotnet/packs/Microsoft.NETCore.App.Ref/8.0.16/ref/net8.0/System.Xml.XPath.XDocument.dll /reference:/usr/lib/dotnet/packs/Microsoft.NETCore.App.Ref/8.0.16/ref/net8.0/WindowsBase.dll /debug+ /debug:portable /filealign:512 /optimize- /out:obj/Debug/net8.0/Microsoft.Practices.Prism.StoreApps.dll /refout:obj/Debug/net8.0/refint/Microsoft.Practices.Prism.StoreApps.dll /target:library /warnaserror- /utf8output /deterministic+ /sourcelink:obj/Debug/net8.0/Microsoft.Practices.Prism.StoreApps.sourcelink.json /langversion:12.0 /embed:"obj/Debug/net8.0/.NETCoreApp,Version=v8.0.AssemblyAttributes.cs" /analyzerconfig:obj/Debug/net8.0/Microsoft.Practices.Prism.StoreApps.GeneratedMSBuildEditorConfig.editorconfig /analyzerconfig:/usr/lib/dotnet/sdk/8.0.116/Sdks/Microsoft.NET.Sdk/analyzers/build/config/analysislevel_8_default.globalconfig /analyzer:/usr/lib/dotnet/sdk/8.0.116/Sdks/Microsoft.NET.Sdk/targets/../analyzers/Microsoft.CodeAnalysis.CSharp.NetAnalyzers.dll /analyzer:/usr/lib/dotnet/sdk/8.0.116/Sdks/Microsoft.NET.Sdk/targets/../analyzers/Microsoft.CodeAnalysis.NetAnalyzers.dll /analyzer:/usr/lib/dotnet/packs/Microsoft.NETCore.App.Ref/8.0.16/analyzers/dotnet/cs/Microsoft.Interop.ComInterfaceGenerator.dll /analyzer:/usr/lib/dotnet/packs/Microsoft.NETCore.App.Ref/8.0.16/analyzers/dotnet/cs/Microsoft.Interop.JavaScript.JSImportGenerator.dll /analyzer:/usr/lib/dotnet/packs/Microsoft.NETCore.App.Ref/8.0.16/analyzers/dotnet/cs/Microsoft.Interop.LibraryImportGenerator.dll /analyzer:/usr/lib/dotnet/packs/Microsoft.NETCore.App.Ref/8.0.16/analyzers/dotnet/cs/Microsoft.Interop.SourceGeneration.dll /analyzer:/usr/lib/dotnet/packs/Microsoft.NETCore.App.Ref/8.0.16/analyzers/dotnet/cs/System.Text.Json.SourceGeneration.dll /analyzer:/usr/lib/dotnet/packs/Microsoft.NETCore.App.Ref/8.0.16/analyzers/dotnet/cs/System.Text.RegularExpressions.Generator.dll AppManifestHelper.cs BindableBase.cs BindableValidator.cs Constants.cs DelegateCommand.cs DelegateCommandBase.cs FrameFacadeAdapter.cs FrameNavigationService.cs GlobalSuppressions.cs Interfaces/ICredentialStore.cs Interfaces/IFlyoutViewModel.cs Interfaces/IFrameFacade.cs Interfaces/INavigationAware.cs Interfaces/INavigationService.cs Interfaces/IResourceLoader.cs Interfaces/ISearchPaneService.cs Interfaces/ISessionStateService.cs Interfaces/IValidatableBindableBase.cs MvvmAppBase.cs MvvmNavigatedEventArgs.cs Properties/AssemblyInfo.cs ResourceLoaderAdapter.cs RestorableStateAttribute.cs SearchPaneService.cs SearchQueryArguments.cs SessionStateService.cs ValidatableBindableBase.cs ViewModel.cs ViewModelLocator.cs VisualStateAwarePage.cs "obj/Debug/net8.0/.NETCoreApp,Version=v8.0.AssemblyAttributes.cs" /warnaserror+:NU1605,SYSLIB0011
         Microsoft (R) Visual C# Compiler version 4.8.0-7.25056.18 (a77b6e41)
         Copyright (C) Microsoft Corporation. All rights reserved.
   1:7>/app/Prism.StoreApps/BindableValidator.cs(11,7): error CS0246: The type or namespace name 'Windows' could not be found (are you missing a using directive or an assembly reference?) [/app/Prism.StoreApps/Microsoft.Practices.Prism.StoreApps.csproj]
   1:7>/app/Prism.StoreApps/ViewModel.cs(7,7): error CS0246: The type or namespace name 'Windows' could not be found (are you missing a using directive or an assembly reference?) [/app/Prism.StoreApps/Microsoft.Practices.Prism.StoreApps.csproj]
   1:7>/app/Prism.StoreApps/ViewModelLocator.cs(7,7): error CS0246: The type or namespace name 'Windows' could not be found (are you missing a using directive or an assembly reference?) [/app/Prism.StoreApps/Microsoft.Practices.Prism.StoreApps.csproj]
   1:7>/app/Prism.StoreApps/Interfaces/ICredentialStore.cs(10,9): error CS0246: The type or namespace name 'PasswordCredential' could not be found (are you missing a using directive or an assembly reference?) [/app/Prism.StoreApps/Microsoft.Practices.Prism.StoreApps.csproj]
   1:7>/app/Prism.StoreApps/ViewModel.cs(13,71): error CS0246: The type or namespace name 'NavigationMode' could not be found (are you missing a using directive or an assembly reference?) [/app/Prism.StoreApps/Microsoft.Practices.Prism.StoreApps.csproj]
   1:7>/app/Prism.StoreApps/ViewModel.cs(11,44): error CS0535: 'ViewModel' does not implement interface member 'INavigationAware.OnNavigatedTo(object, string, Dictionary<string, object>)' [/app/Prism.StoreApps/Microsoft.Practices.Prism.StoreApps.csproj]
   1:7>/app/Prism.StoreApps/ViewModelLocator.cs(44,49): error CS0246: The type or namespace name 'DependencyObject' could not be found (are you missing a using directive or an assembly reference?) [/app/Prism.StoreApps/Microsoft.Practices.Prism.StoreApps.csproj]
   1:7>/app/Prism.StoreApps/ViewModelLocator.cs(53,49): error CS0246: The type or namespace name 'DependencyObject' could not be found (are you missing a using directive or an assembly reference?) [/app/Prism.StoreApps/Microsoft.Practices.Prism.StoreApps.csproj]
   1:7>/app/Prism.StoreApps/ViewModelLocator.cs(63,54): error CS0246: The type or namespace name 'DependencyObject' could not be found (are you missing a using directive or an assembly reference?) [/app/Prism.StoreApps/Microsoft.Practices.Prism.StoreApps.csproj]
   1:7>/app/Prism.StoreApps/ViewModelLocator.cs(63,74): error CS0246: The type or namespace name 'DependencyPropertyChangedEventArgs' could not be found (are you missing a using directive or an assembly reference?) [/app/Prism.StoreApps/Microsoft.Practices.Prism.StoreApps.csproj]
   1:7>/app/Prism.StoreApps/ViewModelLocator.cs(79,51): error CS0246: The type or namespace name 'FrameworkElement' could not be found (are you missing a using directive or an assembly reference?) [/app/Prism.StoreApps/Microsoft.Practices.Prism.StoreApps.csproj]
   1:7>/app/Prism.StoreApps/ViewModelLocator.cs(40,23): error CS0246: The type or namespace name 'DependencyProperty' could not be found (are you missing a using directive or an assembly reference?) [/app/Prism.StoreApps/Microsoft.Practices.Prism.StoreApps.csproj]
         CompilerServer: server - server processed compilation - 46610693-3e4f-42a5-b9a7-84ad56ff9808
       Done executing task "Csc" -- FAILED.
   1:7>Done building target "CoreCompile" in project "Microsoft.Practices.Prism.StoreApps.csproj" -- FAILED.
   1:7>Target "_CheckForCompileOutputs" in file "/usr/lib/dotnet/sdk/8.0.116/Microsoft.Common.CurrentVersion.targets" from project "/app/Prism.StoreApps/Microsoft.Practices.Prism.StoreApps.csproj" (target "_CleanGetCurrentAndPriorFileWrites" depends on it):
   1:7>Done building target "_CheckForCompileOutputs" in project "Microsoft.Practices.Prism.StoreApps.csproj".
       Target "_SGenCheckForOutputs" skipped, due to false condition; ('$(_SGenGenerateSerializationAssembliesConfig)' == 'On' or ('@(WebReferenceUrl)'!='' and '$(_SGenGenerateSerializationAssembliesConfig)' == 'Auto')) was evaluated as ('Off' == 'On' or (''!='' and 'Off' == 'Auto')).
   1:7>Target "_CleanGetCurrentAndPriorFileWrites" in file "/usr/lib/dotnet/sdk/8.0.116/Microsoft.Common.CurrentVersion.targets" from project "/app/Prism.StoreApps/Microsoft.Practices.Prism.StoreApps.csproj" (target "_CleanRecordFileWrites" depends on it):
       Task "ReadLinesFromFile"
       Done executing task "ReadLinesFromFile".
       Task "ConvertToAbsolutePath"
       Done executing task "ConvertToAbsolutePath".
       Task "FindUnderPath"
         Comparison path is "/app/Prism.StoreApps".
       Done executing task "FindUnderPath".
       Task "FindUnderPath"
         Comparison path is "bin/Debug/net8.0/".
       Done executing task "FindUnderPath".
       Task "FindUnderPath"
         Comparison path is "obj/Debug/net8.0/".
       Done executing task "FindUnderPath".
       Task "RemoveDuplicates"
       Done executing task "RemoveDuplicates".
   1:7>Done building target "_CleanGetCurrentAndPriorFileWrites" in project "Microsoft.Practices.Prism.StoreApps.csproj".
   1:7>Target "_CleanRecordFileWrites" in file "/usr/lib/dotnet/sdk/8.0.116/Microsoft.Common.CurrentVersion.targets" from project "/app/Prism.StoreApps/Microsoft.Practices.Prism.StoreApps.csproj" (target "CoreBuild" depends on it):
       Task "RemoveDuplicates"
       Done executing task "RemoveDuplicates".
       Task "MakeDir"
       Done executing task "MakeDir".
       Task "WriteLinesToFile"
       Done executing task "WriteLinesToFile".
   1:7>Done building target "_CleanRecordFileWrites" in project "Microsoft.Practices.Prism.StoreApps.csproj".
   1:7>Done Building Project "/app/Prism.StoreApps/Microsoft.Practices.Prism.StoreApps.csproj" (default targets) -- FAILED.

Build FAILED.

       "/app/Prism.StoreApps/Microsoft.Practices.Prism.StoreApps.csproj" (default target) (1:7) ->
       (CoreCompile target) ->
         /app/Prism.StoreApps/BindableValidator.cs(11,7): error CS0246: The type or namespace name 'Windows' could not be found (are you missing a using directive or an assembly reference?) [/app/Prism.StoreApps/Microsoft.Practices.Prism.StoreApps.csproj]
         /app/Prism.StoreApps/ViewModel.cs(7,7): error CS0246: The type or namespace name 'Windows' could not be found (are you missing a using directive or an assembly reference?) [/app/Prism.StoreApps/Microsoft.Practices.Prism.StoreApps.csproj]
         /app/Prism.StoreApps/ViewModelLocator.cs(7,7): error CS0246: The type or namespace name 'Windows' could not be found (are you missing a using directive or an assembly reference?) [/app/Prism.StoreApps/Microsoft.Practices.Prism.StoreApps.csproj]
         /app/Prism.StoreApps/Interfaces/ICredentialStore.cs(10,9): error CS0246: The type or namespace name 'PasswordCredential' could not be found (are you missing a using directive or an assembly reference?) [/app/Prism.StoreApps/Microsoft.Practices.Prism.StoreApps.csproj]
         /app/Prism.StoreApps/ViewModel.cs(13,71): error CS0246: The type or namespace name 'NavigationMode' could not be found (are you missing a using directive or an assembly reference?) [/app/Prism.StoreApps/Microsoft.Practices.Prism.StoreApps.csproj]
         /app/Prism.StoreApps/ViewModel.cs(11,44): error CS0535: 'ViewModel' does not implement interface member 'INavigationAware.OnNavigatedTo(object, string, Dictionary<string, object>)' [/app/Prism.StoreApps/Microsoft.Practices.Prism.StoreApps.csproj]
         /app/Prism.StoreApps/ViewModelLocator.cs(44,49): error CS0246: The type or namespace name 'DependencyObject' could not be found (are you missing a using directive or an assembly reference?) [/app/Prism.StoreApps/Microsoft.Practices.Prism.StoreApps.csproj]
         /app/Prism.StoreApps/ViewModelLocator.cs(53,49): error CS0246: The type or namespace name 'DependencyObject' could not be found (are you missing a using directive or an assembly reference?) [/app/Prism.StoreApps/Microsoft.Practices.Prism.StoreApps.csproj]
         /app/Prism.StoreApps/ViewModelLocator.cs(63,54): error CS0246: The type or namespace name 'DependencyObject' could not be found (are you missing a using directive or an assembly reference?) [/app/Prism.StoreApps/Microsoft.Practices.Prism.StoreApps.csproj]
         /app/Prism.StoreApps/ViewModelLocator.cs(63,74): error CS0246: The type or namespace name 'DependencyPropertyChangedEventArgs' could not be found (are you missing a using directive or an assembly reference?) [/app/Prism.StoreApps/Microsoft.Practices.Prism.StoreApps.csproj]
         /app/Prism.StoreApps/ViewModelLocator.cs(79,51): error CS0246: The type or namespace name 'FrameworkElement' could not be found (are you missing a using directive or an assembly reference?) [/app/Prism.StoreApps/Microsoft.Practices.Prism.StoreApps.csproj]
         /app/Prism.StoreApps/ViewModelLocator.cs(40,23): error CS0246: The type or namespace name 'DependencyProperty' could not be found (are you missing a using directive or an assembly reference?) [/app/Prism.StoreApps/Microsoft.Practices.Prism.StoreApps.csproj]

    0 Warning(s)
    12 Error(s)

Time Elapsed 00:00:05.17
